[
{
  "fields": {
    "username": "admin",
    "first_name": "Admin",
    "last_name": "The Superuser",
    "is_active": true,
    "is_superuser": true,
    "is_staff": true,
    "last_login": "2015-12-04T12:12:47.476Z",
    "groups": [],
    "user_permissions": [],
    "password": "pbkdf2_sha256$15000$gk3Yqj4TfeS2$/X177yKsuf/URinEJ4oWPWg4f/U9ng8jXo94YxG75vg=",
    "email": "admin@example.com",
    "date_joined": "2015-10-16T13:01:57.437Z"
  },
  "model": "email_auth.user",
  "pk": 1
},
{
  "fields": {
    "clipboard": 1,
    "user": 1,
    "language": "en"
  },
  "model": "cms.usersettings",
  "pk": 1
},
{
  "fields": {
    "slot": "clipboard",
    "default_width": null
  },
  "model": "cms.placeholder",
  "pk": 1
},
{
  "fields": {
    "slot": "Static Footer",
    "default_width": null
  },
  "model": "cms.placeholder",
  "pk": 6
},
{
  "fields": {
    "slot": "Static Footer",
    "default_width": null
  },
  "model": "cms.placeholder",
  "pk": 7
},
{
  "fields": {
    "slot": "Product Detail",
    "default_width": null
  },
  "model": "cms.placeholder",
  "pk": 8
},
{
  "fields": {
    "slot": "Product Detail",
    "default_width": null
  },
  "model": "cms.placeholder",
  "pk": 9
},
{
  "fields": {
    "slot": "Product Detail",
    "default_width": null
  },
  "model": "cms.placeholder",
  "pk": 10
},
{
  "fields": {
    "slot": "Product Detail",
    "default_width": null
  },
  "model": "cms.placeholder",
  "pk": 11
},
{
  "fields": {
    "slot": "Product Detail",
    "default_width": null
  },
  "model": "cms.placeholder",
  "pk": 12
},
{
  "fields": {
    "slot": "Breadcrumb",
    "default_width": null
  },
  "model": "cms.placeholder",
  "pk": 13
},
{
  "fields": {
    "slot": "Main Content Container",
    "default_width": null
  },
  "model": "cms.placeholder",
  "pk": 14
},
{
  "fields": {
    "slot": "Breadcrumb",
    "default_width": null
  },
  "model": "cms.placeholder",
  "pk": 15
},
{
  "fields": {
    "slot": "Main Content Container",
    "default_width": null
  },
  "model": "cms.placeholder",
  "pk": 16
},
{
  "fields": {
    "slot": "Product Detail",
    "default_width": null
  },
  "model": "cms.placeholder",
  "pk": 17
},
{
  "fields": {
    "slot": "Breadcrumb",
    "default_width": null
  },
  "model": "cms.placeholder",
  "pk": 18
},
{
  "fields": {
    "slot": "Main Content Container",
    "default_width": null
  },
  "model": "cms.placeholder",
  "pk": 19
},
{
  "fields": {
    "slot": "Breadcrumb",
    "default_width": null
  },
  "model": "cms.placeholder",
  "pk": 20
},
{
  "fields": {
    "slot": "Main Content Container",
    "default_width": null
  },
  "model": "cms.placeholder",
  "pk": 21
},
{
  "fields": {
    "slot": "Breadcrumb",
    "default_width": null
  },
  "model": "cms.placeholder",
  "pk": 22
},
{
  "fields": {
    "slot": "Main Content Container",
    "default_width": null
  },
  "model": "cms.placeholder",
  "pk": 23
},
{
  "fields": {
    "slot": "Breadcrumb",
    "default_width": null
  },
  "model": "cms.placeholder",
  "pk": 24
},
{
  "fields": {
    "slot": "Main Content Container",
    "default_width": null
  },
  "model": "cms.placeholder",
  "pk": 25
},
{
  "fields": {
    "slot": "Breadcrumb",
    "default_width": null
  },
  "model": "cms.placeholder",
  "pk": 26
},
{
  "fields": {
    "slot": "Main Content Container",
    "default_width": null
  },
  "model": "cms.placeholder",
  "pk": 27
},
{
  "fields": {
    "slot": "Breadcrumb",
    "default_width": null
  },
  "model": "cms.placeholder",
  "pk": 28
},
{
  "fields": {
    "slot": "Main Content Container",
    "default_width": null
  },
  "model": "cms.placeholder",
  "pk": 29
},
{
  "fields": {
    "slot": "Breadcrumb",
    "default_width": null
  },
  "model": "cms.placeholder",
  "pk": 30
},
{
  "fields": {
    "slot": "Main Content Container",
    "default_width": null
  },
  "model": "cms.placeholder",
  "pk": 31
},
{
  "fields": {
    "slot": "Breadcrumb",
    "default_width": null
  },
  "model": "cms.placeholder",
  "pk": 32
},
{
  "fields": {
    "slot": "Main Content Container",
    "default_width": null
  },
  "model": "cms.placeholder",
  "pk": 33
},
{
  "fields": {
    "slot": "Breadcrumb",
    "default_width": null
  },
  "model": "cms.placeholder",
  "pk": 34
},
{
  "fields": {
    "slot": "Main Content Container",
    "default_width": null
  },
  "model": "cms.placeholder",
  "pk": 35
},
{
  "fields": {
    "slot": "Breadcrumb",
    "default_width": null
  },
  "model": "cms.placeholder",
  "pk": 36
},
{
  "fields": {
    "slot": "Main Content Container",
    "default_width": null
  },
  "model": "cms.placeholder",
  "pk": 37
},
{
  "fields": {
    "slot": "Breadcrumb",
    "default_width": null
  },
  "model": "cms.placeholder",
  "pk": 38
},
{
  "fields": {
    "slot": "Main Content Container",
    "default_width": null
  },
  "model": "cms.placeholder",
  "pk": 39
},
{
  "fields": {
    "slot": "Breadcrumb",
    "default_width": null
  },
  "model": "cms.placeholder",
  "pk": 40
},
{
  "fields": {
    "slot": "Main Content Container",
    "default_width": null
  },
  "model": "cms.placeholder",
  "pk": 41
},
{
  "fields": {
    "slot": "Product Detail",
    "default_width": null
  },
  "model": "cms.placeholder",
  "pk": 42
},
{
  "fields": {
    "slot": "Product Detail",
    "default_width": null
  },
  "model": "cms.placeholder",
  "pk": 43
},
{
  "fields": {
    "slot": "Product Detail",
    "default_width": null
  },
  "model": "cms.placeholder",
  "pk": 44
},
{
  "fields": {
    "slot": "Breadcrumb",
    "default_width": null
  },
  "model": "cms.placeholder",
  "pk": 45
},
{
  "fields": {
    "slot": "Main Content Container",
    "default_width": null
  },
  "model": "cms.placeholder",
  "pk": 46
},
{
  "fields": {
    "slot": "Breadcrumb",
    "default_width": null
  },
  "model": "cms.placeholder",
  "pk": 47
},
{
  "fields": {
    "slot": "Main Content Container",
    "default_width": null
  },
  "model": "cms.placeholder",
  "pk": 48
},
{
  "fields": {
    "slot": "Breadcrumb",
    "default_width": null
  },
  "model": "cms.placeholder",
  "pk": 49
},
{
  "fields": {
    "slot": "Main Content Container",
    "default_width": null
  },
  "model": "cms.placeholder",
  "pk": 50
},
{
  "fields": {
    "slot": "Breadcrumb",
    "default_width": null
  },
  "model": "cms.placeholder",
  "pk": 51
},
{
  "fields": {
    "slot": "Main Content Container",
    "default_width": null
  },
  "model": "cms.placeholder",
  "pk": 52
},
{
  "fields": {
    "slot": "Breadcrumb",
    "default_width": null
  },
  "model": "cms.placeholder",
  "pk": 53
},
{
  "fields": {
    "slot": "Main Content Container",
    "default_width": null
  },
  "model": "cms.placeholder",
  "pk": 54
},
{
  "fields": {
    "slot": "Breadcrumb",
    "default_width": null
  },
  "model": "cms.placeholder",
  "pk": 55
},
{
  "fields": {
    "slot": "Main Content Container",
    "default_width": null
  },
  "model": "cms.placeholder",
  "pk": 56
},
{
  "fields": {
    "slot": "blueprint",
    "default_width": null
  },
  "model": "cms.placeholder",
  "pk": 57
},
{
  "fields": {
    "changed_date": "2015-11-13T09:20:53.470Z",
    "language": "de",
    "parent": null,
    "numchild": 1,
    "creation_date": "2015-11-01T00:05:30.475Z",
    "depth": 1,
    "position": 0,
    "path": "000L",
    "placeholder": 14,
    "plugin_type": "BootstrapRowPlugin"
  },
  "model": "cms.cmsplugin",
  "pk": 11
},
{
  "fields": {
    "changed_date": "2015-11-13T09:20:47.385Z",
    "language": "de",
    "parent": 11,
    "numchild": 1,
    "creation_date": "2015-11-01T00:05:36.180Z",
    "depth": 2,
    "position": 0,
    "path": "000L0001",
    "placeholder": 14,
    "plugin_type": "BootstrapColumnPlugin"
  },
  "model": "cms.cmsplugin",
  "pk": 12
},
{
  "fields": {
    "changed_date": "2015-11-13T09:20:47.395Z",
    "language": "de",
    "parent": 12,
    "numchild": 0,
    "creation_date": "2015-11-02T14:46:52.664Z",
    "depth": 3,
    "position": 0,
    "path": "000L00010001",
    "placeholder": 14,
    "plugin_type": "ShopCartPlugin"
  },
  "model": "cms.cmsplugin",
  "pk": 16
},
{
  "fields": {
    "changed_date": "2015-11-13T09:20:53.503Z",
    "language": "de",
    "parent": null,
    "numchild": 2,
    "creation_date": "2015-11-03T10:32:50.862Z",
    "depth": 1,
    "position": 1,
    "path": "000M",
    "placeholder": 14,
    "plugin_type": "BootstrapRowPlugin"
  },
  "model": "cms.cmsplugin",
  "pk": 21
},
{
  "fields": {
    "changed_date": "2015-11-13T09:20:53.423Z",
    "language": "de",
    "parent": 21,
    "numchild": 1,
    "creation_date": "2015-11-03T10:32:56.109Z",
    "depth": 2,
    "position": 0,
    "path": "000M0001",
    "placeholder": 14,
    "plugin_type": "BootstrapColumnPlugin"
  },
  "model": "cms.cmsplugin",
  "pk": 22
},
{
  "fields": {
    "changed_date": "2015-11-13T09:20:53.441Z",
    "language": "de",
    "parent": 21,
    "numchild": 1,
    "creation_date": "2015-11-03T10:32:56.205Z",
    "depth": 2,
    "position": 1,
    "path": "000M0002",
    "placeholder": 14,
    "plugin_type": "BootstrapColumnPlugin"
  },
  "model": "cms.cmsplugin",
  "pk": 23
},
{
  "fields": {
    "changed_date": "2015-11-29T11:58:48.738Z",
    "language": "de",
    "parent": 22,
    "numchild": 0,
    "creation_date": "2015-11-03T10:46:46.928Z",
    "depth": 3,
    "position": 0,
    "path": "000M00010001",
    "placeholder": 14,
    "plugin_type": "BootstrapButtonPlugin"
  },
  "model": "cms.cmsplugin",
  "pk": 25
},
{
  "fields": {
    "changed_date": "2015-11-03T11:52:03.644Z",
    "language": "de",
    "parent": null,
    "numchild": 2,
    "creation_date": "2015-11-03T11:51:58.053Z",
    "depth": 1,
    "position": 0,
    "path": "0005",
    "placeholder": 19,
    "plugin_type": "SimpleWrapperPlugin"
  },
  "model": "cms.cmsplugin",
  "pk": 34
},
{
  "fields": {
    "changed_date": "2015-11-03T11:52:43.427Z",
    "language": "de",
    "parent": 34,
    "numchild": 1,
    "creation_date": "2015-11-03T11:52:31.490Z",
    "depth": 2,
    "position": 0,
    "path": "00050001",
    "placeholder": 19,
    "plugin_type": "SegmentPlugin"
  },
  "model": "cms.cmsplugin",
  "pk": 35
},
{
  "fields": {
    "changed_date": "2015-11-03T11:53:03.305Z",
    "language": "de",
    "parent": 34,
    "numchild": 1,
    "creation_date": "2015-11-03T11:52:57.955Z",
    "depth": 2,
    "position": 1,
    "path": "00050002",
    "placeholder": 19,
    "plugin_type": "SegmentPlugin"
  },
  "model": "cms.cmsplugin",
  "pk": 36
},
{
  "fields": {
    "changed_date": "2015-11-03T12:00:27.189Z",
    "language": "de",
    "parent": 35,
    "numchild": 1,
    "creation_date": "2015-11-03T12:00:22.464Z",
    "depth": 3,
    "position": 0,
    "path": "000500010001",
    "placeholder": 19,
    "plugin_type": "BootstrapRowPlugin"
  },
  "model": "cms.cmsplugin",
  "pk": 40
},
{
  "fields": {
    "changed_date": "2015-11-03T12:39:39.339Z",
    "language": "de",
    "parent": 40,
    "numchild": 1,
    "creation_date": "2015-11-03T12:00:27.233Z",
    "depth": 4,
    "position": 0,
    "path": "0005000100010001",
    "placeholder": 19,
    "plugin_type": "BootstrapColumnPlugin"
  },
  "model": "cms.cmsplugin",
  "pk": 41
},
{
  "fields": {
    "changed_date": "2015-11-03T12:01:57.057Z",
    "language": "de",
    "parent": 41,
    "numchild": 3,
    "creation_date": "2015-11-03T12:01:52.087Z",
    "depth": 5,
    "position": 0,
    "path": "00050001000100010001",
    "placeholder": 19,
    "plugin_type": "ProcessBarPlugin"
  },
  "model": "cms.cmsplugin",
  "pk": 42
},
{
  "fields": {
    "changed_date": "2015-11-03T12:01:57.129Z",
    "language": "de",
    "parent": 42,
    "numchild": 3,
    "creation_date": "2015-11-03T12:01:57.069Z",
    "depth": 6,
    "position": 0,
    "path": "000500010001000100010001",
    "placeholder": 19,
    "plugin_type": "ProcessStepPlugin"
  },
  "model": "cms.cmsplugin",
  "pk": 43
},
{
  "fields": {
    "changed_date": "2015-11-03T12:01:57.207Z",
    "language": "de",
    "parent": 42,
    "numchild": 3,
    "creation_date": "2015-11-03T12:01:57.141Z",
    "depth": 6,
    "position": 1,
    "path": "000500010001000100010002",
    "placeholder": 19,
    "plugin_type": "ProcessStepPlugin"
  },
  "model": "cms.cmsplugin",
  "pk": 44
},
{
  "fields": {
    "changed_date": "2015-11-03T15:48:45.622Z",
    "language": "de",
    "parent": 42,
    "numchild": 6,
    "creation_date": "2015-11-03T12:01:57.216Z",
    "depth": 6,
    "position": 2,
    "path": "000500010001000100010003",
    "placeholder": 19,
    "plugin_type": "ProcessStepPlugin"
  },
  "model": "cms.cmsplugin",
  "pk": 45
},
{
  "fields": {
    "changed_date": "2015-11-03T12:05:01.922Z",
    "language": "de",
    "parent": 43,
    "numchild": 1,
    "creation_date": "2015-11-03T12:03:13.411Z",
    "depth": 7,
    "position": 0,
    "path": "0005000100010001000100010001",
    "placeholder": 19,
    "plugin_type": "SegmentPlugin"
  },
  "model": "cms.cmsplugin",
  "pk": 46
},
{
  "fields": {
    "changed_date": "2015-11-03T12:03:45.815Z",
    "language": "de",
    "parent": 43,
    "numchild": 1,
    "creation_date": "2015-11-03T12:03:40.516Z",
    "depth": 7,
    "position": 1,
    "path": "0005000100010001000100010002",
    "placeholder": 19,
    "plugin_type": "SegmentPlugin"
  },
  "model": "cms.cmsplugin",
  "pk": 47
},
{
  "fields": {
    "changed_date": "2015-11-03T12:04:43.217Z",
    "language": "de",
    "parent": 47,
    "numchild": 0,
    "creation_date": "2015-11-03T12:04:17.682Z",
    "depth": 8,
    "position": 0,
    "path": "00050001000100010001000100020001",
    "placeholder": 19,
    "plugin_type": "GuestFormPlugin"
  },
  "model": "cms.cmsplugin",
  "pk": 48
},
{
  "fields": {
    "changed_date": "2015-11-03T12:05:37.599Z",
    "language": "de",
    "parent": 46,
    "numchild": 0,
    "creation_date": "2015-11-03T12:05:35.165Z",
    "depth": 8,
    "position": 0,
    "path": "00050001000100010001000100010001",
    "placeholder": 19,
    "plugin_type": "CustomerFormPlugin"
  },
  "model": "cms.cmsplugin",
  "pk": 49
},
{
  "fields": {
    "changed_date": "2015-11-03T12:06:41.610Z",
    "language": "de",
    "parent": 43,
    "numchild": 0,
    "creation_date": "2015-11-03T12:06:29.969Z",
    "depth": 7,
    "position": 2,
    "path": "0005000100010001000100010003",
    "placeholder": 19,
    "plugin_type": "ProcessNextStepPlugin"
  },
  "model": "cms.cmsplugin",
  "pk": 50
},
{
  "fields": {
    "changed_date": "2015-11-03T12:07:48.050Z",
    "language": "de",
    "parent": 44,
    "numchild": 0,
    "creation_date": "2015-11-03T12:07:45.248Z",
    "depth": 7,
    "position": 0,
    "path": "0005000100010001000100020001",
    "placeholder": 19,
    "plugin_type": "ShippingAddressFormPlugin"
  },
  "model": "cms.cmsplugin",
  "pk": 52
},
{
  "fields": {
    "changed_date": "2015-11-03T12:08:18.992Z",
    "language": "de",
    "parent": 44,
    "numchild": 0,
    "creation_date": "2015-11-03T12:08:16.160Z",
    "depth": 7,
    "position": 1,
    "path": "0005000100010001000100020002",
    "placeholder": 19,
    "plugin_type": "BillingAddressFormPlugin"
  },
  "model": "cms.cmsplugin",
  "pk": 53
},
{
  "fields": {
    "changed_date": "2015-11-03T12:08:39.018Z",
    "language": "de",
    "parent": 44,
    "numchild": 0,
    "creation_date": "2015-11-03T12:08:38.948Z",
    "depth": 7,
    "position": 2,
    "path": "0005000100010001000100020003",
    "placeholder": 19,
    "plugin_type": "ProcessNextStepPlugin"
  },
  "model": "cms.cmsplugin",
  "pk": 54
},
{
  "fields": {
    "changed_date": "2015-11-03T12:09:32.700Z",
    "language": "de",
    "parent": 45,
    "numchild": 0,
    "creation_date": "2015-11-03T12:09:28.368Z",
    "depth": 7,
    "position": 0,
    "path": "0005000100010001000100030001",
    "placeholder": 19,
    "plugin_type": "ShopCartPlugin"
  },
  "model": "cms.cmsplugin",
  "pk": 55
},
{
  "fields": {
    "changed_date": "2015-11-03T12:10:31.289Z",
    "language": "de",
    "parent": 45,
    "numchild": 0,
    "creation_date": "2015-11-03T12:10:27.667Z",
    "depth": 7,
    "position": 1,
    "path": "0005000100010001000100030002",
    "placeholder": 19,
    "plugin_type": "PaymentMethodFormPlugin"
  },
  "model": "cms.cmsplugin",
  "pk": 56
},
{
  "fields": {
    "changed_date": "2015-11-03T12:10:59.815Z",
    "language": "de",
    "parent": 45,
    "numchild": 0,
    "creation_date": "2015-11-03T12:10:56.492Z",
    "depth": 7,
    "position": 2,
    "path": "0005000100010001000100030003",
    "placeholder": 19,
    "plugin_type": "ShippingMethodFormPlugin"
  },
  "model": "cms.cmsplugin",
  "pk": 57
},
{
  "fields": {
    "changed_date": "2015-11-03T12:11:33.354Z",
    "language": "de",
    "parent": 45,
    "numchild": 0,
    "creation_date": "2015-11-03T12:11:30.640Z",
    "depth": 7,
    "position": 3,
    "path": "0005000100010001000100030004",
    "placeholder": 19,
    "plugin_type": "ExtraAnnotationFormPlugin"
  },
  "model": "cms.cmsplugin",
  "pk": 58
},
{
  "fields": {
    "changed_date": "2015-11-03T12:15:04.340Z",
    "language": "de",
    "parent": 45,
    "numchild": 0,
    "creation_date": "2015-11-03T12:12:11.300Z",
    "depth": 7,
    "position": 4,
    "path": "0005000100010001000100030005",
    "placeholder": 19,
    "plugin_type": "AcceptConditionFormPlugin"
  },
  "model": "cms.cmsplugin",
  "pk": 59
},
{
  "fields": {
    "changed_date": "2015-11-03T15:49:26.829Z",
    "language": "de",
    "parent": 45,
    "numchild": 0,
    "creation_date": "2015-11-03T15:12:48.394Z",
    "depth": 7,
    "position": 5,
    "path": "0005000100010001000100030007",
    "placeholder": 19,
    "plugin_type": "ShopProceedButton"
  },
  "model": "cms.cmsplugin",
  "pk": 132
},
{
  "fields": {
    "changed_date": "2015-11-13T09:20:53.451Z",
    "language": "de",
    "parent": 23,
    "numchild": 0,
    "creation_date": "2015-11-03T16:29:17.878Z",
    "depth": 3,
    "position": 0,
    "path": "000M00020001",
    "placeholder": 14,
    "plugin_type": "BootstrapButtonPlugin"
  },
  "model": "cms.cmsplugin",
  "pk": 181
},
{
  "fields": {
    "changed_date": "2015-11-05T11:09:02.682Z",
    "language": "de",
    "parent": null,
    "numchild": 2,
    "creation_date": "2015-11-05T11:08:54.064Z",
    "depth": 1,
    "position": 0,
    "path": "0009",
    "placeholder": 23,
    "plugin_type": "BootstrapRowPlugin"
  },
  "model": "cms.cmsplugin",
  "pk": 200
},
{
  "fields": {
    "changed_date": "2015-11-25T17:37:14.331Z",
    "language": "de",
    "parent": 200,
    "numchild": 1,
    "creation_date": "2015-11-05T11:09:02.696Z",
    "depth": 2,
    "position": 0,
    "path": "00090001",
    "placeholder": 23,
    "plugin_type": "BootstrapColumnPlugin"
  },
  "model": "cms.cmsplugin",
  "pk": 201
},
{
  "fields": {
    "changed_date": "2015-11-25T17:37:33.632Z",
    "language": "de",
    "parent": 200,
    "numchild": 1,
    "creation_date": "2015-11-05T11:09:02.802Z",
    "depth": 2,
    "position": 1,
    "path": "00090002",
    "placeholder": 23,
    "plugin_type": "BootstrapColumnPlugin"
  },
  "model": "cms.cmsplugin",
  "pk": 202
},
{
  "fields": {
    "changed_date": "2015-12-01T21:58:57.399Z",
    "language": "de",
    "parent": 202,
    "numchild": 0,
    "creation_date": "2015-11-05T12:07:15.175Z",
    "depth": 3,
    "position": 0,
    "path": "000900020001",
    "placeholder": 23,
    "plugin_type": "TextPlugin"
  },
  "model": "cms.cmsplugin",
  "pk": 212
},
{
  "fields": {
    "changed_date": "2015-11-12T12:34:10.803Z",
    "language": "de",
    "parent": null,
    "numchild": 1,
    "creation_date": "2015-11-12T12:34:05.647Z",
    "depth": 1,
    "position": 0,
    "path": "000B",
    "placeholder": 31,
    "plugin_type": "BootstrapRowPlugin"
  },
  "model": "cms.cmsplugin",
  "pk": 238
},
{
  "fields": {
    "changed_date": "2015-11-12T12:34:10.919Z",
    "language": "de",
    "parent": 238,
    "numchild": 1,
    "creation_date": "2015-11-12T12:34:10.821Z",
    "depth": 2,
    "position": 0,
    "path": "000B0001",
    "placeholder": 31,
    "plugin_type": "BootstrapColumnPlugin"
  },
  "model": "cms.cmsplugin",
  "pk": 239
},
{
  "fields": {
    "changed_date": "2015-11-12T12:36:15.006Z",
    "language": "de",
    "parent": 239,
    "numchild": 0,
    "creation_date": "2015-11-12T12:36:11.833Z",
    "depth": 3,
    "position": 0,
    "path": "000B00010001",
    "placeholder": 31,
    "plugin_type": "ShopOrderViewsPlugin"
  },
  "model": "cms.cmsplugin",
  "pk": 242
},
{
  "fields": {
    "changed_date": "2015-11-12T12:37:32.455Z",
    "language": "de",
    "parent": null,
    "numchild": 1,
    "creation_date": "2015-11-12T12:34:05.647Z",
    "depth": 1,
    "position": 0,
    "path": "000C",
    "placeholder": 33,
    "plugin_type": "BootstrapRowPlugin"
  },
  "model": "cms.cmsplugin",
  "pk": 243
},
{
  "fields": {
    "changed_date": "2015-11-12T12:37:32.492Z",
    "language": "de",
    "parent": 243,
    "numchild": 1,
    "creation_date": "2015-11-12T12:34:10.821Z",
    "depth": 2,
    "position": 0,
    "path": "000C0001",
    "placeholder": 33,
    "plugin_type": "BootstrapColumnPlugin"
  },
  "model": "cms.cmsplugin",
  "pk": 244
},
{
  "fields": {
    "changed_date": "2015-11-12T12:37:32.516Z",
    "language": "de",
    "parent": 244,
    "numchild": 0,
    "creation_date": "2015-11-12T12:36:11.833Z",
    "depth": 3,
    "position": 0,
    "path": "000C00010001",
    "placeholder": 33,
    "plugin_type": "ShopOrderViewsPlugin"
  },
  "model": "cms.cmsplugin",
  "pk": 245
},
{
  "fields": {
    "changed_date": "2015-11-12T23:03:20.577Z",
    "language": "en",
    "parent": null,
    "numchild": 1,
    "creation_date": "2015-11-12T12:34:05.647Z",
    "depth": 1,
    "position": 0,
    "path": "000D",
    "placeholder": 31,
    "plugin_type": "BootstrapRowPlugin"
  },
  "model": "cms.cmsplugin",
  "pk": 246
},
{
  "fields": {
    "changed_date": "2015-11-12T23:03:20.643Z",
    "language": "en",
    "parent": 246,
    "numchild": 1,
    "creation_date": "2015-11-12T12:34:10.821Z",
    "depth": 2,
    "position": 0,
    "path": "000D0001",
    "placeholder": 31,
    "plugin_type": "BootstrapColumnPlugin"
  },
  "model": "cms.cmsplugin",
  "pk": 247
},
{
  "fields": {
    "changed_date": "2015-11-12T23:03:20.673Z",
    "language": "en",
    "parent": 247,
    "numchild": 0,
    "creation_date": "2015-11-12T12:36:11.833Z",
    "depth": 3,
    "position": 0,
    "path": "000D00010001",
    "placeholder": 31,
    "plugin_type": "ShopOrderViewsPlugin"
  },
  "model": "cms.cmsplugin",
  "pk": 248
},
{
  "fields": {
    "changed_date": "2015-11-12T23:04:09.434Z",
    "language": "en",
    "parent": null,
    "numchild": 1,
    "creation_date": "2015-11-12T12:34:05.647Z",
    "depth": 1,
    "position": 0,
    "path": "000E",
    "placeholder": 33,
    "plugin_type": "BootstrapRowPlugin"
  },
  "model": "cms.cmsplugin",
  "pk": 255
},
{
  "fields": {
    "changed_date": "2015-11-12T23:04:09.475Z",
    "language": "en",
    "parent": 255,
    "numchild": 1,
    "creation_date": "2015-11-12T12:34:10.821Z",
    "depth": 2,
    "position": 0,
    "path": "000E0001",
    "placeholder": 33,
    "plugin_type": "BootstrapColumnPlugin"
  },
  "model": "cms.cmsplugin",
  "pk": 256
},
{
  "fields": {
    "changed_date": "2015-11-12T23:04:09.500Z",
    "language": "en",
    "parent": 256,
    "numchild": 0,
    "creation_date": "2015-11-12T12:36:11.833Z",
    "depth": 3,
    "position": 0,
    "path": "000E00010001",
    "placeholder": 33,
    "plugin_type": "ShopOrderViewsPlugin"
  },
  "model": "cms.cmsplugin",
  "pk": 257
},
{
  "fields": {
    "changed_date": "2015-11-12T23:20:22.375Z",
    "language": "de",
    "parent": null,
    "numchild": 1,
    "creation_date": "2015-11-12T23:20:16.339Z",
    "depth": 1,
    "position": 0,
    "path": "000F",
    "placeholder": 35,
    "plugin_type": "BootstrapRowPlugin"
  },
  "model": "cms.cmsplugin",
  "pk": 258
},
{
  "fields": {
    "changed_date": "2015-11-12T23:20:22.476Z",
    "language": "de",
    "parent": 258,
    "numchild": 2,
    "creation_date": "2015-11-12T23:20:22.388Z",
    "depth": 2,
    "position": 0,
    "path": "000F0001",
    "placeholder": 35,
    "plugin_type": "BootstrapColumnPlugin"
  },
  "model": "cms.cmsplugin",
  "pk": 259
},
{
  "fields": {
    "changed_date": "2015-11-12T23:23:23.520Z",
    "language": "de",
    "parent": 259,
    "numchild": 0,
    "creation_date": "2015-11-12T23:21:08.149Z",
    "depth": 3,
    "position": 1,
    "path": "000F00010001",
    "placeholder": 35,
    "plugin_type": "ShopOrderViewsPlugin"
  },
  "model": "cms.cmsplugin",
  "pk": 260
},
{
  "fields": {
    "changed_date": "2015-11-12T23:23:33.264Z",
    "language": "de",
    "parent": 259,
    "numchild": 0,
    "creation_date": "2015-11-12T23:22:41.214Z",
    "depth": 3,
    "position": 0,
    "path": "000F00010002",
    "placeholder": 35,
    "plugin_type": "TextPlugin"
  },
  "model": "cms.cmsplugin",
  "pk": 264
},
{
  "fields": {
    "changed_date": "2015-11-12T23:23:50.494Z",
    "language": "de",
    "parent": null,
    "numchild": 1,
    "creation_date": "2015-11-12T23:20:16.339Z",
    "depth": 1,
    "position": 0,
    "path": "000G",
    "placeholder": 37,
    "plugin_type": "BootstrapRowPlugin"
  },
  "model": "cms.cmsplugin",
  "pk": 265
},
{
  "fields": {
    "changed_date": "2015-11-12T23:23:50.531Z",
    "language": "de",
    "parent": 265,
    "numchild": 2,
    "creation_date": "2015-11-12T23:20:22.388Z",
    "depth": 2,
    "position": 0,
    "path": "000G0001",
    "placeholder": 37,
    "plugin_type": "BootstrapColumnPlugin"
  },
  "model": "cms.cmsplugin",
  "pk": 266
},
{
  "fields": {
    "changed_date": "2015-11-12T23:23:50.559Z",
    "language": "de",
    "parent": 266,
    "numchild": 0,
    "creation_date": "2015-11-12T23:21:08.149Z",
    "depth": 3,
    "position": 1,
    "path": "000G00010001",
    "placeholder": 37,
    "plugin_type": "ShopOrderViewsPlugin"
  },
  "model": "cms.cmsplugin",
  "pk": 267
},
{
  "fields": {
    "changed_date": "2015-11-12T23:23:50.619Z",
    "language": "de",
    "parent": 266,
    "numchild": 0,
    "creation_date": "2015-11-12T23:22:41.214Z",
    "depth": 3,
    "position": 0,
    "path": "000G00010002",
    "placeholder": 37,
    "plugin_type": "TextPlugin"
  },
  "model": "cms.cmsplugin",
  "pk": 268
},
{
  "fields": {
    "changed_date": "2015-11-13T00:07:25.166Z",
    "language": "de",
    "parent": null,
    "numchild": 1,
    "creation_date": "2015-11-13T00:07:20.154Z",
    "depth": 1,
    "position": 0,
    "path": "000H",
    "placeholder": 39,
    "plugin_type": "BootstrapRowPlugin"
  },
  "model": "cms.cmsplugin",
  "pk": 269
},
{
  "fields": {
    "changed_date": "2015-11-13T00:07:25.259Z",
    "language": "de",
    "parent": 269,
    "numchild": 1,
    "creation_date": "2015-11-13T00:07:25.179Z",
    "depth": 2,
    "position": 0,
    "path": "000H0001",
    "placeholder": 39,
    "plugin_type": "BootstrapColumnPlugin"
  },
  "model": "cms.cmsplugin",
  "pk": 270
},
{
  "fields": {
    "changed_date": "2015-11-13T00:15:20.381Z",
    "language": "de",
    "parent": 270,
    "numchild": 0,
    "creation_date": "2015-11-13T00:07:38.103Z",
    "depth": 3,
    "position": 0,
    "path": "000H00010001",
    "placeholder": 39,
    "plugin_type": "TextPlugin"
  },
  "model": "cms.cmsplugin",
  "pk": 271
},
{
  "fields": {
    "changed_date": "2015-11-13T00:15:30.999Z",
    "language": "de",
    "parent": null,
    "numchild": 1,
    "creation_date": "2015-11-13T00:07:20.154Z",
    "depth": 1,
    "position": 0,
    "path": "000I",
    "placeholder": 41,
    "plugin_type": "BootstrapRowPlugin"
  },
  "model": "cms.cmsplugin",
  "pk": 272
},
{
  "fields": {
    "changed_date": "2015-11-13T00:15:31.036Z",
    "language": "de",
    "parent": 272,
    "numchild": 1,
    "creation_date": "2015-11-13T00:07:25.179Z",
    "depth": 2,
    "position": 0,
    "path": "000I0001",
    "placeholder": 41,
    "plugin_type": "BootstrapColumnPlugin"
  },
  "model": "cms.cmsplugin",
  "pk": 273
},
{
  "fields": {
    "changed_date": "2015-11-13T00:15:31.182Z",
    "language": "de",
    "parent": 273,
    "numchild": 0,
    "creation_date": "2015-11-13T00:07:38.103Z",
    "depth": 3,
    "position": 0,
    "path": "000I00010001",
    "placeholder": 41,
    "plugin_type": "TextPlugin"
  },
  "model": "cms.cmsplugin",
  "pk": 274
},
{
  "fields": {
    "changed_date": "2015-11-13T07:58:30.114Z",
    "language": "de",
    "parent": 36,
    "numchild": 3,
    "creation_date": "2015-11-13T07:58:26.829Z",
    "depth": 3,
    "position": 0,
    "path": "000500020001",
    "placeholder": 19,
    "plugin_type": "BootstrapRowPlugin"
  },
  "model": "cms.cmsplugin",
  "pk": 275
},
{
  "fields": {
    "changed_date": "2015-11-13T07:58:30.241Z",
    "language": "de",
    "parent": 275,
    "numchild": 1,
    "creation_date": "2015-11-13T07:58:30.141Z",
    "depth": 4,
    "position": 0,
    "path": "0005000200010001",
    "placeholder": 19,
    "plugin_type": "BootstrapColumnPlugin"
  },
  "model": "cms.cmsplugin",
  "pk": 276
},
{
  "fields": {
    "changed_date": "2015-11-13T07:58:30.352Z",
    "language": "de",
    "parent": 275,
    "numchild": 1,
    "creation_date": "2015-11-13T07:58:30.251Z",
    "depth": 4,
    "position": 1,
    "path": "0005000200010002",
    "placeholder": 19,
    "plugin_type": "BootstrapColumnPlugin"
  },
  "model": "cms.cmsplugin",
  "pk": 277
},
{
  "fields": {
    "changed_date": "2015-11-13T07:58:30.463Z",
    "language": "de",
    "parent": 275,
    "numchild": 1,
    "creation_date": "2015-11-13T07:58:30.362Z",
    "depth": 4,
    "position": 2,
    "path": "0005000200010003",
    "placeholder": 19,
    "plugin_type": "BootstrapColumnPlugin"
  },
  "model": "cms.cmsplugin",
  "pk": 278
},
{
  "fields": {
    "changed_date": "2015-11-13T08:00:10.309Z",
    "language": "de",
    "parent": 276,
    "numchild": 0,
    "creation_date": "2015-11-13T07:59:27.855Z",
    "depth": 5,
    "position": 0,
    "path": "00050002000100010001",
    "placeholder": 19,
    "plugin_type": "ShopAuthenticationPlugin"
  },
  "model": "cms.cmsplugin",
  "pk": 279
},
{
  "fields": {
    "changed_date": "2015-11-13T08:02:03.881Z",
    "language": "de",
    "parent": 277,
    "numchild": 0,
    "creation_date": "2015-11-13T08:01:15.285Z",
    "depth": 5,
    "position": 0,
    "path": "00050002000100020001",
    "placeholder": 19,
    "plugin_type": "ShopAuthenticationPlugin"
  },
  "model": "cms.cmsplugin",
  "pk": 281
},
{
  "fields": {
    "changed_date": "2015-11-13T08:02:54.346Z",
    "language": "de",
    "parent": 278,
    "numchild": 0,
    "creation_date": "2015-11-13T08:01:42.825Z",
    "depth": 5,
    "position": 0,
    "path": "00050002000100030001",
    "placeholder": 19,
    "plugin_type": "ShopAuthenticationPlugin"
  },
  "model": "cms.cmsplugin",
  "pk": 282
},
{
  "fields": {
    "changed_date": "2015-11-13T08:48:04.662Z",
    "language": "de",
    "parent": null,
    "numchild": 2,
    "creation_date": "2015-11-03T11:51:58.053Z",
    "depth": 1,
    "position": 0,
    "path": "000K",
    "placeholder": 21,
    "plugin_type": "SimpleWrapperPlugin"
  },
  "model": "cms.cmsplugin",
  "pk": 283
},
{
  "fields": {
    "changed_date": "2015-11-13T08:48:04.687Z",
    "language": "de",
    "parent": 283,
    "numchild": 1,
    "creation_date": "2015-11-03T11:52:31.490Z",
    "depth": 2,
    "position": 0,
    "path": "000K0001",
    "placeholder": 21,
    "plugin_type": "SegmentPlugin"
  },
  "model": "cms.cmsplugin",
  "pk": 284
},
{
  "fields": {
    "changed_date": "2015-11-13T08:48:04.713Z",
    "language": "de",
    "parent": 284,
    "numchild": 1,
    "creation_date": "2015-11-03T12:00:22.464Z",
    "depth": 3,
    "position": 0,
    "path": "000K00010001",
    "placeholder": 21,
    "plugin_type": "BootstrapRowPlugin"
  },
  "model": "cms.cmsplugin",
  "pk": 285
},
{
  "fields": {
    "changed_date": "2015-11-13T08:48:04.753Z",
    "language": "de",
    "parent": 285,
    "numchild": 1,
    "creation_date": "2015-11-03T12:00:27.233Z",
    "depth": 4,
    "position": 0,
    "path": "000K000100010001",
    "placeholder": 21,
    "plugin_type": "BootstrapColumnPlugin"
  },
  "model": "cms.cmsplugin",
  "pk": 286
},
{
  "fields": {
    "changed_date": "2015-11-13T08:48:04.777Z",
    "language": "de",
    "parent": 286,
    "numchild": 3,
    "creation_date": "2015-11-03T12:01:52.087Z",
    "depth": 5,
    "position": 0,
    "path": "000K0001000100010001",
    "placeholder": 21,
    "plugin_type": "ProcessBarPlugin"
  },
  "model": "cms.cmsplugin",
  "pk": 287
},
{
  "fields": {
    "changed_date": "2015-11-13T08:48:04.802Z",
    "language": "de",
    "parent": 287,
    "numchild": 3,
    "creation_date": "2015-11-03T12:01:57.069Z",
    "depth": 6,
    "position": 0,
    "path": "000K00010001000100010001",
    "placeholder": 21,
    "plugin_type": "ProcessStepPlugin"
  },
  "model": "cms.cmsplugin",
  "pk": 288
},
{
  "fields": {
    "changed_date": "2015-11-13T08:48:04.827Z",
    "language": "de",
    "parent": 288,
    "numchild": 1,
    "creation_date": "2015-11-03T12:03:13.411Z",
    "depth": 7,
    "position": 0,
    "path": "000K000100010001000100010001",
    "placeholder": 21,
    "plugin_type": "SegmentPlugin"
  },
  "model": "cms.cmsplugin",
  "pk": 289
},
{
  "fields": {
    "changed_date": "2015-11-13T08:48:04.851Z",
    "language": "de",
    "parent": 289,
    "numchild": 0,
    "creation_date": "2015-11-03T12:05:35.165Z",
    "depth": 8,
    "position": 0,
    "path": "000K0001000100010001000100010001",
    "placeholder": 21,
    "plugin_type": "CustomerFormPlugin"
  },
  "model": "cms.cmsplugin",
  "pk": 290
},
{
  "fields": {
    "changed_date": "2015-11-13T08:48:04.882Z",
    "language": "de",
    "parent": 288,
    "numchild": 1,
    "creation_date": "2015-11-03T12:03:40.516Z",
    "depth": 7,
    "position": 1,
    "path": "000K000100010001000100010002",
    "placeholder": 21,
    "plugin_type": "SegmentPlugin"
  },
  "model": "cms.cmsplugin",
  "pk": 291
},
{
  "fields": {
    "changed_date": "2015-11-13T08:48:04.920Z",
    "language": "de",
    "parent": 291,
    "numchild": 0,
    "creation_date": "2015-11-03T12:04:17.682Z",
    "depth": 8,
    "position": 0,
    "path": "000K0001000100010001000100020001",
    "placeholder": 21,
    "plugin_type": "GuestFormPlugin"
  },
  "model": "cms.cmsplugin",
  "pk": 292
},
{
  "fields": {
    "changed_date": "2015-11-13T08:48:04.955Z",
    "language": "de",
    "parent": 288,
    "numchild": 0,
    "creation_date": "2015-11-03T12:06:29.969Z",
    "depth": 7,
    "position": 2,
    "path": "000K000100010001000100010003",
    "placeholder": 21,
    "plugin_type": "ProcessNextStepPlugin"
  },
  "model": "cms.cmsplugin",
  "pk": 293
},
{
  "fields": {
    "changed_date": "2015-11-13T08:48:04.989Z",
    "language": "de",
    "parent": 287,
    "numchild": 3,
    "creation_date": "2015-11-03T12:01:57.141Z",
    "depth": 6,
    "position": 1,
    "path": "000K00010001000100010002",
    "placeholder": 21,
    "plugin_type": "ProcessStepPlugin"
  },
  "model": "cms.cmsplugin",
  "pk": 294
},
{
  "fields": {
    "changed_date": "2015-11-13T08:48:05.016Z",
    "language": "de",
    "parent": 294,
    "numchild": 0,
    "creation_date": "2015-11-03T12:07:45.248Z",
    "depth": 7,
    "position": 0,
    "path": "000K000100010001000100020001",
    "placeholder": 21,
    "plugin_type": "ShippingAddressFormPlugin"
  },
  "model": "cms.cmsplugin",
  "pk": 295
},
{
  "fields": {
    "changed_date": "2015-11-13T08:48:05.052Z",
    "language": "de",
    "parent": 294,
    "numchild": 0,
    "creation_date": "2015-11-03T12:08:16.160Z",
    "depth": 7,
    "position": 1,
    "path": "000K000100010001000100020002",
    "placeholder": 21,
    "plugin_type": "BillingAddressFormPlugin"
  },
  "model": "cms.cmsplugin",
  "pk": 296
},
{
  "fields": {
    "changed_date": "2015-11-13T08:48:05.080Z",
    "language": "de",
    "parent": 294,
    "numchild": 0,
    "creation_date": "2015-11-03T12:08:38.948Z",
    "depth": 7,
    "position": 2,
    "path": "000K000100010001000100020003",
    "placeholder": 21,
    "plugin_type": "ProcessNextStepPlugin"
  },
  "model": "cms.cmsplugin",
  "pk": 297
},
{
  "fields": {
    "changed_date": "2015-11-13T08:48:05.107Z",
    "language": "de",
    "parent": 287,
    "numchild": 6,
    "creation_date": "2015-11-03T12:01:57.216Z",
    "depth": 6,
    "position": 2,
    "path": "000K00010001000100010003",
    "placeholder": 21,
    "plugin_type": "ProcessStepPlugin"
  },
  "model": "cms.cmsplugin",
  "pk": 298
},
{
  "fields": {
    "changed_date": "2015-11-13T08:48:05.137Z",
    "language": "de",
    "parent": 298,
    "numchild": 0,
    "creation_date": "2015-11-03T12:09:28.368Z",
    "depth": 7,
    "position": 0,
    "path": "000K000100010001000100030001",
    "placeholder": 21,
    "plugin_type": "ShopCartPlugin"
  },
  "model": "cms.cmsplugin",
  "pk": 299
},
{
  "fields": {
    "changed_date": "2015-11-13T08:48:05.166Z",
    "language": "de",
    "parent": 298,
    "numchild": 0,
    "creation_date": "2015-11-03T12:10:27.667Z",
    "depth": 7,
    "position": 1,
    "path": "000K000100010001000100030002",
    "placeholder": 21,
    "plugin_type": "PaymentMethodFormPlugin"
  },
  "model": "cms.cmsplugin",
  "pk": 300
},
{
  "fields": {
    "changed_date": "2015-11-13T08:48:05.194Z",
    "language": "de",
    "parent": 298,
    "numchild": 0,
    "creation_date": "2015-11-03T12:10:56.492Z",
    "depth": 7,
    "position": 2,
    "path": "000K000100010001000100030003",
    "placeholder": 21,
    "plugin_type": "ShippingMethodFormPlugin"
  },
  "model": "cms.cmsplugin",
  "pk": 301
},
{
  "fields": {
    "changed_date": "2015-11-13T08:48:05.226Z",
    "language": "de",
    "parent": 298,
    "numchild": 0,
    "creation_date": "2015-11-03T12:11:30.640Z",
    "depth": 7,
    "position": 3,
    "path": "000K000100010001000100030004",
    "placeholder": 21,
    "plugin_type": "ExtraAnnotationFormPlugin"
  },
  "model": "cms.cmsplugin",
  "pk": 302
},
{
  "fields": {
    "changed_date": "2015-11-13T08:48:05.254Z",
    "language": "de",
    "parent": 298,
    "numchild": 0,
    "creation_date": "2015-11-03T12:12:11.300Z",
    "depth": 7,
    "position": 4,
    "path": "000K000100010001000100030005",
    "placeholder": 21,
    "plugin_type": "AcceptConditionFormPlugin"
  },
  "model": "cms.cmsplugin",
  "pk": 303
},
{
  "fields": {
    "changed_date": "2015-11-13T08:48:05.281Z",
    "language": "de",
    "parent": 298,
    "numchild": 0,
    "creation_date": "2015-11-03T15:12:48.394Z",
    "depth": 7,
    "position": 5,
    "path": "000K000100010001000100030006",
    "placeholder": 21,
    "plugin_type": "ShopProceedButton"
  },
  "model": "cms.cmsplugin",
  "pk": 304
},
{
  "fields": {
    "changed_date": "2015-11-13T08:48:05.310Z",
    "language": "de",
    "parent": 283,
    "numchild": 1,
    "creation_date": "2015-11-03T11:52:57.955Z",
    "depth": 2,
    "position": 1,
    "path": "000K0002",
    "placeholder": 21,
    "plugin_type": "SegmentPlugin"
  },
  "model": "cms.cmsplugin",
  "pk": 305
},
{
  "fields": {
    "changed_date": "2015-11-13T08:48:05.337Z",
    "language": "de",
    "parent": 305,
    "numchild": 3,
    "creation_date": "2015-11-13T07:58:26.829Z",
    "depth": 3,
    "position": 0,
    "path": "000K00020001",
    "placeholder": 21,
    "plugin_type": "BootstrapRowPlugin"
  },
  "model": "cms.cmsplugin",
  "pk": 306
},
{
  "fields": {
    "changed_date": "2015-11-13T08:48:05.377Z",
    "language": "de",
    "parent": 306,
    "numchild": 1,
    "creation_date": "2015-11-13T07:58:30.141Z",
    "depth": 4,
    "position": 0,
    "path": "000K000200010001",
    "placeholder": 21,
    "plugin_type": "BootstrapColumnPlugin"
  },
  "model": "cms.cmsplugin",
  "pk": 307
},
{
  "fields": {
    "changed_date": "2015-11-13T08:48:05.402Z",
    "language": "de",
    "parent": 307,
    "numchild": 0,
    "creation_date": "2015-11-13T07:59:27.855Z",
    "depth": 5,
    "position": 0,
    "path": "000K0002000100010001",
    "placeholder": 21,
    "plugin_type": "ShopAuthenticationPlugin"
  },
  "model": "cms.cmsplugin",
  "pk": 308
},
{
  "fields": {
    "changed_date": "2015-11-13T08:48:05.443Z",
    "language": "de",
    "parent": 306,
    "numchild": 1,
    "creation_date": "2015-11-13T07:58:30.251Z",
    "depth": 4,
    "position": 1,
    "path": "000K000200010002",
    "placeholder": 21,
    "plugin_type": "BootstrapColumnPlugin"
  },
  "model": "cms.cmsplugin",
  "pk": 309
},
{
  "fields": {
    "changed_date": "2015-11-13T08:48:05.471Z",
    "language": "de",
    "parent": 309,
    "numchild": 0,
    "creation_date": "2015-11-13T08:01:15.285Z",
    "depth": 5,
    "position": 0,
    "path": "000K0002000100020001",
    "placeholder": 21,
    "plugin_type": "ShopAuthenticationPlugin"
  },
  "model": "cms.cmsplugin",
  "pk": 310
},
{
  "fields": {
    "changed_date": "2015-11-13T08:48:05.525Z",
    "language": "de",
    "parent": 306,
    "numchild": 1,
    "creation_date": "2015-11-13T07:58:30.362Z",
    "depth": 4,
    "position": 2,
    "path": "000K000200010003",
    "placeholder": 21,
    "plugin_type": "BootstrapColumnPlugin"
  },
  "model": "cms.cmsplugin",
  "pk": 311
},
{
  "fields": {
    "changed_date": "2015-11-13T08:48:05.554Z",
    "language": "de",
    "parent": 311,
    "numchild": 0,
    "creation_date": "2015-11-13T08:01:42.825Z",
    "depth": 5,
    "position": 0,
    "path": "000K0002000100030001",
    "placeholder": 21,
    "plugin_type": "ShopAuthenticationPlugin"
  },
  "model": "cms.cmsplugin",
  "pk": 312
},
{
  "fields": {
    "changed_date": "2015-11-25T16:17:25.965Z",
    "language": "de",
    "parent": null,
    "numchild": 1,
    "creation_date": "2015-11-25T16:17:20.985Z",
    "depth": 1,
    "position": 0,
    "path": "000T",
    "placeholder": 46,
    "plugin_type": "BootstrapRowPlugin"
  },
  "model": "cms.cmsplugin",
  "pk": 342
},
{
  "fields": {
    "changed_date": "2015-11-25T16:17:26.063Z",
    "language": "de",
    "parent": 342,
    "numchild": 1,
    "creation_date": "2015-11-25T16:17:25.980Z",
    "depth": 2,
    "position": 0,
    "path": "000T0001",
    "placeholder": 46,
    "plugin_type": "BootstrapColumnPlugin"
  },
  "model": "cms.cmsplugin",
  "pk": 343
},
{
  "fields": {
    "changed_date": "2015-11-25T16:17:51.669Z",
    "language": "de",
    "parent": 343,
    "numchild": 0,
    "creation_date": "2015-11-25T16:17:48.923Z",
    "depth": 3,
    "position": 0,
    "path": "000T00010001",
    "placeholder": 46,
    "plugin_type": "ShopCatalogPlugin"
  },
  "model": "cms.cmsplugin",
  "pk": 344
},
{
  "fields": {
    "changed_date": "2015-11-25T17:35:06.982Z",
    "language": "de",
    "parent": 201,
    "numchild": 0,
    "creation_date": "2015-11-25T17:34:43.289Z",
    "depth": 3,
    "position": 0,
    "path": "000900010001",
    "placeholder": 23,
    "plugin_type": "BootstrapImagePlugin"
  },
  "model": "cms.cmsplugin",
  "pk": 348
},
{
  "fields": {
    "changed_date": "2015-11-29T12:28:18.221Z",
    "language": "en",
    "parent": null,
    "numchild": 1,
    "creation_date": "2015-11-01T00:05:30.475Z",
    "depth": 1,
    "position": 0,
    "path": "000W",
    "placeholder": 14,
    "plugin_type": "BootstrapRowPlugin"
  },
  "model": "cms.cmsplugin",
  "pk": 359
},
{
  "fields": {
    "changed_date": "2015-11-29T12:28:18.260Z",
    "language": "en",
    "parent": 359,
    "numchild": 1,
    "creation_date": "2015-11-01T00:05:36.180Z",
    "depth": 2,
    "position": 0,
    "path": "000W0001",
    "placeholder": 14,
    "plugin_type": "BootstrapColumnPlugin"
  },
  "model": "cms.cmsplugin",
  "pk": 360
},
{
  "fields": {
    "changed_date": "2015-12-01T11:32:11.937Z",
    "language": "en",
    "parent": 360,
    "numchild": 0,
    "creation_date": "2015-11-02T14:46:52.664Z",
    "depth": 3,
    "position": 0,
    "path": "000W00010001",
    "placeholder": 14,
    "plugin_type": "ShopCartPlugin"
  },
  "model": "cms.cmsplugin",
  "pk": 361
},
{
  "fields": {
    "changed_date": "2015-11-29T12:28:18.320Z",
    "language": "en",
    "parent": null,
    "numchild": 2,
    "creation_date": "2015-11-03T10:32:50.862Z",
    "depth": 1,
    "position": 1,
    "path": "000X",
    "placeholder": 14,
    "plugin_type": "BootstrapRowPlugin"
  },
  "model": "cms.cmsplugin",
  "pk": 362
},
{
  "fields": {
    "changed_date": "2015-11-29T12:28:18.356Z",
    "language": "en",
    "parent": 362,
    "numchild": 1,
    "creation_date": "2015-11-03T10:32:56.109Z",
    "depth": 2,
    "position": 0,
    "path": "000X0001",
    "placeholder": 14,
    "plugin_type": "BootstrapColumnPlugin"
  },
  "model": "cms.cmsplugin",
  "pk": 363
},
{
  "fields": {
    "changed_date": "2015-12-01T11:01:20.501Z",
    "language": "en",
    "parent": 363,
    "numchild": 0,
    "creation_date": "2015-11-03T10:46:46.928Z",
    "depth": 3,
    "position": 0,
    "path": "000X00010001",
    "placeholder": 14,
    "plugin_type": "BootstrapButtonPlugin"
  },
  "model": "cms.cmsplugin",
  "pk": 364
},
{
  "fields": {
    "changed_date": "2015-11-29T12:28:18.420Z",
    "language": "en",
    "parent": 362,
    "numchild": 1,
    "creation_date": "2015-11-03T10:32:56.205Z",
    "depth": 2,
    "position": 1,
    "path": "000X0002",
    "placeholder": 14,
    "plugin_type": "BootstrapColumnPlugin"
  },
  "model": "cms.cmsplugin",
  "pk": 365
},
{
  "fields": {
    "changed_date": "2015-12-01T11:01:51.325Z",
    "language": "en",
    "parent": 365,
    "numchild": 0,
    "creation_date": "2015-11-03T16:29:17.878Z",
    "depth": 3,
    "position": 0,
    "path": "000X00020001",
    "placeholder": 14,
    "plugin_type": "BootstrapButtonPlugin"
  },
  "model": "cms.cmsplugin",
  "pk": 366
},
{
  "fields": {
    "changed_date": "2015-11-29T22:39:49.383Z",
    "language": "en",
    "parent": null,
    "numchild": 2,
    "creation_date": "2015-11-03T11:51:58.053Z",
    "depth": 1,
    "position": 0,
    "path": "0010",
    "placeholder": 19,
    "plugin_type": "SimpleWrapperPlugin"
  },
  "model": "cms.cmsplugin",
  "pk": 375
},
{
  "fields": {
    "changed_date": "2015-11-29T22:39:49.416Z",
    "language": "en",
    "parent": 375,
    "numchild": 1,
    "creation_date": "2015-11-03T11:52:31.490Z",
    "depth": 2,
    "position": 0,
    "path": "00100001",
    "placeholder": 19,
    "plugin_type": "SegmentPlugin"
  },
  "model": "cms.cmsplugin",
  "pk": 376
},
{
  "fields": {
    "changed_date": "2015-11-29T22:39:49.444Z",
    "language": "en",
    "parent": 376,
    "numchild": 1,
    "creation_date": "2015-11-03T12:00:22.464Z",
    "depth": 3,
    "position": 0,
    "path": "001000010001",
    "placeholder": 19,
    "plugin_type": "BootstrapRowPlugin"
  },
  "model": "cms.cmsplugin",
  "pk": 377
},
{
  "fields": {
    "changed_date": "2015-11-29T22:39:49.508Z",
    "language": "en",
    "parent": 377,
    "numchild": 1,
    "creation_date": "2015-11-03T12:00:27.233Z",
    "depth": 4,
    "position": 0,
    "path": "0010000100010001",
    "placeholder": 19,
    "plugin_type": "BootstrapColumnPlugin"
  },
  "model": "cms.cmsplugin",
  "pk": 378
},
{
  "fields": {
    "changed_date": "2015-11-29T22:39:49.540Z",
    "language": "en",
    "parent": 378,
    "numchild": 3,
    "creation_date": "2015-11-03T12:01:52.087Z",
    "depth": 5,
    "position": 0,
    "path": "00100001000100010001",
    "placeholder": 19,
    "plugin_type": "ProcessBarPlugin"
  },
  "model": "cms.cmsplugin",
  "pk": 379
},
{
  "fields": {
    "changed_date": "2015-11-29T22:39:49.572Z",
    "language": "en",
    "parent": 379,
    "numchild": 3,
    "creation_date": "2015-11-03T12:01:57.069Z",
    "depth": 6,
    "position": 0,
    "path": "001000010001000100010001",
    "placeholder": 19,
    "plugin_type": "ProcessStepPlugin"
  },
  "model": "cms.cmsplugin",
  "pk": 380
},
{
  "fields": {
    "changed_date": "2015-11-29T22:39:49.600Z",
    "language": "en",
    "parent": 380,
    "numchild": 1,
    "creation_date": "2015-11-03T12:03:13.411Z",
    "depth": 7,
    "position": 0,
    "path": "0010000100010001000100010001",
    "placeholder": 19,
    "plugin_type": "SegmentPlugin"
  },
  "model": "cms.cmsplugin",
  "pk": 381
},
{
  "fields": {
    "changed_date": "2015-11-29T22:39:49.627Z",
    "language": "en",
    "parent": 381,
    "numchild": 0,
    "creation_date": "2015-11-03T12:05:35.165Z",
    "depth": 8,
    "position": 0,
    "path": "00100001000100010001000100010001",
    "placeholder": 19,
    "plugin_type": "CustomerFormPlugin"
  },
  "model": "cms.cmsplugin",
  "pk": 382
},
{
  "fields": {
    "changed_date": "2015-11-29T22:39:49.661Z",
    "language": "en",
    "parent": 380,
    "numchild": 1,
    "creation_date": "2015-11-03T12:03:40.516Z",
    "depth": 7,
    "position": 1,
    "path": "0010000100010001000100010002",
    "placeholder": 19,
    "plugin_type": "SegmentPlugin"
  },
  "model": "cms.cmsplugin",
  "pk": 383
},
{
  "fields": {
    "changed_date": "2015-11-29T22:39:49.689Z",
    "language": "en",
    "parent": 383,
    "numchild": 0,
    "creation_date": "2015-11-03T12:04:17.682Z",
    "depth": 8,
    "position": 0,
    "path": "00100001000100010001000100020001",
    "placeholder": 19,
    "plugin_type": "GuestFormPlugin"
  },
  "model": "cms.cmsplugin",
  "pk": 384
},
{
  "fields": {
    "changed_date": "2015-12-01T09:52:26.312Z",
    "language": "en",
    "parent": 380,
    "numchild": 0,
    "creation_date": "2015-11-03T12:06:29.969Z",
    "depth": 7,
    "position": 2,
    "path": "0010000100010001000100010003",
    "placeholder": 19,
    "plugin_type": "ProcessNextStepPlugin"
  },
  "model": "cms.cmsplugin",
  "pk": 385
},
{
  "fields": {
    "changed_date": "2015-11-29T22:39:49.750Z",
    "language": "en",
    "parent": 379,
    "numchild": 3,
    "creation_date": "2015-11-03T12:01:57.141Z",
    "depth": 6,
    "position": 1,
    "path": "001000010001000100010002",
    "placeholder": 19,
    "plugin_type": "ProcessStepPlugin"
  },
  "model": "cms.cmsplugin",
  "pk": 386
},
{
  "fields": {
    "changed_date": "2015-11-29T22:39:49.778Z",
    "language": "en",
    "parent": 386,
    "numchild": 0,
    "creation_date": "2015-11-03T12:07:45.248Z",
    "depth": 7,
    "position": 0,
    "path": "0010000100010001000100020001",
    "placeholder": 19,
    "plugin_type": "ShippingAddressFormPlugin"
  },
  "model": "cms.cmsplugin",
  "pk": 387
},
{
  "fields": {
    "changed_date": "2015-11-29T22:39:49.808Z",
    "language": "en",
    "parent": 386,
    "numchild": 0,
    "creation_date": "2015-11-03T12:08:16.160Z",
    "depth": 7,
    "position": 1,
    "path": "0010000100010001000100020002",
    "placeholder": 19,
    "plugin_type": "BillingAddressFormPlugin"
  },
  "model": "cms.cmsplugin",
  "pk": 388
},
{
  "fields": {
    "changed_date": "2015-12-01T09:53:26.723Z",
    "language": "en",
    "parent": 386,
    "numchild": 0,
    "creation_date": "2015-11-03T12:08:38.948Z",
    "depth": 7,
    "position": 2,
    "path": "0010000100010001000100020003",
    "placeholder": 19,
    "plugin_type": "ProcessNextStepPlugin"
  },
  "model": "cms.cmsplugin",
  "pk": 389
},
{
  "fields": {
    "changed_date": "2015-11-29T22:39:49.871Z",
    "language": "en",
    "parent": 379,
    "numchild": 6,
    "creation_date": "2015-11-03T12:01:57.216Z",
    "depth": 6,
    "position": 2,
    "path": "001000010001000100010003",
    "placeholder": 19,
    "plugin_type": "ProcessStepPlugin"
  },
  "model": "cms.cmsplugin",
  "pk": 390
},
{
  "fields": {
    "changed_date": "2015-11-29T22:39:49.898Z",
    "language": "en",
    "parent": 390,
    "numchild": 0,
    "creation_date": "2015-11-03T12:09:28.368Z",
    "depth": 7,
    "position": 0,
    "path": "0010000100010001000100030001",
    "placeholder": 19,
    "plugin_type": "ShopCartPlugin"
  },
  "model": "cms.cmsplugin",
  "pk": 391
},
{
  "fields": {
    "changed_date": "2015-11-29T22:39:49.932Z",
    "language": "en",
    "parent": 390,
    "numchild": 0,
    "creation_date": "2015-11-03T12:10:27.667Z",
    "depth": 7,
    "position": 1,
    "path": "0010000100010001000100030002",
    "placeholder": 19,
    "plugin_type": "PaymentMethodFormPlugin"
  },
  "model": "cms.cmsplugin",
  "pk": 392
},
{
  "fields": {
    "changed_date": "2015-11-29T22:39:49.969Z",
    "language": "en",
    "parent": 390,
    "numchild": 0,
    "creation_date": "2015-11-03T12:10:56.492Z",
    "depth": 7,
    "position": 2,
    "path": "0010000100010001000100030003",
    "placeholder": 19,
    "plugin_type": "ShippingMethodFormPlugin"
  },
  "model": "cms.cmsplugin",
  "pk": 393
},
{
  "fields": {
    "changed_date": "2015-11-29T22:39:50.008Z",
    "language": "en",
    "parent": 390,
    "numchild": 0,
    "creation_date": "2015-11-03T12:11:30.640Z",
    "depth": 7,
    "position": 3,
    "path": "0010000100010001000100030004",
    "placeholder": 19,
    "plugin_type": "ExtraAnnotationFormPlugin"
  },
  "model": "cms.cmsplugin",
  "pk": 394
},
{
  "fields": {
    "changed_date": "2015-11-29T22:39:50.042Z",
    "language": "en",
    "parent": 390,
    "numchild": 0,
    "creation_date": "2015-11-03T12:12:11.300Z",
    "depth": 7,
    "position": 4,
    "path": "0010000100010001000100030005",
    "placeholder": 19,
    "plugin_type": "AcceptConditionFormPlugin"
  },
  "model": "cms.cmsplugin",
  "pk": 395
},
{
  "fields": {
    "changed_date": "2015-12-01T09:54:09.425Z",
    "language": "en",
    "parent": 390,
    "numchild": 0,
    "creation_date": "2015-11-03T15:12:48.394Z",
    "depth": 7,
    "position": 5,
    "path": "0010000100010001000100030006",
    "placeholder": 19,
    "plugin_type": "ShopProceedButton"
  },
  "model": "cms.cmsplugin",
  "pk": 396
},
{
  "fields": {
    "changed_date": "2015-11-29T22:39:50.109Z",
    "language": "en",
    "parent": 375,
    "numchild": 1,
    "creation_date": "2015-11-03T11:52:57.955Z",
    "depth": 2,
    "position": 1,
    "path": "00100002",
    "placeholder": 19,
    "plugin_type": "SegmentPlugin"
  },
  "model": "cms.cmsplugin",
  "pk": 397
},
{
  "fields": {
    "changed_date": "2015-11-29T22:39:50.136Z",
    "language": "en",
    "parent": 397,
    "numchild": 3,
    "creation_date": "2015-11-13T07:58:26.829Z",
    "depth": 3,
    "position": 0,
    "path": "001000020001",
    "placeholder": 19,
    "plugin_type": "BootstrapRowPlugin"
  },
  "model": "cms.cmsplugin",
  "pk": 398
},
{
  "fields": {
    "changed_date": "2015-11-29T22:39:50.182Z",
    "language": "en",
    "parent": 398,
    "numchild": 1,
    "creation_date": "2015-11-13T07:58:30.141Z",
    "depth": 4,
    "position": 0,
    "path": "0010000200010001",
    "placeholder": 19,
    "plugin_type": "BootstrapColumnPlugin"
  },
  "model": "cms.cmsplugin",
  "pk": 399
},
{
  "fields": {
    "changed_date": "2015-11-29T22:39:50.208Z",
    "language": "en",
    "parent": 399,
    "numchild": 0,
    "creation_date": "2015-11-13T07:59:27.855Z",
    "depth": 5,
    "position": 0,
    "path": "00100002000100010001",
    "placeholder": 19,
    "plugin_type": "ShopAuthenticationPlugin"
  },
  "model": "cms.cmsplugin",
  "pk": 400
},
{
  "fields": {
    "changed_date": "2015-11-29T22:39:50.256Z",
    "language": "en",
    "parent": 398,
    "numchild": 1,
    "creation_date": "2015-11-13T07:58:30.251Z",
    "depth": 4,
    "position": 1,
    "path": "0010000200010002",
    "placeholder": 19,
    "plugin_type": "BootstrapColumnPlugin"
  },
  "model": "cms.cmsplugin",
  "pk": 401
},
{
  "fields": {
    "changed_date": "2015-11-29T22:39:50.293Z",
    "language": "en",
    "parent": 401,
    "numchild": 0,
    "creation_date": "2015-11-13T08:01:15.285Z",
    "depth": 5,
    "position": 0,
    "path": "00100002000100020001",
    "placeholder": 19,
    "plugin_type": "ShopAuthenticationPlugin"
  },
  "model": "cms.cmsplugin",
  "pk": 402
},
{
  "fields": {
    "changed_date": "2015-11-29T22:39:50.338Z",
    "language": "en",
    "parent": 398,
    "numchild": 1,
    "creation_date": "2015-11-13T07:58:30.362Z",
    "depth": 4,
    "position": 2,
    "path": "0010000200010003",
    "placeholder": 19,
    "plugin_type": "BootstrapColumnPlugin"
  },
  "model": "cms.cmsplugin",
  "pk": 403
},
{
  "fields": {
    "changed_date": "2015-11-29T22:39:50.367Z",
    "language": "en",
    "parent": 403,
    "numchild": 0,
    "creation_date": "2015-11-13T08:01:42.825Z",
    "depth": 5,
    "position": 0,
    "path": "00100002000100030001",
    "placeholder": 19,
    "plugin_type": "ShopAuthenticationPlugin"
  },
  "model": "cms.cmsplugin",
  "pk": 404
},
{
  "fields": {
    "changed_date": "2015-12-01T11:32:45.788Z",
    "language": "en",
    "parent": null,
    "numchild": 1,
    "creation_date": "2015-11-01T00:05:30.475Z",
    "depth": 1,
    "position": 0,
    "path": "0012",
    "placeholder": 16,
    "plugin_type": "BootstrapRowPlugin"
  },
  "model": "cms.cmsplugin",
  "pk": 519
},
{
  "fields": {
    "changed_date": "2015-12-01T11:32:45.819Z",
    "language": "en",
    "parent": 519,
    "numchild": 1,
    "creation_date": "2015-11-01T00:05:36.180Z",
    "depth": 2,
    "position": 0,
    "path": "00120001",
    "placeholder": 16,
    "plugin_type": "BootstrapColumnPlugin"
  },
  "model": "cms.cmsplugin",
  "pk": 520
},
{
  "fields": {
    "changed_date": "2015-12-01T11:32:45.845Z",
    "language": "en",
    "parent": 520,
    "numchild": 0,
    "creation_date": "2015-11-02T14:46:52.664Z",
    "depth": 3,
    "position": 0,
    "path": "001200010001",
    "placeholder": 16,
    "plugin_type": "ShopCartPlugin"
  },
  "model": "cms.cmsplugin",
  "pk": 521
},
{
  "fields": {
    "changed_date": "2015-12-01T11:32:45.871Z",
    "language": "en",
    "parent": null,
    "numchild": 2,
    "creation_date": "2015-11-03T10:32:50.862Z",
    "depth": 1,
    "position": 1,
    "path": "0013",
    "placeholder": 16,
    "plugin_type": "BootstrapRowPlugin"
  },
  "model": "cms.cmsplugin",
  "pk": 522
},
{
  "fields": {
    "changed_date": "2015-12-01T11:32:45.907Z",
    "language": "en",
    "parent": 522,
    "numchild": 1,
    "creation_date": "2015-11-03T10:32:56.109Z",
    "depth": 2,
    "position": 0,
    "path": "00130001",
    "placeholder": 16,
    "plugin_type": "BootstrapColumnPlugin"
  },
  "model": "cms.cmsplugin",
  "pk": 523
},
{
  "fields": {
    "changed_date": "2015-12-01T11:32:45.937Z",
    "language": "en",
    "parent": 523,
    "numchild": 0,
    "creation_date": "2015-11-03T10:46:46.928Z",
    "depth": 3,
    "position": 0,
    "path": "001300010001",
    "placeholder": 16,
    "plugin_type": "BootstrapButtonPlugin"
  },
  "model": "cms.cmsplugin",
  "pk": 524
},
{
  "fields": {
    "changed_date": "2015-12-01T11:32:45.978Z",
    "language": "en",
    "parent": 522,
    "numchild": 1,
    "creation_date": "2015-11-03T10:32:56.205Z",
    "depth": 2,
    "position": 1,
    "path": "00130002",
    "placeholder": 16,
    "plugin_type": "BootstrapColumnPlugin"
  },
  "model": "cms.cmsplugin",
  "pk": 525
},
{
  "fields": {
    "changed_date": "2015-12-01T11:32:46.003Z",
    "language": "en",
    "parent": 525,
    "numchild": 0,
    "creation_date": "2015-11-03T16:29:17.878Z",
    "depth": 3,
    "position": 0,
    "path": "001300020001",
    "placeholder": 16,
    "plugin_type": "BootstrapButtonPlugin"
  },
  "model": "cms.cmsplugin",
  "pk": 526
},
{
  "fields": {
    "changed_date": "2015-12-01T21:56:40.404Z",
    "language": "en",
    "parent": null,
    "numchild": 2,
    "creation_date": "2015-11-03T11:51:58.053Z",
    "depth": 1,
    "position": 0,
    "path": "0014",
    "placeholder": 21,
    "plugin_type": "SimpleWrapperPlugin"
  },
  "model": "cms.cmsplugin",
  "pk": 527
},
{
  "fields": {
    "changed_date": "2015-12-01T21:56:40.430Z",
    "language": "en",
    "parent": 527,
    "numchild": 1,
    "creation_date": "2015-11-03T11:52:31.490Z",
    "depth": 2,
    "position": 0,
    "path": "00140001",
    "placeholder": 21,
    "plugin_type": "SegmentPlugin"
  },
  "model": "cms.cmsplugin",
  "pk": 528
},
{
  "fields": {
    "changed_date": "2015-12-01T21:56:40.455Z",
    "language": "en",
    "parent": 528,
    "numchild": 1,
    "creation_date": "2015-11-03T12:00:22.464Z",
    "depth": 3,
    "position": 0,
    "path": "001400010001",
    "placeholder": 21,
    "plugin_type": "BootstrapRowPlugin"
  },
  "model": "cms.cmsplugin",
  "pk": 529
},
{
  "fields": {
    "changed_date": "2015-12-01T21:56:40.500Z",
    "language": "en",
    "parent": 529,
    "numchild": 1,
    "creation_date": "2015-11-03T12:00:27.233Z",
    "depth": 4,
    "position": 0,
    "path": "0014000100010001",
    "placeholder": 21,
    "plugin_type": "BootstrapColumnPlugin"
  },
  "model": "cms.cmsplugin",
  "pk": 530
},
{
  "fields": {
    "changed_date": "2015-12-01T21:56:40.527Z",
    "language": "en",
    "parent": 530,
    "numchild": 3,
    "creation_date": "2015-11-03T12:01:52.087Z",
    "depth": 5,
    "position": 0,
    "path": "00140001000100010001",
    "placeholder": 21,
    "plugin_type": "ProcessBarPlugin"
  },
  "model": "cms.cmsplugin",
  "pk": 531
},
{
  "fields": {
    "changed_date": "2015-12-01T21:56:40.552Z",
    "language": "en",
    "parent": 531,
    "numchild": 3,
    "creation_date": "2015-11-03T12:01:57.069Z",
    "depth": 6,
    "position": 0,
    "path": "001400010001000100010001",
    "placeholder": 21,
    "plugin_type": "ProcessStepPlugin"
  },
  "model": "cms.cmsplugin",
  "pk": 532
},
{
  "fields": {
    "changed_date": "2015-12-01T21:56:40.578Z",
    "language": "en",
    "parent": 532,
    "numchild": 1,
    "creation_date": "2015-11-03T12:03:13.411Z",
    "depth": 7,
    "position": 0,
    "path": "0014000100010001000100010001",
    "placeholder": 21,
    "plugin_type": "SegmentPlugin"
  },
  "model": "cms.cmsplugin",
  "pk": 533
},
{
  "fields": {
    "changed_date": "2015-12-01T21:56:40.603Z",
    "language": "en",
    "parent": 533,
    "numchild": 0,
    "creation_date": "2015-11-03T12:05:35.165Z",
    "depth": 8,
    "position": 0,
    "path": "00140001000100010001000100010001",
    "placeholder": 21,
    "plugin_type": "CustomerFormPlugin"
  },
  "model": "cms.cmsplugin",
  "pk": 534
},
{
  "fields": {
    "changed_date": "2015-12-01T21:56:40.635Z",
    "language": "en",
    "parent": 532,
    "numchild": 1,
    "creation_date": "2015-11-03T12:03:40.516Z",
    "depth": 7,
    "position": 1,
    "path": "0014000100010001000100010002",
    "placeholder": 21,
    "plugin_type": "SegmentPlugin"
  },
  "model": "cms.cmsplugin",
  "pk": 535
},
{
  "fields": {
    "changed_date": "2015-12-01T21:56:40.660Z",
    "language": "en",
    "parent": 535,
    "numchild": 0,
    "creation_date": "2015-11-03T12:04:17.682Z",
    "depth": 8,
    "position": 0,
    "path": "00140001000100010001000100020001",
    "placeholder": 21,
    "plugin_type": "GuestFormPlugin"
  },
  "model": "cms.cmsplugin",
  "pk": 536
},
{
  "fields": {
    "changed_date": "2015-12-01T21:56:40.690Z",
    "language": "en",
    "parent": 532,
    "numchild": 0,
    "creation_date": "2015-11-03T12:06:29.969Z",
    "depth": 7,
    "position": 2,
    "path": "0014000100010001000100010003",
    "placeholder": 21,
    "plugin_type": "ProcessNextStepPlugin"
  },
  "model": "cms.cmsplugin",
  "pk": 537
},
{
  "fields": {
    "changed_date": "2015-12-01T21:56:40.725Z",
    "language": "en",
    "parent": 531,
    "numchild": 3,
    "creation_date": "2015-11-03T12:01:57.141Z",
    "depth": 6,
    "position": 1,
    "path": "001400010001000100010002",
    "placeholder": 21,
    "plugin_type": "ProcessStepPlugin"
  },
  "model": "cms.cmsplugin",
  "pk": 538
},
{
  "fields": {
    "changed_date": "2015-12-01T21:56:40.749Z",
    "language": "en",
    "parent": 538,
    "numchild": 0,
    "creation_date": "2015-11-03T12:07:45.248Z",
    "depth": 7,
    "position": 0,
    "path": "0014000100010001000100020001",
    "placeholder": 21,
    "plugin_type": "ShippingAddressFormPlugin"
  },
  "model": "cms.cmsplugin",
  "pk": 539
},
{
  "fields": {
    "changed_date": "2015-12-01T21:56:40.781Z",
    "language": "en",
    "parent": 538,
    "numchild": 0,
    "creation_date": "2015-11-03T12:08:16.160Z",
    "depth": 7,
    "position": 1,
    "path": "0014000100010001000100020002",
    "placeholder": 21,
    "plugin_type": "BillingAddressFormPlugin"
  },
  "model": "cms.cmsplugin",
  "pk": 540
},
{
  "fields": {
    "changed_date": "2015-12-01T21:56:40.808Z",
    "language": "en",
    "parent": 538,
    "numchild": 0,
    "creation_date": "2015-11-03T12:08:38.948Z",
    "depth": 7,
    "position": 2,
    "path": "0014000100010001000100020003",
    "placeholder": 21,
    "plugin_type": "ProcessNextStepPlugin"
  },
  "model": "cms.cmsplugin",
  "pk": 541
},
{
  "fields": {
    "changed_date": "2015-12-01T21:56:40.837Z",
    "language": "en",
    "parent": 531,
    "numchild": 6,
    "creation_date": "2015-11-03T12:01:57.216Z",
    "depth": 6,
    "position": 2,
    "path": "001400010001000100010003",
    "placeholder": 21,
    "plugin_type": "ProcessStepPlugin"
  },
  "model": "cms.cmsplugin",
  "pk": 542
},
{
  "fields": {
    "changed_date": "2015-12-01T21:56:40.866Z",
    "language": "en",
    "parent": 542,
    "numchild": 0,
    "creation_date": "2015-11-03T12:09:28.368Z",
    "depth": 7,
    "position": 0,
    "path": "0014000100010001000100030001",
    "placeholder": 21,
    "plugin_type": "ShopCartPlugin"
  },
  "model": "cms.cmsplugin",
  "pk": 543
},
{
  "fields": {
    "changed_date": "2015-12-01T21:56:40.894Z",
    "language": "en",
    "parent": 542,
    "numchild": 0,
    "creation_date": "2015-11-03T12:10:27.667Z",
    "depth": 7,
    "position": 1,
    "path": "0014000100010001000100030002",
    "placeholder": 21,
    "plugin_type": "PaymentMethodFormPlugin"
  },
  "model": "cms.cmsplugin",
  "pk": 544
},
{
  "fields": {
    "changed_date": "2015-12-01T21:56:40.921Z",
    "language": "en",
    "parent": 542,
    "numchild": 0,
    "creation_date": "2015-11-03T12:10:56.492Z",
    "depth": 7,
    "position": 2,
    "path": "0014000100010001000100030003",
    "placeholder": 21,
    "plugin_type": "ShippingMethodFormPlugin"
  },
  "model": "cms.cmsplugin",
  "pk": 545
},
{
  "fields": {
    "changed_date": "2015-12-01T21:56:40.949Z",
    "language": "en",
    "parent": 542,
    "numchild": 0,
    "creation_date": "2015-11-03T12:11:30.640Z",
    "depth": 7,
    "position": 3,
    "path": "0014000100010001000100030004",
    "placeholder": 21,
    "plugin_type": "ExtraAnnotationFormPlugin"
  },
  "model": "cms.cmsplugin",
  "pk": 546
},
{
  "fields": {
    "changed_date": "2015-12-01T21:56:40.979Z",
    "language": "en",
    "parent": 542,
    "numchild": 0,
    "creation_date": "2015-11-03T12:12:11.300Z",
    "depth": 7,
    "position": 4,
    "path": "0014000100010001000100030005",
    "placeholder": 21,
    "plugin_type": "AcceptConditionFormPlugin"
  },
  "model": "cms.cmsplugin",
  "pk": 547
},
{
  "fields": {
    "changed_date": "2015-12-01T21:56:41.007Z",
    "language": "en",
    "parent": 542,
    "numchild": 0,
    "creation_date": "2015-11-03T15:12:48.394Z",
    "depth": 7,
    "position": 5,
    "path": "0014000100010001000100030006",
    "placeholder": 21,
    "plugin_type": "ShopProceedButton"
  },
  "model": "cms.cmsplugin",
  "pk": 548
},
{
  "fields": {
    "changed_date": "2015-12-01T21:56:41.038Z",
    "language": "en",
    "parent": 527,
    "numchild": 1,
    "creation_date": "2015-11-03T11:52:57.955Z",
    "depth": 2,
    "position": 1,
    "path": "00140002",
    "placeholder": 21,
    "plugin_type": "SegmentPlugin"
  },
  "model": "cms.cmsplugin",
  "pk": 549
},
{
  "fields": {
    "changed_date": "2015-12-01T21:56:41.064Z",
    "language": "en",
    "parent": 549,
    "numchild": 3,
    "creation_date": "2015-11-13T07:58:26.829Z",
    "depth": 3,
    "position": 0,
    "path": "001400020001",
    "placeholder": 21,
    "plugin_type": "BootstrapRowPlugin"
  },
  "model": "cms.cmsplugin",
  "pk": 550
},
{
  "fields": {
    "changed_date": "2015-12-01T21:56:41.102Z",
    "language": "en",
    "parent": 550,
    "numchild": 1,
    "creation_date": "2015-11-13T07:58:30.141Z",
    "depth": 4,
    "position": 0,
    "path": "0014000200010001",
    "placeholder": 21,
    "plugin_type": "BootstrapColumnPlugin"
  },
  "model": "cms.cmsplugin",
  "pk": 551
},
{
  "fields": {
    "changed_date": "2015-12-01T21:56:41.126Z",
    "language": "en",
    "parent": 551,
    "numchild": 0,
    "creation_date": "2015-11-13T07:59:27.855Z",
    "depth": 5,
    "position": 0,
    "path": "00140002000100010001",
    "placeholder": 21,
    "plugin_type": "ShopAuthenticationPlugin"
  },
  "model": "cms.cmsplugin",
  "pk": 552
},
{
  "fields": {
    "changed_date": "2015-12-01T21:56:41.173Z",
    "language": "en",
    "parent": 550,
    "numchild": 1,
    "creation_date": "2015-11-13T07:58:30.251Z",
    "depth": 4,
    "position": 1,
    "path": "0014000200010002",
    "placeholder": 21,
    "plugin_type": "BootstrapColumnPlugin"
  },
  "model": "cms.cmsplugin",
  "pk": 553
},
{
  "fields": {
    "changed_date": "2015-12-01T21:56:41.199Z",
    "language": "en",
    "parent": 553,
    "numchild": 0,
    "creation_date": "2015-11-13T08:01:15.285Z",
    "depth": 5,
    "position": 0,
    "path": "00140002000100020001",
    "placeholder": 21,
    "plugin_type": "ShopAuthenticationPlugin"
  },
  "model": "cms.cmsplugin",
  "pk": 554
},
{
  "fields": {
    "changed_date": "2015-12-01T21:56:41.245Z",
    "language": "en",
    "parent": 550,
    "numchild": 1,
    "creation_date": "2015-11-13T07:58:30.362Z",
    "depth": 4,
    "position": 2,
    "path": "0014000200010003",
    "placeholder": 21,
    "plugin_type": "BootstrapColumnPlugin"
  },
  "model": "cms.cmsplugin",
  "pk": 555
},
{
  "fields": {
    "changed_date": "2015-12-01T21:56:41.277Z",
    "language": "en",
    "parent": 555,
    "numchild": 0,
    "creation_date": "2015-11-13T08:01:42.825Z",
    "depth": 5,
    "position": 0,
    "path": "00140002000100030001",
    "placeholder": 21,
    "plugin_type": "ShopAuthenticationPlugin"
  },
  "model": "cms.cmsplugin",
  "pk": 556
},
{
  "fields": {
    "changed_date": "2015-12-01T21:56:57.232Z",
    "language": "de",
    "parent": null,
    "numchild": 1,
    "creation_date": "2015-11-01T00:05:30.475Z",
    "depth": 1,
    "position": 0,
    "path": "0015",
    "placeholder": 16,
    "plugin_type": "BootstrapRowPlugin"
  },
  "model": "cms.cmsplugin",
  "pk": 557
},
{
  "fields": {
    "changed_date": "2015-12-01T21:56:57.271Z",
    "language": "de",
    "parent": 557,
    "numchild": 1,
    "creation_date": "2015-11-01T00:05:36.180Z",
    "depth": 2,
    "position": 0,
    "path": "00150001",
    "placeholder": 16,
    "plugin_type": "BootstrapColumnPlugin"
  },
  "model": "cms.cmsplugin",
  "pk": 558
},
{
  "fields": {
    "changed_date": "2015-12-01T21:56:57.299Z",
    "language": "de",
    "parent": 558,
    "numchild": 0,
    "creation_date": "2015-11-02T14:46:52.664Z",
    "depth": 3,
    "position": 0,
    "path": "001500010001",
    "placeholder": 16,
    "plugin_type": "ShopCartPlugin"
  },
  "model": "cms.cmsplugin",
  "pk": 559
},
{
  "fields": {
    "changed_date": "2015-12-01T21:56:57.323Z",
    "language": "de",
    "parent": null,
    "numchild": 2,
    "creation_date": "2015-11-03T10:32:50.862Z",
    "depth": 1,
    "position": 1,
    "path": "0016",
    "placeholder": 16,
    "plugin_type": "BootstrapRowPlugin"
  },
  "model": "cms.cmsplugin",
  "pk": 560
},
{
  "fields": {
    "changed_date": "2015-12-01T21:56:57.356Z",
    "language": "de",
    "parent": 560,
    "numchild": 1,
    "creation_date": "2015-11-03T10:32:56.109Z",
    "depth": 2,
    "position": 0,
    "path": "00160001",
    "placeholder": 16,
    "plugin_type": "BootstrapColumnPlugin"
  },
  "model": "cms.cmsplugin",
  "pk": 561
},
{
  "fields": {
    "changed_date": "2015-12-01T21:56:57.379Z",
    "language": "de",
    "parent": 561,
    "numchild": 0,
    "creation_date": "2015-11-03T10:46:46.928Z",
    "depth": 3,
    "position": 0,
    "path": "001600010001",
    "placeholder": 16,
    "plugin_type": "BootstrapButtonPlugin"
  },
  "model": "cms.cmsplugin",
  "pk": 562
},
{
  "fields": {
    "changed_date": "2015-12-01T21:56:57.415Z",
    "language": "de",
    "parent": 560,
    "numchild": 1,
    "creation_date": "2015-11-03T10:32:56.205Z",
    "depth": 2,
    "position": 1,
    "path": "00160002",
    "placeholder": 16,
    "plugin_type": "BootstrapColumnPlugin"
  },
  "model": "cms.cmsplugin",
  "pk": 563
},
{
  "fields": {
    "changed_date": "2015-12-01T21:56:57.438Z",
    "language": "de",
    "parent": 563,
    "numchild": 0,
    "creation_date": "2015-11-03T16:29:17.878Z",
    "depth": 3,
    "position": 0,
    "path": "001600020001",
    "placeholder": 16,
    "plugin_type": "BootstrapButtonPlugin"
  },
  "model": "cms.cmsplugin",
  "pk": 564
},
{
  "fields": {
    "changed_date": "2015-12-01T21:58:00.607Z",
    "language": "en",
    "parent": null,
    "numchild": 2,
    "creation_date": "2015-11-05T11:08:54.064Z",
    "depth": 1,
    "position": 0,
    "path": "0017",
    "placeholder": 23,
    "plugin_type": "BootstrapRowPlugin"
  },
  "model": "cms.cmsplugin",
  "pk": 565
},
{
  "fields": {
    "changed_date": "2015-12-01T21:58:00.642Z",
    "language": "en",
    "parent": 565,
    "numchild": 1,
    "creation_date": "2015-11-05T11:09:02.696Z",
    "depth": 2,
    "position": 0,
    "path": "00170001",
    "placeholder": 23,
    "plugin_type": "BootstrapColumnPlugin"
  },
  "model": "cms.cmsplugin",
  "pk": 566
},
{
  "fields": {
    "changed_date": "2015-12-01T21:58:00.674Z",
    "language": "en",
    "parent": 566,
    "numchild": 0,
    "creation_date": "2015-11-25T17:34:43.289Z",
    "depth": 3,
    "position": 0,
    "path": "001700010001",
    "placeholder": 23,
    "plugin_type": "BootstrapImagePlugin"
  },
  "model": "cms.cmsplugin",
  "pk": 567
},
{
  "fields": {
    "changed_date": "2015-12-01T21:58:00.723Z",
    "language": "en",
    "parent": 565,
    "numchild": 1,
    "creation_date": "2015-11-05T11:09:02.802Z",
    "depth": 2,
    "position": 1,
    "path": "00170002",
    "placeholder": 23,
    "plugin_type": "BootstrapColumnPlugin"
  },
  "model": "cms.cmsplugin",
  "pk": 568
},
{
  "fields": {
    "changed_date": "2015-12-01T21:59:27.531Z",
    "language": "en",
    "parent": 568,
    "numchild": 0,
    "creation_date": "2015-12-01T21:58:00.739Z",
    "depth": 3,
    "position": null,
    "path": "001700020001",
    "placeholder": 23,
    "plugin_type": "TextPlugin"
  },
  "model": "cms.cmsplugin",
  "pk": 569
},
{
  "fields": {
    "changed_date": "2015-12-02T14:18:02.382Z",
    "language": "en",
    "parent": null,
    "numchild": 2,
    "creation_date": "2015-11-05T11:08:54.064Z",
    "depth": 1,
    "position": 0,
    "path": "001A",
    "placeholder": 25,
    "plugin_type": "BootstrapRowPlugin"
  },
  "model": "cms.cmsplugin",
  "pk": 585
},
{
  "fields": {
    "changed_date": "2015-12-02T14:18:02.432Z",
    "language": "en",
    "parent": 585,
    "numchild": 1,
    "creation_date": "2015-11-05T11:09:02.696Z",
    "depth": 2,
    "position": 0,
    "path": "001A0001",
    "placeholder": 25,
    "plugin_type": "BootstrapColumnPlugin"
  },
  "model": "cms.cmsplugin",
  "pk": 586
},
{
  "fields": {
    "changed_date": "2015-12-02T14:18:02.455Z",
    "language": "en",
    "parent": 586,
    "numchild": 0,
    "creation_date": "2015-11-25T17:34:43.289Z",
    "depth": 3,
    "position": 0,
    "path": "001A00010001",
    "placeholder": 25,
    "plugin_type": "BootstrapImagePlugin"
  },
  "model": "cms.cmsplugin",
  "pk": 587
},
{
  "fields": {
    "changed_date": "2015-12-02T14:18:02.493Z",
    "language": "en",
    "parent": 585,
    "numchild": 1,
    "creation_date": "2015-11-05T11:09:02.802Z",
    "depth": 2,
    "position": 1,
    "path": "001A0002",
    "placeholder": 25,
    "plugin_type": "BootstrapColumnPlugin"
  },
  "model": "cms.cmsplugin",
  "pk": 588
},
{
  "fields": {
    "changed_date": "2015-12-02T14:18:02.561Z",
    "language": "en",
    "parent": 588,
    "numchild": 0,
    "creation_date": "2015-12-01T21:58:00.739Z",
    "depth": 3,
    "position": null,
    "path": "001A00020001",
    "placeholder": 25,
    "plugin_type": "TextPlugin"
  },
  "model": "cms.cmsplugin",
  "pk": 589
},
{
  "fields": {
    "changed_date": "2015-12-02T14:18:10.759Z",
    "language": "de",
    "parent": null,
    "numchild": 2,
    "creation_date": "2015-11-05T11:08:54.064Z",
    "depth": 1,
    "position": 0,
    "path": "001B",
    "placeholder": 25,
    "plugin_type": "BootstrapRowPlugin"
  },
  "model": "cms.cmsplugin",
  "pk": 590
},
{
  "fields": {
    "changed_date": "2015-12-02T14:18:10.792Z",
    "language": "de",
    "parent": 590,
    "numchild": 1,
    "creation_date": "2015-11-05T11:09:02.696Z",
    "depth": 2,
    "position": 0,
    "path": "001B0001",
    "placeholder": 25,
    "plugin_type": "BootstrapColumnPlugin"
  },
  "model": "cms.cmsplugin",
  "pk": 591
},
{
  "fields": {
    "changed_date": "2015-12-02T14:18:10.818Z",
    "language": "de",
    "parent": 591,
    "numchild": 0,
    "creation_date": "2015-11-25T17:34:43.289Z",
    "depth": 3,
    "position": 0,
    "path": "001B00010001",
    "placeholder": 25,
    "plugin_type": "BootstrapImagePlugin"
  },
  "model": "cms.cmsplugin",
  "pk": 592
},
{
  "fields": {
    "changed_date": "2015-12-02T14:18:10.854Z",
    "language": "de",
    "parent": 590,
    "numchild": 1,
    "creation_date": "2015-11-05T11:09:02.802Z",
    "depth": 2,
    "position": 1,
    "path": "001B0002",
    "placeholder": 25,
    "plugin_type": "BootstrapColumnPlugin"
  },
  "model": "cms.cmsplugin",
  "pk": 593
},
{
  "fields": {
    "changed_date": "2015-12-02T14:18:10.919Z",
    "language": "de",
    "parent": 593,
    "numchild": 0,
    "creation_date": "2015-11-05T12:07:15.175Z",
    "depth": 3,
    "position": 0,
    "path": "001B00020001",
    "placeholder": 25,
    "plugin_type": "TextPlugin"
  },
  "model": "cms.cmsplugin",
  "pk": 594
},
{
  "fields": {
    "changed_date": "2015-12-02T22:11:38.464Z",
    "language": "de",
    "parent": null,
    "numchild": 1,
    "creation_date": "2015-12-02T22:11:34.445Z",
    "depth": 1,
    "position": 0,
    "path": "001C",
    "placeholder": 50,
    "plugin_type": "BootstrapRowPlugin"
  },
  "model": "cms.cmsplugin",
  "pk": 595
},
{
  "fields": {
    "changed_date": "2015-12-02T22:11:38.567Z",
    "language": "de",
    "parent": 595,
    "numchild": 1,
    "creation_date": "2015-12-02T22:11:38.478Z",
    "depth": 2,
    "position": 0,
    "path": "001C0001",
    "placeholder": 50,
    "plugin_type": "BootstrapColumnPlugin"
  },
  "model": "cms.cmsplugin",
  "pk": 596
},
{
  "fields": {
    "changed_date": "2015-12-02T22:11:58.433Z",
    "language": "de",
    "parent": 596,
    "numchild": 0,
    "creation_date": "2015-12-02T22:11:55.914Z",
    "depth": 3,
    "position": 0,
    "path": "001C00010001",
    "placeholder": 50,
    "plugin_type": "ShopCatalogPlugin"
  },
  "model": "cms.cmsplugin",
  "pk": 597
},
{
  "fields": {
    "changed_date": "2015-12-03T07:59:46.186Z",
    "language": "de",
    "parent": null,
    "numchild": 1,
    "creation_date": "2015-11-25T16:17:20.985Z",
    "depth": 1,
    "position": 0,
    "path": "001E",
    "placeholder": 48,
    "plugin_type": "BootstrapRowPlugin"
  },
  "model": "cms.cmsplugin",
  "pk": 601
},
{
  "fields": {
    "changed_date": "2015-12-03T07:59:46.223Z",
    "language": "de",
    "parent": 601,
    "numchild": 1,
    "creation_date": "2015-11-25T16:17:25.980Z",
    "depth": 2,
    "position": 0,
    "path": "001E0001",
    "placeholder": 48,
    "plugin_type": "BootstrapColumnPlugin"
  },
  "model": "cms.cmsplugin",
  "pk": 602
},
{
  "fields": {
    "changed_date": "2015-12-03T07:59:46.250Z",
    "language": "de",
    "parent": 602,
    "numchild": 0,
    "creation_date": "2015-11-25T16:17:48.923Z",
    "depth": 3,
    "position": 0,
    "path": "001E00010001",
    "placeholder": 48,
    "plugin_type": "ShopCatalogPlugin"
  },
  "model": "cms.cmsplugin",
  "pk": 603
},
{
  "fields": {
    "changed_date": "2015-12-03T08:00:21.877Z",
    "language": "de",
    "parent": null,
    "numchild": 1,
    "creation_date": "2015-12-02T22:11:34.445Z",
    "depth": 1,
    "position": 0,
    "path": "001F",
    "placeholder": 52,
    "plugin_type": "BootstrapRowPlugin"
  },
  "model": "cms.cmsplugin",
  "pk": 604
},
{
  "fields": {
    "changed_date": "2015-12-03T08:00:21.914Z",
    "language": "de",
    "parent": 604,
    "numchild": 1,
    "creation_date": "2015-12-02T22:11:38.478Z",
    "depth": 2,
    "position": 0,
    "path": "001F0001",
    "placeholder": 52,
    "plugin_type": "BootstrapColumnPlugin"
  },
  "model": "cms.cmsplugin",
  "pk": 605
},
{
  "fields": {
    "changed_date": "2015-12-03T08:00:21.938Z",
    "language": "de",
    "parent": 605,
    "numchild": 0,
    "creation_date": "2015-12-02T22:11:55.914Z",
    "depth": 3,
    "position": 0,
    "path": "001F00010001",
    "placeholder": 52,
    "plugin_type": "ShopCatalogPlugin"
  },
  "model": "cms.cmsplugin",
  "pk": 606
},
{
  "fields": {
    "changed_date": "2015-12-03T08:01:07.279Z",
    "language": "de",
    "parent": null,
    "numchild": 1,
    "creation_date": "2015-12-03T08:01:03.043Z",
    "depth": 1,
    "position": 0,
    "path": "001G",
    "placeholder": 54,
    "plugin_type": "BootstrapRowPlugin"
  },
  "model": "cms.cmsplugin",
  "pk": 607
},
{
  "fields": {
    "changed_date": "2015-12-03T08:01:07.374Z",
    "language": "de",
    "parent": 607,
    "numchild": 1,
    "creation_date": "2015-12-03T08:01:07.295Z",
    "depth": 2,
    "position": 0,
    "path": "001G0001",
    "placeholder": 54,
    "plugin_type": "BootstrapColumnPlugin"
  },
  "model": "cms.cmsplugin",
  "pk": 608
},
{
  "fields": {
    "changed_date": "2015-12-03T08:01:39.168Z",
    "language": "de",
    "parent": 608,
    "numchild": 0,
    "creation_date": "2015-12-03T08:01:36.851Z",
    "depth": 3,
    "position": 0,
    "path": "001G00010001",
    "placeholder": 54,
    "plugin_type": "ShopCatalogPlugin"
  },
  "model": "cms.cmsplugin",
  "pk": 609
},
{
  "fields": {
    "changed_date": "2015-12-03T08:10:06.106Z",
    "language": "de",
    "parent": null,
    "numchild": 1,
    "creation_date": "2015-12-03T08:01:03.043Z",
    "depth": 1,
    "position": 0,
    "path": "001H",
    "placeholder": 56,
    "plugin_type": "BootstrapRowPlugin"
  },
  "model": "cms.cmsplugin",
  "pk": 610
},
{
  "fields": {
    "changed_date": "2015-12-03T08:10:06.136Z",
    "language": "de",
    "parent": 610,
    "numchild": 1,
    "creation_date": "2015-12-03T08:01:07.295Z",
    "depth": 2,
    "position": 0,
    "path": "001H0001",
    "placeholder": 56,
    "plugin_type": "BootstrapColumnPlugin"
  },
  "model": "cms.cmsplugin",
  "pk": 611
},
{
  "fields": {
    "changed_date": "2015-12-03T08:10:06.159Z",
    "language": "de",
    "parent": 611,
    "numchild": 0,
    "creation_date": "2015-12-03T08:01:36.851Z",
    "depth": 3,
    "position": 0,
    "path": "001H00010001",
    "placeholder": 56,
    "plugin_type": "ShopCatalogPlugin"
  },
  "model": "cms.cmsplugin",
  "pk": 612
},
{
  "fields": {
    "changed_date": "2015-12-03T10:59:10.629Z",
    "language": "en",
    "parent": null,
    "numchild": 1,
    "creation_date": "2015-12-03T10:58:16.898Z",
    "depth": 1,
    "position": 0,
    "path": "001I",
    "placeholder": 57,
    "plugin_type": "BlueprintPlugin"
  },
  "model": "cms.cmsplugin",
  "pk": 613
},
{
  "fields": {
    "changed_date": "2015-12-03T10:58:16.927Z",
    "language": "en",
    "parent": 613,
    "numchild": 1,
    "creation_date": "2015-12-03T10:58:16.925Z",
    "depth": 2,
    "position": null,
    "path": "001I0001",
    "placeholder": 57,
    "plugin_type": "BlueprintWrapperPlugin"
  },
  "model": "cms.cmsplugin",
  "pk": 614
},
{
  "fields": {
    "changed_date": "2015-12-03T10:58:17.086Z",
    "language": "en",
    "parent": 614,
    "numchild": 0,
    "creation_date": "2015-12-03T10:58:16.953Z",
    "depth": 3,
    "position": 0,
    "path": "001I00010001",
    "placeholder": 57,
    "plugin_type": "BootstrapRowPlugin"
  },
  "model": "cms.cmsplugin",
  "pk": 615
},
{
  "fields": {
    "changed_date": "2015-12-03T10:58:17.009Z",
    "language": "en",
    "parent": 615,
    "numchild": 1,
    "creation_date": "2015-12-03T08:01:07.295Z",
    "depth": 4,
    "position": 0,
    "path": "001I000100010001",
    "placeholder": 57,
    "plugin_type": "BootstrapColumnPlugin"
  },
  "model": "cms.cmsplugin",
  "pk": 616
},
{
  "fields": {
    "changed_date": "2015-12-03T10:58:17.035Z",
    "language": "en",
    "parent": 616,
    "numchild": 0,
    "creation_date": "2015-12-03T08:01:36.851Z",
    "depth": 5,
    "position": 0,
    "path": "001I0001000100010001",
    "placeholder": 57,
    "plugin_type": "ShopCatalogPlugin"
  },
  "model": "cms.cmsplugin",
  "pk": 617
},
{
  "fields": {
    "navigation_extenders": "",
    "site": 1,
    "application_namespace": null,
    "path": "000E",
    "in_navigation": true,
    "reverse_id": "shop-cart",
    "login_required": false,
    "created_by": "admin",
    "languages": "de,en",
    "publication_end_date": null,
    "template": "myshop/pages/default.html",
    "placeholders": [
      13,
      14
    ],
    "changed_date": "2015-12-01T21:56:58.285Z",
    "limit_visibility_in_menu": null,
    "parent": null,
    "numchild": 1,
    "soft_root": true,
    "is_home": false,
    "publication_date": "2015-10-30T23:26:35.875Z",
    "creation_date": "2015-10-30T23:26:23.274Z",
    "publisher_public": 4,
    "application_urls": "",
    "changed_by": "admin",
    "publisher_is_draft": true,
    "xframe_options": 0,
    "depth": 1,
    "revision_id": 0
  },
  "model": "cms.page",
  "pk": 3
},
{
  "fields": {
    "navigation_extenders": "",
    "site": 1,
    "application_namespace": null,
    "path": "000A",
    "in_navigation": true,
    "reverse_id": "shop-cart",
    "login_required": false,
    "created_by": "admin",
    "languages": "de,en",
    "publication_end_date": null,
    "template": "myshop/pages/default.html",
    "placeholders": [
      15,
      16
    ],
    "changed_date": "2015-12-01T21:56:57.486Z",
    "limit_visibility_in_menu": null,
    "parent": null,
    "numchild": 1,
    "soft_root": true,
    "is_home": false,
    "publication_date": "2015-10-30T23:26:35.875Z",
    "creation_date": "2015-10-30T23:26:35.899Z",
    "publisher_public": 3,
    "application_urls": "",
    "changed_by": "admin",
    "publisher_is_draft": false,
    "xframe_options": 0,
    "depth": 1,
    "revision_id": 0
  },
  "model": "cms.page",
  "pk": 4
},
{
  "fields": {
    "navigation_extenders": null,
    "site": 1,
    "application_namespace": null,
    "path": "000E0001",
    "in_navigation": true,
    "reverse_id": null,
    "login_required": false,
    "created_by": "admin",
    "languages": "de,en",
    "publication_end_date": null,
    "template": "INHERIT",
    "placeholders": [
      18,
      19
    ],
    "changed_date": "2015-12-01T21:56:42.588Z",
    "limit_visibility_in_menu": null,
    "parent": 3,
    "numchild": 0,
    "soft_root": false,
    "is_home": false,
    "publication_date": "2015-11-03T11:55:55.669Z",
    "creation_date": "2015-11-03T11:50:25.384Z",
    "publisher_public": 6,
    "application_urls": null,
    "changed_by": "admin",
    "publisher_is_draft": true,
    "xframe_options": 0,
    "depth": 2,
    "revision_id": 0
  },
  "model": "cms.page",
  "pk": 5
},
{
  "fields": {
    "navigation_extenders": null,
    "site": 1,
    "application_namespace": null,
    "path": "000A0001",
    "in_navigation": true,
    "reverse_id": null,
    "login_required": false,
    "created_by": "admin",
    "languages": "de,en",
    "publication_end_date": null,
    "template": "INHERIT",
    "placeholders": [
      20,
      21
    ],
    "changed_date": "2015-12-01T21:56:41.394Z",
    "limit_visibility_in_menu": null,
    "parent": 4,
    "numchild": 0,
    "soft_root": false,
    "is_home": false,
    "publication_date": "2015-11-03T11:55:55.669Z",
    "creation_date": "2015-11-03T11:55:55.686Z",
    "publisher_public": 5,
    "application_urls": null,
    "changed_by": "admin",
    "publisher_is_draft": false,
    "xframe_options": 0,
    "depth": 2,
    "revision_id": 0
  },
  "model": "cms.page",
  "pk": 6
},
{
  "fields": {
    "navigation_extenders": "",
    "site": 1,
    "application_namespace": null,
    "path": "0001",
    "in_navigation": true,
    "reverse_id": null,
    "login_required": false,
    "created_by": "admin",
    "languages": "de,en",
    "publication_end_date": null,
    "template": "myshop/pages/default.html",
    "placeholders": [
      22,
      23
    ],
    "changed_date": "2015-12-03T08:10:06.900Z",
    "limit_visibility_in_menu": null,
    "parent": null,
    "numchild": 0,
    "soft_root": false,
    "is_home": true,
    "publication_date": "2015-11-03T22:32:52.028Z",
    "creation_date": "2015-11-03T22:32:25.921Z",
    "publisher_public": 8,
    "application_urls": "",
    "changed_by": "admin",
    "publisher_is_draft": true,
    "xframe_options": 0,
    "depth": 1,
    "revision_id": 0
  },
  "model": "cms.page",
  "pk": 7
},
{
  "fields": {
    "navigation_extenders": "",
    "site": 1,
    "application_namespace": null,
    "path": "0005",
    "in_navigation": true,
    "reverse_id": null,
    "login_required": false,
    "created_by": "admin",
    "languages": "de,en",
    "publication_end_date": null,
    "template": "myshop/pages/default.html",
    "placeholders": [
      24,
      25
    ],
    "changed_date": "2015-12-03T08:10:06.302Z",
    "limit_visibility_in_menu": null,
    "parent": null,
    "numchild": 0,
    "soft_root": false,
    "is_home": true,
    "publication_date": "2015-11-03T22:32:52.028Z",
    "creation_date": "2015-11-03T22:32:52.049Z",
    "publisher_public": 7,
    "application_urls": "",
    "changed_by": "admin",
    "publisher_is_draft": false,
    "xframe_options": 0,
    "depth": 1,
    "revision_id": 0
  },
  "model": "cms.page",
  "pk": 8
},
{
  "fields": {
    "navigation_extenders": "",
    "site": 1,
    "application_namespace": null,
    "path": "000D",
    "in_navigation": false,
    "reverse_id": null,
    "login_required": false,
    "created_by": "admin",
    "languages": "de,en",
    "publication_end_date": null,
    "template": "myshop/pages/default.html",
    "placeholders": [
      26,
      27
    ],
    "changed_date": "2015-11-25T16:20:45.992Z",
    "limit_visibility_in_menu": null,
    "parent": null,
    "numchild": 2,
    "soft_root": true,
    "is_home": false,
    "publication_date": "2015-11-12T12:32:30.971Z",
    "creation_date": "2015-11-12T12:31:29.943Z",
    "publisher_public": 10,
    "application_urls": "",
    "changed_by": "admin",
    "publisher_is_draft": true,
    "xframe_options": 0,
    "depth": 1,
    "revision_id": 0
  },
  "model": "cms.page",
  "pk": 9
},
{
  "fields": {
    "navigation_extenders": "",
    "site": 1,
    "application_namespace": null,
    "path": "0009",
    "in_navigation": false,
    "reverse_id": null,
    "login_required": false,
    "created_by": "admin",
    "languages": "de,en",
    "publication_end_date": null,
    "template": "myshop/pages/default.html",
    "placeholders": [
      28,
      29
    ],
    "changed_date": "2015-11-25T16:20:45.416Z",
    "limit_visibility_in_menu": null,
    "parent": null,
    "numchild": 2,
    "soft_root": true,
    "is_home": false,
    "publication_date": "2015-11-12T12:32:30.971Z",
    "creation_date": "2015-11-12T12:32:30.994Z",
    "publisher_public": 9,
    "application_urls": "",
    "changed_by": "admin",
    "publisher_is_draft": false,
    "xframe_options": 0,
    "depth": 1,
    "revision_id": 0
  },
  "model": "cms.page",
  "pk": 10
},
{
  "fields": {
    "navigation_extenders": "",
    "site": 1,
    "application_namespace": null,
    "path": "000D0002",
    "in_navigation": true,
    "reverse_id": "shop-order",
    "login_required": false,
    "created_by": "admin",
    "languages": "de,en",
    "publication_end_date": null,
    "template": "INHERIT",
    "placeholders": [
      30,
      31
    ],
    "changed_date": "2015-11-12T23:04:09.930Z",
    "limit_visibility_in_menu": null,
    "parent": 9,
    "numchild": 1,
    "soft_root": false,
    "is_home": false,
    "publication_date": "2015-11-12T12:33:43.153Z",
    "creation_date": "2015-11-12T12:33:31.134Z",
    "publisher_public": 12,
    "application_urls": "OrderApp",
    "changed_by": "admin",
    "publisher_is_draft": true,
    "xframe_options": 0,
    "depth": 2,
    "revision_id": 0
  },
  "model": "cms.page",
  "pk": 11
},
{
  "fields": {
    "navigation_extenders": "",
    "site": 1,
    "application_namespace": null,
    "path": "00090002",
    "in_navigation": true,
    "reverse_id": "shop-order",
    "login_required": false,
    "created_by": "admin",
    "languages": "de,en",
    "publication_end_date": null,
    "template": "INHERIT",
    "placeholders": [
      32,
      33
    ],
    "changed_date": "2015-11-12T23:04:09.525Z",
    "limit_visibility_in_menu": null,
    "parent": 10,
    "numchild": 1,
    "soft_root": false,
    "is_home": false,
    "publication_date": "2015-11-12T12:33:43.153Z",
    "creation_date": "2015-11-12T12:33:43.174Z",
    "publisher_public": 11,
    "application_urls": "OrderApp",
    "changed_by": "admin",
    "publisher_is_draft": false,
    "xframe_options": 0,
    "depth": 2,
    "revision_id": 0
  },
  "model": "cms.page",
  "pk": 12
},
{
  "fields": {
    "navigation_extenders": "",
    "site": 1,
    "application_namespace": null,
    "path": "000D00020001",
    "in_navigation": true,
    "reverse_id": "shop-order-last",
    "login_required": false,
    "created_by": "admin",
    "languages": "de",
    "publication_end_date": null,
    "template": "INHERIT",
    "placeholders": [
      34,
      35
    ],
    "changed_date": "2015-11-12T23:23:50.944Z",
    "limit_visibility_in_menu": null,
    "parent": 11,
    "numchild": 0,
    "soft_root": true,
    "is_home": false,
    "publication_date": "2015-11-12T23:21:22.963Z",
    "creation_date": "2015-11-12T23:19:46.076Z",
    "publisher_public": 14,
    "application_urls": "OrderApp",
    "changed_by": "admin",
    "publisher_is_draft": true,
    "xframe_options": 0,
    "depth": 3,
    "revision_id": 0
  },
  "model": "cms.page",
  "pk": 13
},
{
  "fields": {
    "navigation_extenders": "",
    "site": 1,
    "application_namespace": null,
    "path": "000900020001",
    "in_navigation": true,
    "reverse_id": "shop-order-last",
    "login_required": false,
    "created_by": "admin",
    "languages": "de",
    "publication_end_date": null,
    "template": "INHERIT",
    "placeholders": [
      36,
      37
    ],
    "changed_date": "2015-11-12T23:23:50.628Z",
    "limit_visibility_in_menu": null,
    "parent": 12,
    "numchild": 0,
    "soft_root": true,
    "is_home": false,
    "publication_date": "2015-11-12T23:21:22.963Z",
    "creation_date": "2015-11-12T23:21:22.986Z",
    "publisher_public": 13,
    "application_urls": "OrderApp",
    "changed_by": "admin",
    "publisher_is_draft": false,
    "xframe_options": 0,
    "depth": 3,
    "revision_id": 0
  },
  "model": "cms.page",
  "pk": 14
},
{
  "fields": {
    "navigation_extenders": null,
    "site": 1,
    "application_namespace": null,
    "path": "000D0003",
    "in_navigation": true,
    "reverse_id": null,
    "login_required": false,
    "created_by": "admin",
    "languages": "de,en",
    "publication_end_date": null,
    "template": "INHERIT",
    "placeholders": [
      38,
      39
    ],
    "changed_date": "2015-11-25T16:31:58.197Z",
    "limit_visibility_in_menu": null,
    "parent": 9,
    "numchild": 0,
    "soft_root": false,
    "is_home": false,
    "publication_date": "2015-11-13T00:07:13.450Z",
    "creation_date": "2015-11-13T00:06:49.562Z",
    "publisher_public": 16,
    "application_urls": null,
    "changed_by": "admin",
    "publisher_is_draft": true,
    "xframe_options": 0,
    "depth": 2,
    "revision_id": 0
  },
  "model": "cms.page",
  "pk": 15
},
{
  "fields": {
    "navigation_extenders": null,
    "site": 1,
    "application_namespace": null,
    "path": "00090003",
    "in_navigation": true,
    "reverse_id": null,
    "login_required": false,
    "created_by": "admin",
    "languages": "de",
    "publication_end_date": null,
    "template": "INHERIT",
    "placeholders": [
      40,
      41
    ],
    "changed_date": "2015-11-13T00:15:31.192Z",
    "limit_visibility_in_menu": null,
    "parent": 10,
    "numchild": 0,
    "soft_root": false,
    "is_home": false,
    "publication_date": "2015-11-13T00:07:13.450Z",
    "creation_date": "2015-11-13T00:07:13.478Z",
    "publisher_public": 15,
    "application_urls": null,
    "changed_by": "admin",
    "publisher_is_draft": false,
    "xframe_options": 0,
    "depth": 2,
    "revision_id": 0
  },
  "model": "cms.page",
  "pk": 16
},
{
  "fields": {
    "navigation_extenders": "",
    "site": 1,
    "application_namespace": null,
    "path": "00030001",
    "in_navigation": true,
    "reverse_id": null,
    "login_required": false,
    "created_by": "admin",
    "languages": "de,en",
    "publication_end_date": null,
    "template": "INHERIT",
    "placeholders": [
      45,
      46
    ],
    "changed_date": "2015-12-03T07:59:53.708Z",
    "limit_visibility_in_menu": null,
    "parent": 21,
    "numchild": 0,
    "soft_root": false,
    "is_home": false,
    "publication_date": "2015-10-16T13:11:21.987Z",
    "creation_date": "2015-11-18T09:57:54.691Z",
    "publisher_public": 18,
    "application_urls": "ProductsListApp",
    "changed_by": "admin",
    "publisher_is_draft": true,
    "xframe_options": 0,
    "depth": 2,
    "revision_id": 0
  },
  "model": "cms.page",
  "pk": 17
},
{
  "fields": {
    "navigation_extenders": "",
    "site": 1,
    "application_namespace": null,
    "path": "00060001",
    "in_navigation": true,
    "reverse_id": null,
    "login_required": false,
    "created_by": "admin",
    "languages": "de,en",
    "publication_end_date": null,
    "template": "INHERIT",
    "placeholders": [
      47,
      48
    ],
    "changed_date": "2015-12-03T07:59:53.310Z",
    "limit_visibility_in_menu": null,
    "parent": 22,
    "numchild": 0,
    "soft_root": false,
    "is_home": false,
    "publication_date": "2015-10-16T13:11:21.987Z",
    "creation_date": "2015-11-18T10:00:00.309Z",
    "publisher_public": 17,
    "application_urls": "ProductsListApp",
    "changed_by": "admin",
    "publisher_is_draft": false,
    "xframe_options": 0,
    "depth": 2,
    "revision_id": 0
  },
  "model": "cms.page",
  "pk": 18
},
{
  "fields": {
    "navigation_extenders": "",
    "site": 1,
    "application_namespace": null,
    "path": "00030002",
    "in_navigation": true,
    "reverse_id": null,
    "login_required": false,
    "created_by": "admin",
    "languages": "en,de",
    "publication_end_date": null,
    "template": "INHERIT",
    "placeholders": [
      49,
      50
    ],
    "changed_date": "2015-12-03T08:00:22.347Z",
    "limit_visibility_in_menu": null,
    "parent": 21,
    "numchild": 0,
    "soft_root": false,
    "is_home": false,
    "publication_date": "2015-12-02T22:04:08.387Z",
    "creation_date": "2015-12-02T22:03:28.593Z",
    "publisher_public": 20,
    "application_urls": "ProductsListApp",
    "changed_by": "admin",
    "publisher_is_draft": true,
    "xframe_options": 0,
    "depth": 2,
    "revision_id": 0
  },
  "model": "cms.page",
  "pk": 19
},
{
  "fields": {
    "navigation_extenders": "",
    "site": 1,
    "application_namespace": null,
    "path": "00060002",
    "in_navigation": true,
    "reverse_id": null,
    "login_required": false,
    "created_by": "admin",
    "languages": "en,de",
    "publication_end_date": null,
    "template": "INHERIT",
    "placeholders": [
      51,
      52
    ],
    "changed_date": "2015-12-03T08:00:21.964Z",
    "limit_visibility_in_menu": null,
    "parent": 22,
    "numchild": 0,
    "soft_root": false,
    "is_home": false,
    "publication_date": "2015-12-02T22:04:08.387Z",
    "creation_date": "2015-12-02T22:04:08.420Z",
    "publisher_public": 19,
    "application_urls": "ProductsListApp",
    "changed_by": "admin",
    "publisher_is_draft": false,
    "xframe_options": 0,
    "depth": 2,
    "revision_id": 0
  },
  "model": "cms.page",
  "pk": 20
},
{
  "fields": {
    "navigation_extenders": "",
    "site": 1,
    "application_namespace": null,
    "path": "0003",
    "in_navigation": true,
    "reverse_id": null,
    "login_required": false,
    "created_by": "admin",
    "languages": "de,en",
    "publication_end_date": null,
    "template": "myshop/pages/default.html",
    "placeholders": [
      53,
      54
    ],
    "changed_date": "2015-12-03T08:10:06.779Z",
    "limit_visibility_in_menu": null,
    "parent": null,
    "numchild": 2,
    "soft_root": false,
    "is_home": false,
    "publication_date": "2015-12-03T07:58:33.739Z",
    "creation_date": "2015-12-03T07:54:18.528Z",
    "publisher_public": 22,
    "application_urls": "ProductsListApp",
    "changed_by": "admin",
    "publisher_is_draft": true,
    "xframe_options": 0,
    "depth": 1,
    "revision_id": 0
  },
  "model": "cms.page",
  "pk": 21
},
{
  "fields": {
    "navigation_extenders": "",
    "site": 1,
    "application_namespace": null,
    "path": "0006",
    "in_navigation": true,
    "reverse_id": null,
    "login_required": false,
    "created_by": "admin",
    "languages": "en,de",
    "publication_end_date": null,
    "template": "myshop/pages/default.html",
    "placeholders": [
      55,
      56
    ],
    "changed_date": "2015-12-03T08:10:06.183Z",
    "limit_visibility_in_menu": null,
    "parent": null,
    "numchild": 2,
    "soft_root": false,
    "is_home": false,
    "publication_date": "2015-12-03T07:58:33.739Z",
    "creation_date": "2015-12-03T07:58:33.765Z",
    "publisher_public": 21,
    "application_urls": "ProductsListApp",
    "changed_by": "admin",
    "publisher_is_draft": false,
    "xframe_options": 0,
    "depth": 1,
    "revision_id": 0
  },
  "model": "cms.page",
  "pk": 22
},
{
  "fields": {
    "menu_title": "",
    "meta_description": "",
    "page_title": "",
    "language": "de",
    "title": "Warenkorb",
    "has_url_overwrite": false,
    "redirect": "",
    "publisher_is_draft": true,
    "page": 3,
    "published": true,
    "path": "warenkorb",
    "publisher_state": 0,
    "creation_date": "2015-10-30T23:26:23.572Z",
    "slug": "warenkorb",
    "publisher_public": 4
  },
  "model": "cms.title",
  "pk": 3
},
{
  "fields": {
    "menu_title": "",
    "meta_description": "",
    "page_title": "",
    "language": "de",
    "title": "Warenkorb",
    "has_url_overwrite": false,
    "redirect": "",
    "publisher_is_draft": false,
    "page": 4,
    "published": true,
    "path": "warenkorb",
    "publisher_state": 0,
    "creation_date": "2015-10-30T23:26:23.572Z",
    "slug": "warenkorb",
    "publisher_public": 3
  },
  "model": "cms.title",
  "pk": 4
},
{
  "fields": {
    "menu_title": "",
    "meta_description": "",
    "page_title": "",
    "language": "en",
    "title": "Cart",
    "has_url_overwrite": false,
    "redirect": null,
    "publisher_is_draft": true,
    "page": 3,
    "published": true,
    "path": "cart",
    "publisher_state": 0,
    "creation_date": "2015-10-30T23:26:52.487Z",
    "slug": "cart",
    "publisher_public": 6
  },
  "model": "cms.title",
  "pk": 5
},
{
  "fields": {
    "menu_title": "",
    "meta_description": "",
    "page_title": "",
    "language": "en",
    "title": "Cart",
    "has_url_overwrite": false,
    "redirect": null,
    "publisher_is_draft": false,
    "page": 4,
    "published": true,
    "path": "cart",
    "publisher_state": 0,
    "creation_date": "2015-10-30T23:26:52.487Z",
    "slug": "cart",
    "publisher_public": 5
  },
  "model": "cms.title",
  "pk": 6
},
{
  "fields": {
    "menu_title": "",
    "meta_description": "",
    "page_title": "",
    "language": "de",
    "title": "Kaufen",
    "has_url_overwrite": false,
    "redirect": null,
    "publisher_is_draft": true,
    "page": 5,
    "published": true,
    "path": "warenkorb/kaufen",
    "publisher_state": 0,
    "creation_date": "2015-11-03T11:50:25.673Z",
    "slug": "kaufen",
    "publisher_public": 10
  },
  "model": "cms.title",
  "pk": 9
},
{
  "fields": {
    "menu_title": "",
    "meta_description": "",
    "page_title": "",
    "language": "de",
    "title": "Kaufen",
    "has_url_overwrite": false,
    "redirect": null,
    "publisher_is_draft": false,
    "page": 6,
    "published": true,
    "path": "warenkorb/kaufen",
    "publisher_state": 0,
    "creation_date": "2015-11-03T11:50:25.673Z",
    "slug": "kaufen",
    "publisher_public": 9
  },
  "model": "cms.title",
  "pk": 10
},
{
  "fields": {
    "menu_title": "",
    "meta_description": "",
    "page_title": "",
    "language": "de",
    "title": "HOME",
    "has_url_overwrite": false,
    "redirect": "",
    "publisher_is_draft": true,
    "page": 7,
    "published": true,
    "path": "",
    "publisher_state": 1,
    "creation_date": "2015-11-03T22:32:26.221Z",
    "slug": "home",
    "publisher_public": 12
  },
  "model": "cms.title",
  "pk": 11
},
{
  "fields": {
    "menu_title": "",
    "meta_description": "",
    "page_title": "",
    "language": "de",
    "title": "HOME",
    "has_url_overwrite": false,
    "redirect": "",
    "publisher_is_draft": false,
    "page": 8,
    "published": true,
    "path": "",
    "publisher_state": 1,
    "creation_date": "2015-11-03T22:32:26.221Z",
    "slug": "home",
    "publisher_public": 11
  },
  "model": "cms.title",
  "pk": 12
},
{
  "fields": {
    "menu_title": "",
    "meta_description": "",
    "page_title": "",
    "language": "en",
    "title": "HOME",
    "has_url_overwrite": false,
    "redirect": null,
    "publisher_is_draft": true,
    "page": 7,
    "published": true,
    "path": "",
    "publisher_state": 1,
    "creation_date": "2015-11-05T11:52:49.846Z",
    "slug": "home",
    "publisher_public": 14
  },
  "model": "cms.title",
  "pk": 13
},
{
  "fields": {
    "menu_title": "",
    "meta_description": "",
    "page_title": "",
    "language": "en",
    "title": "HOME",
    "has_url_overwrite": false,
    "redirect": null,
    "publisher_is_draft": false,
    "page": 8,
    "published": true,
    "path": "",
    "publisher_state": 1,
    "creation_date": "2015-11-05T11:52:49.846Z",
    "slug": "home",
    "publisher_public": 13
  },
  "model": "cms.title",
  "pk": 14
},
{
  "fields": {
    "menu_title": "",
    "meta_description": "",
    "page_title": "",
    "language": "en",
    "title": "Checkout",
    "has_url_overwrite": false,
    "redirect": null,
    "publisher_is_draft": true,
    "page": 5,
    "published": true,
    "path": "cart/checkout",
    "publisher_state": 0,
    "creation_date": "2015-11-05T11:53:43.570Z",
    "slug": "checkout",
    "publisher_public": 16
  },
  "model": "cms.title",
  "pk": 15
},
{
  "fields": {
    "menu_title": "",
    "meta_description": "",
    "page_title": "",
    "language": "en",
    "title": "Checkout",
    "has_url_overwrite": false,
    "redirect": null,
    "publisher_is_draft": false,
    "page": 6,
    "published": true,
    "path": "cart/checkout",
    "publisher_state": 0,
    "creation_date": "2015-11-05T11:53:43.570Z",
    "slug": "checkout",
    "publisher_public": 15
  },
  "model": "cms.title",
  "pk": 16
},
{
  "fields": {
    "menu_title": "",
    "meta_description": "",
    "page_title": "",
    "language": "de",
    "title": "Info",
    "has_url_overwrite": false,
    "redirect": "",
    "publisher_is_draft": true,
    "page": 9,
    "published": true,
    "path": "info",
    "publisher_state": 0,
    "creation_date": "2015-11-12T12:31:30.185Z",
    "slug": "info",
    "publisher_public": 18
  },
  "model": "cms.title",
  "pk": 17
},
{
  "fields": {
    "menu_title": "",
    "meta_description": "",
    "page_title": "",
    "language": "de",
    "title": "Info",
    "has_url_overwrite": false,
    "redirect": "",
    "publisher_is_draft": false,
    "page": 10,
    "published": true,
    "path": "info",
    "publisher_state": 0,
    "creation_date": "2015-11-12T12:31:30.185Z",
    "slug": "info",
    "publisher_public": 17
  },
  "model": "cms.title",
  "pk": 18
},
{
  "fields": {
    "menu_title": "",
    "meta_description": "",
    "page_title": "",
    "language": "de",
    "title": "Ihre Bestellungen",
    "has_url_overwrite": false,
    "redirect": "",
    "publisher_is_draft": true,
    "page": 11,
    "published": true,
    "path": "info/ihre-bestellungen",
    "publisher_state": 0,
    "creation_date": "2015-11-12T12:33:31.410Z",
    "slug": "ihre-bestellungen",
    "publisher_public": 20
  },
  "model": "cms.title",
  "pk": 19
},
{
  "fields": {
    "menu_title": "",
    "meta_description": "",
    "page_title": "",
    "language": "de",
    "title": "Ihre Bestellungen",
    "has_url_overwrite": false,
    "redirect": "",
    "publisher_is_draft": false,
    "page": 12,
    "published": true,
    "path": "info/ihre-bestellungen",
    "publisher_state": 0,
    "creation_date": "2015-11-12T12:33:31.410Z",
    "slug": "ihre-bestellungen",
    "publisher_public": 19
  },
  "model": "cms.title",
  "pk": 20
},
{
  "fields": {
    "menu_title": "",
    "meta_description": "",
    "page_title": "",
    "language": "en",
    "title": "Your Orders",
    "has_url_overwrite": false,
    "redirect": null,
    "publisher_is_draft": true,
    "page": 11,
    "published": true,
    "path": "info/your-orders",
    "publisher_state": 0,
    "creation_date": "2015-11-12T23:02:55.259Z",
    "slug": "your-orders",
    "publisher_public": 22
  },
  "model": "cms.title",
  "pk": 21
},
{
  "fields": {
    "menu_title": "",
    "meta_description": "",
    "page_title": "",
    "language": "en",
    "title": "Your Orders",
    "has_url_overwrite": false,
    "redirect": null,
    "publisher_is_draft": false,
    "page": 12,
    "published": true,
    "path": "info/your-orders",
    "publisher_state": 0,
    "creation_date": "2015-11-12T23:02:55.259Z",
    "slug": "your-orders",
    "publisher_public": 21
  },
  "model": "cms.title",
  "pk": 22
},
{
  "fields": {
    "menu_title": "",
    "meta_description": "",
    "page_title": "",
    "language": "de",
    "title": "Danke f\u00fcr die Bestellung",
    "has_url_overwrite": false,
    "redirect": "",
    "publisher_is_draft": true,
    "page": 13,
    "published": true,
    "path": "info/ihre-bestellungen/danke-fur-die-bestellung",
    "publisher_state": 0,
    "creation_date": "2015-11-12T23:19:46.360Z",
    "slug": "danke-fur-die-bestellung",
    "publisher_public": 24
  },
  "model": "cms.title",
  "pk": 23
},
{
  "fields": {
    "menu_title": "",
    "meta_description": "",
    "page_title": "",
    "language": "de",
    "title": "Danke f\u00fcr die Bestellung",
    "has_url_overwrite": false,
    "redirect": "",
    "publisher_is_draft": false,
    "page": 14,
    "published": true,
    "path": "info/ihre-bestellungen/danke-fur-die-bestellung",
    "publisher_state": 0,
    "creation_date": "2015-11-12T23:19:46.360Z",
    "slug": "danke-fur-die-bestellung",
    "publisher_public": 23
  },
  "model": "cms.title",
  "pk": 24
},
{
  "fields": {
    "menu_title": "",
    "meta_description": "",
    "page_title": "",
    "language": "de",
    "title": "Allgemeine Gesch\u00e4ftsbedigungen",
    "has_url_overwrite": false,
    "redirect": null,
    "publisher_is_draft": true,
    "page": 15,
    "published": true,
    "path": "info/agb",
    "publisher_state": 0,
    "creation_date": "2015-11-13T00:06:49.812Z",
    "slug": "agb",
    "publisher_public": 26
  },
  "model": "cms.title",
  "pk": 25
},
{
  "fields": {
    "menu_title": "",
    "meta_description": "",
    "page_title": "",
    "language": "de",
    "title": "Allgemeine Gesch\u00e4ftsbedigungen",
    "has_url_overwrite": false,
    "redirect": null,
    "publisher_is_draft": false,
    "page": 16,
    "published": true,
    "path": "info/agb",
    "publisher_state": 0,
    "creation_date": "2015-11-13T00:06:49.812Z",
    "slug": "agb",
    "publisher_public": 25
  },
  "model": "cms.title",
  "pk": 26
},
{
  "fields": {
    "menu_title": "",
    "meta_description": "",
    "page_title": "",
    "language": "de",
    "title": "Smart Cards",
    "has_url_overwrite": false,
    "redirect": "",
    "publisher_is_draft": true,
    "page": 17,
    "published": true,
    "path": "shop/smartcards",
    "publisher_state": 0,
    "creation_date": "2015-10-16T13:11:21.746Z",
    "slug": "smartcards",
    "publisher_public": 29
  },
  "model": "cms.title",
  "pk": 27
},
{
  "fields": {
    "menu_title": "",
    "meta_description": "",
    "page_title": "",
    "language": "en",
    "title": "Smart Cards",
    "has_url_overwrite": false,
    "redirect": null,
    "publisher_is_draft": true,
    "page": 17,
    "published": true,
    "path": "shop/smartcards",
    "publisher_state": 0,
    "creation_date": "2015-10-30T23:27:35.825Z",
    "slug": "smartcards",
    "publisher_public": 30
  },
  "model": "cms.title",
  "pk": 28
},
{
  "fields": {
    "menu_title": "",
    "meta_description": "",
    "page_title": "",
    "language": "de",
    "title": "Smart Cards",
    "has_url_overwrite": false,
    "redirect": "",
    "publisher_is_draft": false,
    "page": 18,
    "published": true,
    "path": "shop/smartcards",
    "publisher_state": 0,
    "creation_date": "2015-10-16T13:11:21.746Z",
    "slug": "smartcards",
    "publisher_public": 27
  },
  "model": "cms.title",
  "pk": 29
},
{
  "fields": {
    "menu_title": "",
    "meta_description": "",
    "page_title": "",
    "language": "en",
    "title": "Smart Cards",
    "has_url_overwrite": false,
    "redirect": null,
    "publisher_is_draft": false,
    "page": 18,
    "published": true,
    "path": "shop/smartcards",
    "publisher_state": 0,
    "creation_date": "2015-10-30T23:27:35.825Z",
    "slug": "smartcards",
    "publisher_public": 28
  },
  "model": "cms.title",
  "pk": 30
},
{
  "fields": {
    "menu_title": "",
    "meta_description": "",
    "page_title": "",
    "language": "en",
    "title": "Info",
    "has_url_overwrite": false,
    "redirect": null,
    "publisher_is_draft": true,
    "page": 9,
    "published": true,
    "path": "info",
    "publisher_state": 0,
    "creation_date": "2015-11-25T16:20:37.931Z",
    "slug": "info",
    "publisher_public": 32
  },
  "model": "cms.title",
  "pk": 31
},
{
  "fields": {
    "menu_title": "",
    "meta_description": "",
    "page_title": "",
    "language": "en",
    "title": "Info",
    "has_url_overwrite": false,
    "redirect": null,
    "publisher_is_draft": false,
    "page": 10,
    "published": true,
    "path": "info",
    "publisher_state": 0,
    "creation_date": "2015-11-25T16:20:37.931Z",
    "slug": "info",
    "publisher_public": 31
  },
  "model": "cms.title",
  "pk": 32
},
{
  "fields": {
    "menu_title": "",
    "meta_description": "",
    "page_title": "",
    "language": "en",
    "title": "Terms and Conditions",
    "has_url_overwrite": false,
    "redirect": null,
    "publisher_is_draft": true,
    "page": 15,
    "published": false,
    "path": "info/terms-and-conditions",
    "publisher_state": 1,
    "creation_date": "2015-11-25T16:31:58.074Z",
    "slug": "terms-and-conditions",
    "publisher_public": null
  },
  "model": "cms.title",
  "pk": 33
},
{
  "fields": {
    "menu_title": "",
    "meta_description": "",
    "page_title": "",
    "language": "en",
    "title": "Smart Phones",
    "has_url_overwrite": false,
    "redirect": null,
    "publisher_is_draft": true,
    "page": 19,
    "published": true,
    "path": "shop/smart-phones",
    "publisher_state": 0,
    "creation_date": "2015-12-02T22:03:28.906Z",
    "slug": "smart-phones",
    "publisher_public": 36
  },
  "model": "cms.title",
  "pk": 34
},
{
  "fields": {
    "menu_title": "",
    "meta_description": "",
    "page_title": "",
    "language": "de",
    "title": "Smart Phones",
    "has_url_overwrite": false,
    "redirect": "",
    "publisher_is_draft": true,
    "page": 19,
    "published": true,
    "path": "shop/smart-phones",
    "publisher_state": 0,
    "creation_date": "2015-12-02T22:03:34.672Z",
    "slug": "smart-phones",
    "publisher_public": 37
  },
  "model": "cms.title",
  "pk": 35
},
{
  "fields": {
    "menu_title": "",
    "meta_description": "",
    "page_title": "",
    "language": "en",
    "title": "Smart Phones",
    "has_url_overwrite": false,
    "redirect": null,
    "publisher_is_draft": false,
    "page": 20,
    "published": true,
    "path": "shop/smart-phones",
    "publisher_state": 0,
    "creation_date": "2015-12-02T22:03:28.906Z",
    "slug": "smart-phones",
    "publisher_public": 34
  },
  "model": "cms.title",
  "pk": 36
},
{
  "fields": {
    "menu_title": "",
    "meta_description": "",
    "page_title": "",
    "language": "de",
    "title": "Smart Phones",
    "has_url_overwrite": false,
    "redirect": "",
    "publisher_is_draft": false,
    "page": 20,
    "published": true,
    "path": "shop/smart-phones",
    "publisher_state": 0,
    "creation_date": "2015-12-02T22:03:34.672Z",
    "slug": "smart-phones",
    "publisher_public": 35
  },
  "model": "cms.title",
  "pk": 37
},
{
  "fields": {
    "menu_title": "",
    "meta_description": "",
    "page_title": "",
    "language": "de",
    "title": "Shop",
    "has_url_overwrite": false,
    "redirect": "",
    "publisher_is_draft": true,
    "page": 21,
    "published": true,
    "path": "shop",
    "publisher_state": 0,
    "creation_date": "2015-12-03T07:54:18.802Z",
    "slug": "shop",
    "publisher_public": 41
  },
  "model": "cms.title",
  "pk": 38
},
{
  "fields": {
    "menu_title": "",
    "meta_description": "",
    "page_title": "",
    "language": "en",
    "title": "Shop",
    "has_url_overwrite": false,
    "redirect": null,
    "publisher_is_draft": true,
    "page": 21,
    "published": true,
    "path": "shop",
    "publisher_state": 0,
    "creation_date": "2015-12-03T07:54:58.188Z",
    "slug": "shop",
    "publisher_public": 40
  },
  "model": "cms.title",
  "pk": 39
},
{
  "fields": {
    "menu_title": "",
    "meta_description": "",
    "page_title": "",
    "language": "en",
    "title": "Shop",
    "has_url_overwrite": false,
    "redirect": null,
    "publisher_is_draft": false,
    "page": 22,
    "published": true,
    "path": "shop",
    "publisher_state": 0,
    "creation_date": "2015-12-03T07:54:58.188Z",
    "slug": "shop",
    "publisher_public": 39
  },
  "model": "cms.title",
  "pk": 40
},
{
  "fields": {
    "menu_title": "",
    "meta_description": "",
    "page_title": "",
    "language": "de",
    "title": "Shop",
    "has_url_overwrite": false,
    "redirect": "",
    "publisher_is_draft": false,
    "page": 22,
    "published": true,
    "path": "shop",
    "publisher_state": 0,
    "creation_date": "2015-12-03T07:54:18.802Z",
    "slug": "shop",
    "publisher_public": 38
  },
  "model": "cms.title",
  "pk": 41
},
{
  "fields": {
    "code": "Static Footer",
    "name": "Static Footer",
    "creation_method": "template",
    "site": null,
    "draft": 6,
    "dirty": false,
    "public": 7
  },
  "model": "cms.staticplaceholder",
  "pk": 1
},
{
  "fields": {
    "revision": "d91b765f-6c5c-4cdc-a30c-16bbc0bcab2f"
  },
  "model": "cms.urlconfrevision",
  "pk": 1
},
{
  "fields": {
    "glossary": "{}"
  },
  "model": "cmsplugin_cascade.cascadeelement",
  "pk": 11
},
{
  "fields": {
    "glossary": "{\"sm-responsive-utils\":\"\",\"xs-responsive-utils\":\"\",\"md-column-offset\":\"\",\"sm-column-width\":\"\",\"md-responsive-utils\":\"\",\"xs-column-offset\":\"\",\"sm-column-offset\":\"\",\"sm-column-ordering\":\"\",\"md-column-ordering\":\"\",\"lg-column-ordering\":\"\",\"lg-column-offset\":\"\",\"lg-column-width\":\"\",\"xs-column-width\":\"col-xs-12\",\"lg-responsive-utils\":\"\",\"container_max_widths\":{\"xs\":720,\"md\":940,\"sm\":720,\"lg\":1140},\"md-column-width\":\"\",\"xs-column-ordering\":\"\"}"
  },
  "model": "cmsplugin_cascade.cascadeelement",
  "pk": 12
},
{
  "fields": {
    "glossary": "{\"render_type\":\"editable\"}"
  },
  "model": "cmsplugin_cascade.cascadeelement",
  "pk": 16
},
{
  "fields": {
    "glossary": "{}"
  },
  "model": "cmsplugin_cascade.cascadeelement",
  "pk": 21
},
{
  "fields": {
    "glossary": "{\"sm-responsive-utils\":\"\",\"xs-responsive-utils\":\"\",\"md-column-offset\":\"\",\"sm-column-width\":\"col-sm-3\",\"md-responsive-utils\":\"\",\"xs-column-offset\":\"\",\"sm-column-offset\":\"col-sm-offset-5\",\"sm-column-ordering\":\"\",\"md-column-ordering\":\"\",\"lg-column-ordering\":\"\",\"lg-column-offset\":\"\",\"lg-column-width\":\"\",\"xs-column-width\":\"col-xs-12\",\"lg-responsive-utils\":\"\",\"container_max_widths\":{\"xs\":720,\"md\":212,\"sm\":157,\"lg\":262},\"md-column-width\":\"\",\"xs-column-ordering\":\"\"}"
  },
  "model": "cmsplugin_cascade.cascadeelement",
  "pk": 22
},
{
  "fields": {
    "glossary": "{\"sm-responsive-utils\":\"\",\"xs-responsive-utils\":\"\",\"md-column-offset\":\"\",\"sm-column-width\":\"col-sm-4\",\"md-responsive-utils\":\"\",\"xs-column-offset\":\"\",\"sm-column-offset\":\"\",\"sm-column-ordering\":\"\",\"md-column-ordering\":\"\",\"lg-column-ordering\":\"\",\"lg-column-offset\":\"\",\"lg-column-width\":\"\",\"xs-column-width\":\"col-xs-12\",\"lg-responsive-utils\":\"\",\"container_max_widths\":{\"xs\":720,\"md\":293,\"sm\":220,\"lg\":360},\"md-column-width\":\"\",\"xs-column-ordering\":\"\"}"
  },
  "model": "cmsplugin_cascade.cascadeelement",
  "pk": 23
},
{
  "fields": {
    "glossary": "{\"icon-right\":\"\",\"button-type\":\"btn-default\",\"link_content\":\"Weiter Einkaufen\",\"link\":{\"pk\":17,\"model\":\"cms.Page\",\"type\":\"cmspage\"},\"button-size\":\"\",\"quick-float\":\"\",\"button-options\":[],\"icon-left\":\"menu-up\"}"
  },
  "model": "cmsplugin_cascade.cascadeelement",
  "pk": 25
},
{
  "fields": {
    "glossary": "{\"tag_type\":\"naked\"}"
  },
  "model": "cmsplugin_cascade.cascadeelement",
  "pk": 34
},
{
  "fields": {
    "glossary": "{\"open_tag\":\"if\",\"condition\":\"customer.is_recognized\"}"
  },
  "model": "cmsplugin_cascade.cascadeelement",
  "pk": 35
},
{
  "fields": {
    "glossary": "{\"open_tag\":\"else\",\"condition\":\"\"}"
  },
  "model": "cmsplugin_cascade.cascadeelement",
  "pk": 36
},
{
  "fields": {
    "glossary": "{}"
  },
  "model": "cmsplugin_cascade.cascadeelement",
  "pk": 40
},
{
  "fields": {
    "glossary": "{\"container_max_widths\":{\"xs\":720,\"md\":940,\"sm\":720,\"lg\":1140},\"xs-column-width\":\"col-xs-12\"}"
  },
  "model": "cmsplugin_cascade.cascadeelement",
  "pk": 41
},
{
  "fields": {
    "glossary": "{}"
  },
  "model": "cmsplugin_cascade.cascadeelement",
  "pk": 42
},
{
  "fields": {
    "glossary": "{}"
  },
  "model": "cmsplugin_cascade.cascadeelement",
  "pk": 43
},
{
  "fields": {
    "glossary": "{}"
  },
  "model": "cmsplugin_cascade.cascadeelement",
  "pk": 44
},
{
  "fields": {
    "glossary": "{}"
  },
  "model": "cmsplugin_cascade.cascadeelement",
  "pk": 45
},
{
  "fields": {
    "glossary": "{\"open_tag\":\"if\",\"condition\":\"customer.is_registered\"}"
  },
  "model": "cmsplugin_cascade.cascadeelement",
  "pk": 46
},
{
  "fields": {
    "glossary": "{\"open_tag\":\"else\",\"condition\":\"\"}"
  },
  "model": "cmsplugin_cascade.cascadeelement",
  "pk": 47
},
{
  "fields": {
    "glossary": "{\"render_type\":\"form\"}"
  },
  "model": "cmsplugin_cascade.cascadeelement",
  "pk": 48
},
{
  "fields": {
    "glossary": "{\"render_type\":\"form\"}"
  },
  "model": "cmsplugin_cascade.cascadeelement",
  "pk": 49
},
{
  "fields": {
    "glossary": "{\"icon-right\":\"menu-right\",\"button-type\":\"btn-success\",\"link_content\":\"Weiter\",\"button-size\":\"\",\"quick-float\":\"\",\"button-options\":[],\"icon-left\":\"\"}"
  },
  "model": "cmsplugin_cascade.cascadeelement",
  "pk": 50
},
{
  "fields": {
    "glossary": "{\"render_type\":\"form\"}"
  },
  "model": "cmsplugin_cascade.cascadeelement",
  "pk": 52
},
{
  "fields": {
    "glossary": "{\"render_type\":\"form\"}"
  },
  "model": "cmsplugin_cascade.cascadeelement",
  "pk": 53
},
{
  "fields": {
    "glossary": "{\"icon-right\":\"menu-right\",\"button-type\":\"btn-success\",\"link_content\":\"Weiter\",\"button-size\":\"\",\"quick-float\":\"\",\"button-options\":[],\"icon-left\":\"\"}"
  },
  "model": "cmsplugin_cascade.cascadeelement",
  "pk": 54
},
{
  "fields": {
    "glossary": "{\"render_type\":\"static\"}"
  },
  "model": "cmsplugin_cascade.cascadeelement",
  "pk": 55
},
{
  "fields": {
    "glossary": "{\"render_type\":\"form\"}"
  },
  "model": "cmsplugin_cascade.cascadeelement",
  "pk": 56
},
{
  "fields": {
    "glossary": "{\"render_type\":\"form\"}"
  },
  "model": "cmsplugin_cascade.cascadeelement",
  "pk": 57
},
{
  "fields": {
    "glossary": "{\"render_type\":\"form\"}"
  },
  "model": "cmsplugin_cascade.cascadeelement",
  "pk": 58
},
{
  "fields": {
    "glossary": "{\"html_content\":\"&lt;p&gt;Ich habe die allgemeinen Gesch&amp;auml;ftbedingungen gelesen und erkl&amp;auml;re mich damit einverstanden.&lt;/p&gt;\\r\\n\"}"
  },
  "model": "cmsplugin_cascade.cascadeelement",
  "pk": 59
},
{
  "fields": {
    "glossary": "{\"icon-right\":\"\",\"button-type\":\"btn-success\",\"link_content\":\"Jetzt Kaufen\",\"link\":{\"type\":\"PURCHASE_NOW\"},\"button-size\":\"btn-lg\",\"quick-float\":\"\",\"button-options\":[],\"icon-left\":\"thumbs-up\"}"
  },
  "model": "cmsplugin_cascade.cascadeelement",
  "pk": 132
},
{
  "fields": {
    "glossary": "{\"icon-right\":\"menu-right\",\"button-type\":\"btn-success\",\"link_content\":\"Zur Kasse gehen\",\"link\":{\"pk\":5,\"model\":\"cms.Page\",\"type\":\"cmspage\"},\"button-size\":\"\",\"quick-float\":\"\",\"button-options\":[],\"icon-left\":\"\"}"
  },
  "model": "cmsplugin_cascade.cascadeelement",
  "pk": 181
},
{
  "fields": {
    "glossary": "{}"
  },
  "model": "cmsplugin_cascade.cascadeelement",
  "pk": 200
},
{
  "fields": {
    "glossary": "{\"sm-responsive-utils\":\"\",\"xs-responsive-utils\":\"\",\"md-column-offset\":\"\",\"sm-column-width\":\"\",\"md-responsive-utils\":\"\",\"xs-column-offset\":\"\",\"sm-column-offset\":\"\",\"sm-column-ordering\":\"\",\"md-column-ordering\":\"\",\"lg-column-ordering\":\"\",\"lg-column-offset\":\"\",\"lg-column-width\":\"\",\"xs-column-width\":\"col-xs-3\",\"lg-responsive-utils\":\"\",\"container_max_widths\":{\"xs\":157,\"md\":212,\"sm\":157,\"lg\":262},\"md-column-width\":\"\",\"xs-column-ordering\":\"\"}"
  },
  "model": "cmsplugin_cascade.cascadeelement",
  "pk": 201
},
{
  "fields": {
    "glossary": "{\"sm-responsive-utils\":\"\",\"xs-responsive-utils\":\"\",\"md-column-offset\":\"\",\"sm-column-width\":\"\",\"md-responsive-utils\":\"\",\"xs-column-offset\":\"\",\"sm-column-offset\":\"\",\"sm-column-ordering\":\"\",\"md-column-ordering\":\"\",\"lg-column-ordering\":\"\",\"lg-column-offset\":\"\",\"lg-column-width\":\"\",\"xs-column-width\":\"col-xs-9\",\"lg-responsive-utils\":\"\",\"container_max_widths\":{\"xs\":532,\"md\":697,\"sm\":532,\"lg\":847},\"md-column-width\":\"\",\"xs-column-ordering\":\"\"}"
  },
  "model": "cmsplugin_cascade.cascadeelement",
  "pk": 202
},
{
  "fields": {
    "glossary": "{}"
  },
  "model": "cmsplugin_cascade.cascadeelement",
  "pk": 238
},
{
  "fields": {
    "glossary": "{\"container_max_widths\":{\"xs\":720,\"md\":940,\"sm\":720,\"lg\":1140},\"xs-column-width\":\"col-xs-12\"}"
  },
  "model": "cmsplugin_cascade.cascadeelement",
  "pk": 239
},
{
  "fields": {
    "glossary": "{}"
  },
  "model": "cmsplugin_cascade.cascadeelement",
  "pk": 242
},
{
  "fields": {
    "glossary": "{}"
  },
  "model": "cmsplugin_cascade.cascadeelement",
  "pk": 243
},
{
  "fields": {
    "glossary": "{\"container_max_widths\":{\"xs\":720,\"md\":940,\"sm\":720,\"lg\":1140},\"xs-column-width\":\"col-xs-12\"}"
  },
  "model": "cmsplugin_cascade.cascadeelement",
  "pk": 244
},
{
  "fields": {
    "glossary": "{}"
  },
  "model": "cmsplugin_cascade.cascadeelement",
  "pk": 245
},
{
  "fields": {
    "glossary": "{}"
  },
  "model": "cmsplugin_cascade.cascadeelement",
  "pk": 246
},
{
  "fields": {
    "glossary": "{\"container_max_widths\":{\"xs\":720,\"md\":940,\"sm\":720,\"lg\":1140},\"xs-column-width\":\"col-xs-12\"}"
  },
  "model": "cmsplugin_cascade.cascadeelement",
  "pk": 247
},
{
  "fields": {
    "glossary": "{}"
  },
  "model": "cmsplugin_cascade.cascadeelement",
  "pk": 248
},
{
  "fields": {
    "glossary": "{}"
  },
  "model": "cmsplugin_cascade.cascadeelement",
  "pk": 255
},
{
  "fields": {
    "glossary": "{\"container_max_widths\":{\"xs\":720,\"md\":940,\"sm\":720,\"lg\":1140},\"xs-column-width\":\"col-xs-12\"}"
  },
  "model": "cmsplugin_cascade.cascadeelement",
  "pk": 256
},
{
  "fields": {
    "glossary": "{}"
  },
  "model": "cmsplugin_cascade.cascadeelement",
  "pk": 257
},
{
  "fields": {
    "glossary": "{}"
  },
  "model": "cmsplugin_cascade.cascadeelement",
  "pk": 258
},
{
  "fields": {
    "glossary": "{\"container_max_widths\":{\"xs\":720,\"md\":940,\"sm\":720,\"lg\":1140},\"xs-column-width\":\"col-xs-12\"}"
  },
  "model": "cmsplugin_cascade.cascadeelement",
  "pk": 259
},
{
  "fields": {
    "glossary": "{}"
  },
  "model": "cmsplugin_cascade.cascadeelement",
  "pk": 260
},
{
  "fields": {
    "glossary": "{}"
  },
  "model": "cmsplugin_cascade.cascadeelement",
  "pk": 265
},
{
  "fields": {
    "glossary": "{\"container_max_widths\":{\"xs\":720,\"md\":940,\"sm\":720,\"lg\":1140},\"xs-column-width\":\"col-xs-12\"}"
  },
  "model": "cmsplugin_cascade.cascadeelement",
  "pk": 266
},
{
  "fields": {
    "glossary": "{}"
  },
  "model": "cmsplugin_cascade.cascadeelement",
  "pk": 267
},
{
  "fields": {
    "glossary": "{}"
  },
  "model": "cmsplugin_cascade.cascadeelement",
  "pk": 269
},
{
  "fields": {
    "glossary": "{\"container_max_widths\":{\"xs\":720,\"md\":940,\"sm\":720,\"lg\":1140},\"xs-column-width\":\"col-xs-12\"}"
  },
  "model": "cmsplugin_cascade.cascadeelement",
  "pk": 270
},
{
  "fields": {
    "glossary": "{}"
  },
  "model": "cmsplugin_cascade.cascadeelement",
  "pk": 272
},
{
  "fields": {
    "glossary": "{\"container_max_widths\":{\"xs\":720,\"md\":940,\"sm\":720,\"lg\":1140},\"xs-column-width\":\"col-xs-12\"}"
  },
  "model": "cmsplugin_cascade.cascadeelement",
  "pk": 273
},
{
  "fields": {
    "glossary": "{}"
  },
  "model": "cmsplugin_cascade.cascadeelement",
  "pk": 275
},
{
  "fields": {
    "glossary": "{\"container_max_widths\":{\"xs\":220,\"md\":293,\"sm\":220,\"lg\":360},\"xs-column-width\":\"col-xs-4\"}"
  },
  "model": "cmsplugin_cascade.cascadeelement",
  "pk": 276
},
{
  "fields": {
    "glossary": "{\"container_max_widths\":{\"xs\":220,\"md\":293,\"sm\":220,\"lg\":360},\"xs-column-width\":\"col-xs-4\"}"
  },
  "model": "cmsplugin_cascade.cascadeelement",
  "pk": 277
},
{
  "fields": {
    "glossary": "{\"container_max_widths\":{\"xs\":220,\"md\":293,\"sm\":220,\"lg\":360},\"xs-column-width\":\"col-xs-4\"}"
  },
  "model": "cmsplugin_cascade.cascadeelement",
  "pk": 278
},
{
  "fields": {
    "glossary": "{\"form_type\":\"login-reset\",\"link\":{\"type\":\"RELOAD_PAGE\"}}"
  },
  "model": "cmsplugin_cascade.cascadeelement",
  "pk": 279
},
{
  "fields": {
    "glossary": "{\"form_type\":\"register-user\",\"link\":{\"type\":\"RELOAD_PAGE\"}}"
  },
  "model": "cmsplugin_cascade.cascadeelement",
  "pk": 281
},
{
  "fields": {
    "glossary": "{\"form_type\":\"continue-as-guest\",\"link\":{\"type\":\"RELOAD_PAGE\"}}"
  },
  "model": "cmsplugin_cascade.cascadeelement",
  "pk": 282
},
{
  "fields": {
    "glossary": "{\"tag_type\":\"naked\"}"
  },
  "model": "cmsplugin_cascade.cascadeelement",
  "pk": 283
},
{
  "fields": {
    "glossary": "{\"open_tag\":\"if\",\"condition\":\"customer.is_recognized\"}"
  },
  "model": "cmsplugin_cascade.cascadeelement",
  "pk": 284
},
{
  "fields": {
    "glossary": "{}"
  },
  "model": "cmsplugin_cascade.cascadeelement",
  "pk": 285
},
{
  "fields": {
    "glossary": "{\"container_max_widths\":{\"xs\":720,\"md\":940,\"sm\":720,\"lg\":1140},\"xs-column-width\":\"col-xs-12\"}"
  },
  "model": "cmsplugin_cascade.cascadeelement",
  "pk": 286
},
{
  "fields": {
    "glossary": "{}"
  },
  "model": "cmsplugin_cascade.cascadeelement",
  "pk": 287
},
{
  "fields": {
    "glossary": "{}"
  },
  "model": "cmsplugin_cascade.cascadeelement",
  "pk": 288
},
{
  "fields": {
    "glossary": "{\"open_tag\":\"if\",\"condition\":\"customer.is_registered\"}"
  },
  "model": "cmsplugin_cascade.cascadeelement",
  "pk": 289
},
{
  "fields": {
    "glossary": "{\"render_type\":\"form\"}"
  },
  "model": "cmsplugin_cascade.cascadeelement",
  "pk": 290
},
{
  "fields": {
    "glossary": "{\"open_tag\":\"else\",\"condition\":\"\"}"
  },
  "model": "cmsplugin_cascade.cascadeelement",
  "pk": 291
},
{
  "fields": {
    "glossary": "{\"render_type\":\"form\"}"
  },
  "model": "cmsplugin_cascade.cascadeelement",
  "pk": 292
},
{
  "fields": {
    "glossary": "{\"icon-right\":\"menu-right\",\"button-type\":\"btn-success\",\"link_content\":\"Weiter\",\"button-size\":\"\",\"quick-float\":\"\",\"button-options\":[],\"icon-left\":\"\"}"
  },
  "model": "cmsplugin_cascade.cascadeelement",
  "pk": 293
},
{
  "fields": {
    "glossary": "{}"
  },
  "model": "cmsplugin_cascade.cascadeelement",
  "pk": 294
},
{
  "fields": {
    "glossary": "{\"render_type\":\"form\"}"
  },
  "model": "cmsplugin_cascade.cascadeelement",
  "pk": 295
},
{
  "fields": {
    "glossary": "{\"render_type\":\"form\"}"
  },
  "model": "cmsplugin_cascade.cascadeelement",
  "pk": 296
},
{
  "fields": {
    "glossary": "{\"icon-right\":\"menu-right\",\"button-type\":\"btn-success\",\"link_content\":\"Weiter\",\"button-size\":\"\",\"quick-float\":\"\",\"button-options\":[],\"icon-left\":\"\"}"
  },
  "model": "cmsplugin_cascade.cascadeelement",
  "pk": 297
},
{
  "fields": {
    "glossary": "{}"
  },
  "model": "cmsplugin_cascade.cascadeelement",
  "pk": 298
},
{
  "fields": {
    "glossary": "{\"render_type\":\"static\"}"
  },
  "model": "cmsplugin_cascade.cascadeelement",
  "pk": 299
},
{
  "fields": {
    "glossary": "{\"render_type\":\"form\"}"
  },
  "model": "cmsplugin_cascade.cascadeelement",
  "pk": 300
},
{
  "fields": {
    "glossary": "{\"render_type\":\"form\"}"
  },
  "model": "cmsplugin_cascade.cascadeelement",
  "pk": 301
},
{
  "fields": {
    "glossary": "{\"render_type\":\"form\"}"
  },
  "model": "cmsplugin_cascade.cascadeelement",
  "pk": 302
},
{
  "fields": {
    "glossary": "{\"html_content\":\"&lt;p&gt;Ich habe die allgemeinen Gesch&amp;auml;ftbedingungen gelesen und erkl&amp;auml;re mich damit einverstanden.&lt;/p&gt;\\r\\n\"}"
  },
  "model": "cmsplugin_cascade.cascadeelement",
  "pk": 303
},
{
  "fields": {
    "glossary": "{\"icon-right\":\"\",\"button-type\":\"btn-success\",\"link_content\":\"Jetzt Kaufen\",\"link\":{\"type\":\"PURCHASE_NOW\"},\"button-size\":\"btn-lg\",\"quick-float\":\"\",\"button-options\":[],\"icon-left\":\"thumbs-up\"}"
  },
  "model": "cmsplugin_cascade.cascadeelement",
  "pk": 304
},
{
  "fields": {
    "glossary": "{\"open_tag\":\"else\",\"condition\":\"\"}"
  },
  "model": "cmsplugin_cascade.cascadeelement",
  "pk": 305
},
{
  "fields": {
    "glossary": "{}"
  },
  "model": "cmsplugin_cascade.cascadeelement",
  "pk": 306
},
{
  "fields": {
    "glossary": "{\"container_max_widths\":{\"xs\":220,\"md\":293,\"sm\":220,\"lg\":360},\"xs-column-width\":\"col-xs-4\"}"
  },
  "model": "cmsplugin_cascade.cascadeelement",
  "pk": 307
},
{
  "fields": {
    "glossary": "{\"form_type\":\"login-reset\",\"link\":{\"type\":\"RELOAD_PAGE\"}}"
  },
  "model": "cmsplugin_cascade.cascadeelement",
  "pk": 308
},
{
  "fields": {
    "glossary": "{\"container_max_widths\":{\"xs\":220,\"md\":293,\"sm\":220,\"lg\":360},\"xs-column-width\":\"col-xs-4\"}"
  },
  "model": "cmsplugin_cascade.cascadeelement",
  "pk": 309
},
{
  "fields": {
    "glossary": "{\"form_type\":\"register-user\",\"link\":{\"type\":\"RELOAD_PAGE\"}}"
  },
  "model": "cmsplugin_cascade.cascadeelement",
  "pk": 310
},
{
  "fields": {
    "glossary": "{\"container_max_widths\":{\"xs\":220,\"md\":293,\"sm\":220,\"lg\":360},\"xs-column-width\":\"col-xs-4\"}"
  },
  "model": "cmsplugin_cascade.cascadeelement",
  "pk": 311
},
{
  "fields": {
    "glossary": "{\"form_type\":\"continue-as-guest\",\"link\":{\"type\":\"RELOAD_PAGE\"}}"
  },
  "model": "cmsplugin_cascade.cascadeelement",
  "pk": 312
},
{
  "fields": {
    "glossary": "{}"
  },
  "model": "cmsplugin_cascade.cascadeelement",
  "pk": 342
},
{
  "fields": {
    "glossary": "{\"container_max_widths\":{\"xs\":720,\"md\":940,\"sm\":720,\"lg\":1140},\"xs-column-width\":\"col-xs-12\"}"
  },
  "model": "cmsplugin_cascade.cascadeelement",
  "pk": 343
},
{
  "fields": {
    "glossary": "{}"
  },
  "model": "cmsplugin_cascade.cascadeelement",
  "pk": 344
},
{
  "fields": {
    "glossary": "{\"image-height\":\"\",\"title\":\"\",\"image-title\":\"Django Pony\",\"image\":{\"pk\":1,\"model\":\"filer.Image\"},\"alt-tag\":\"\",\"image-width-fixed\":\"\",\"resize-options\":[\"subject_location\",\"high_resolution\"],\"link\":{\"type\":\"none\"},\"image-shapes\":[\"img-responsive\"],\"target\":\"\",\"image-width-responsive\":\"100%\"}"
  },
  "model": "cmsplugin_cascade.cascadeelement",
  "pk": 348
},
{
  "fields": {
    "glossary": "{}"
  },
  "model": "cmsplugin_cascade.cascadeelement",
  "pk": 359
},
{
  "fields": {
    "glossary": "{\"sm-responsive-utils\":\"\",\"xs-responsive-utils\":\"\",\"md-column-offset\":\"\",\"sm-column-width\":\"\",\"md-responsive-utils\":\"\",\"xs-column-offset\":\"\",\"sm-column-offset\":\"\",\"sm-column-ordering\":\"\",\"md-column-ordering\":\"\",\"lg-column-ordering\":\"\",\"lg-column-offset\":\"\",\"md-column-width\":\"\",\"xs-column-width\":\"col-xs-12\",\"lg-responsive-utils\":\"\",\"container_max_widths\":{\"xs\":720,\"md\":940,\"sm\":720,\"lg\":1140},\"lg-column-width\":\"\",\"xs-column-ordering\":\"\"}"
  },
  "model": "cmsplugin_cascade.cascadeelement",
  "pk": 360
},
{
  "fields": {
    "glossary": "{\"render_type\":\"editable\",\"render_template\":\"\"}"
  },
  "model": "cmsplugin_cascade.cascadeelement",
  "pk": 361
},
{
  "fields": {
    "glossary": "{}"
  },
  "model": "cmsplugin_cascade.cascadeelement",
  "pk": 362
},
{
  "fields": {
    "glossary": "{\"sm-responsive-utils\":\"\",\"xs-responsive-utils\":\"\",\"md-column-offset\":\"\",\"sm-column-width\":\"col-sm-3\",\"md-responsive-utils\":\"\",\"xs-column-offset\":\"\",\"sm-column-offset\":\"col-sm-offset-5\",\"sm-column-ordering\":\"\",\"md-column-ordering\":\"\",\"lg-column-ordering\":\"\",\"lg-column-offset\":\"\",\"md-column-width\":\"\",\"xs-column-width\":\"col-xs-12\",\"lg-responsive-utils\":\"\",\"container_max_widths\":{\"xs\":720,\"md\":212,\"sm\":157,\"lg\":262},\"lg-column-width\":\"\",\"xs-column-ordering\":\"\"}"
  },
  "model": "cmsplugin_cascade.cascadeelement",
  "pk": 363
},
{
  "fields": {
    "glossary": "{\"icon-right\":\"\",\"button-type\":\"btn-default\",\"link_content\":\"Continue Shopping\",\"link\":{\"pk\":17,\"model\":\"cms.Page\",\"type\":\"cmspage\"},\"button-size\":\"\",\"quick-float\":\"\",\"button-options\":[],\"icon-left\":\"menu-up\"}"
  },
  "model": "cmsplugin_cascade.cascadeelement",
  "pk": 364
},
{
  "fields": {
    "glossary": "{\"sm-responsive-utils\":\"\",\"xs-responsive-utils\":\"\",\"md-column-offset\":\"\",\"sm-column-width\":\"col-sm-4\",\"md-responsive-utils\":\"\",\"xs-column-offset\":\"\",\"sm-column-offset\":\"\",\"sm-column-ordering\":\"\",\"md-column-ordering\":\"\",\"lg-column-ordering\":\"\",\"lg-column-offset\":\"\",\"md-column-width\":\"\",\"xs-column-width\":\"col-xs-12\",\"lg-responsive-utils\":\"\",\"container_max_widths\":{\"xs\":720,\"md\":293,\"sm\":220,\"lg\":360},\"lg-column-width\":\"\",\"xs-column-ordering\":\"\"}"
  },
  "model": "cmsplugin_cascade.cascadeelement",
  "pk": 365
},
{
  "fields": {
    "glossary": "{\"icon-right\":\"menu-right\",\"button-type\":\"btn-success\",\"link_content\":\"Proceed to Checkout\",\"link\":{\"pk\":5,\"model\":\"cms.Page\",\"type\":\"cmspage\"},\"button-size\":\"\",\"quick-float\":\"\",\"button-options\":[],\"icon-left\":\"\"}"
  },
  "model": "cmsplugin_cascade.cascadeelement",
  "pk": 366
},
{
  "fields": {
    "glossary": "{\"tag_type\":\"naked\"}"
  },
  "model": "cmsplugin_cascade.cascadeelement",
  "pk": 375
},
{
  "fields": {
    "glossary": "{\"open_tag\":\"if\",\"condition\":\"customer.is_recognized\"}"
  },
  "model": "cmsplugin_cascade.cascadeelement",
  "pk": 376
},
{
  "fields": {
    "glossary": "{}"
  },
  "model": "cmsplugin_cascade.cascadeelement",
  "pk": 377
},
{
  "fields": {
    "glossary": "{\"container_max_widths\":{\"xs\":720,\"md\":940,\"sm\":720,\"lg\":1140},\"xs-column-width\":\"col-xs-12\"}"
  },
  "model": "cmsplugin_cascade.cascadeelement",
  "pk": 378
},
{
  "fields": {
    "glossary": "{}"
  },
  "model": "cmsplugin_cascade.cascadeelement",
  "pk": 379
},
{
  "fields": {
    "glossary": "{}"
  },
  "model": "cmsplugin_cascade.cascadeelement",
  "pk": 380
},
{
  "fields": {
    "glossary": "{\"open_tag\":\"if\",\"condition\":\"customer.is_registered\"}"
  },
  "model": "cmsplugin_cascade.cascadeelement",
  "pk": 381
},
{
  "fields": {
    "glossary": "{\"render_type\":\"form\"}"
  },
  "model": "cmsplugin_cascade.cascadeelement",
  "pk": 382
},
{
  "fields": {
    "glossary": "{\"open_tag\":\"else\",\"condition\":\"\"}"
  },
  "model": "cmsplugin_cascade.cascadeelement",
  "pk": 383
},
{
  "fields": {
    "glossary": "{\"render_type\":\"form\"}"
  },
  "model": "cmsplugin_cascade.cascadeelement",
  "pk": 384
},
{
  "fields": {
    "glossary": "{\"icon-right\":\"menu-right\",\"button-type\":\"btn-success\",\"link_content\":\"Next\",\"button-size\":\"\",\"quick-float\":\"\",\"button-options\":[],\"icon-left\":\"\"}"
  },
  "model": "cmsplugin_cascade.cascadeelement",
  "pk": 385
},
{
  "fields": {
    "glossary": "{}"
  },
  "model": "cmsplugin_cascade.cascadeelement",
  "pk": 386
},
{
  "fields": {
    "glossary": "{\"render_type\":\"form\"}"
  },
  "model": "cmsplugin_cascade.cascadeelement",
  "pk": 387
},
{
  "fields": {
    "glossary": "{\"render_type\":\"form\"}"
  },
  "model": "cmsplugin_cascade.cascadeelement",
  "pk": 388
},
{
  "fields": {
    "glossary": "{\"icon-right\":\"menu-right\",\"button-type\":\"btn-success\",\"link_content\":\"Next\",\"button-size\":\"\",\"quick-float\":\"\",\"button-options\":[],\"icon-left\":\"\"}"
  },
  "model": "cmsplugin_cascade.cascadeelement",
  "pk": 389
},
{
  "fields": {
    "glossary": "{}"
  },
  "model": "cmsplugin_cascade.cascadeelement",
  "pk": 390
},
{
  "fields": {
    "glossary": "{\"render_type\":\"static\"}"
  },
  "model": "cmsplugin_cascade.cascadeelement",
  "pk": 391
},
{
  "fields": {
    "glossary": "{\"render_type\":\"form\"}"
  },
  "model": "cmsplugin_cascade.cascadeelement",
  "pk": 392
},
{
  "fields": {
    "glossary": "{\"render_type\":\"form\"}"
  },
  "model": "cmsplugin_cascade.cascadeelement",
  "pk": 393
},
{
  "fields": {
    "glossary": "{\"render_type\":\"form\"}"
  },
  "model": "cmsplugin_cascade.cascadeelement",
  "pk": 394
},
{
  "fields": {
    "glossary": "{\"html_content\":\"&lt;p&gt;Ich habe die allgemeinen Gesch&amp;auml;ftbedingungen gelesen und erkl&amp;auml;re mich damit einverstanden.&lt;/p&gt;\\r\\n\"}"
  },
  "model": "cmsplugin_cascade.cascadeelement",
  "pk": 395
},
{
  "fields": {
    "glossary": "{\"icon-right\":\"\",\"button-type\":\"btn-success\",\"link_content\":\"Purchase Now\",\"link\":{\"type\":\"PURCHASE_NOW\"},\"button-size\":\"btn-lg\",\"quick-float\":\"\",\"button-options\":[],\"icon-left\":\"thumbs-up\"}"
  },
  "model": "cmsplugin_cascade.cascadeelement",
  "pk": 396
},
{
  "fields": {
    "glossary": "{\"open_tag\":\"else\",\"condition\":\"\"}"
  },
  "model": "cmsplugin_cascade.cascadeelement",
  "pk": 397
},
{
  "fields": {
    "glossary": "{}"
  },
  "model": "cmsplugin_cascade.cascadeelement",
  "pk": 398
},
{
  "fields": {
    "glossary": "{\"container_max_widths\":{\"xs\":220,\"md\":293,\"sm\":220,\"lg\":360},\"xs-column-width\":\"col-xs-4\"}"
  },
  "model": "cmsplugin_cascade.cascadeelement",
  "pk": 399
},
{
  "fields": {
    "glossary": "{\"form_type\":\"login-reset\",\"link\":{\"type\":\"RELOAD_PAGE\"}}"
  },
  "model": "cmsplugin_cascade.cascadeelement",
  "pk": 400
},
{
  "fields": {
    "glossary": "{\"container_max_widths\":{\"xs\":220,\"md\":293,\"sm\":220,\"lg\":360},\"xs-column-width\":\"col-xs-4\"}"
  },
  "model": "cmsplugin_cascade.cascadeelement",
  "pk": 401
},
{
  "fields": {
    "glossary": "{\"form_type\":\"register-user\",\"link\":{\"type\":\"RELOAD_PAGE\"}}"
  },
  "model": "cmsplugin_cascade.cascadeelement",
  "pk": 402
},
{
  "fields": {
    "glossary": "{\"container_max_widths\":{\"xs\":220,\"md\":293,\"sm\":220,\"lg\":360},\"xs-column-width\":\"col-xs-4\"}"
  },
  "model": "cmsplugin_cascade.cascadeelement",
  "pk": 403
},
{
  "fields": {
    "glossary": "{\"form_type\":\"continue-as-guest\",\"link\":{\"type\":\"RELOAD_PAGE\"}}"
  },
  "model": "cmsplugin_cascade.cascadeelement",
  "pk": 404
},
{
  "fields": {
    "glossary": "{}"
  },
  "model": "cmsplugin_cascade.cascadeelement",
  "pk": 519
},
{
  "fields": {
    "glossary": "{\"sm-responsive-utils\":\"\",\"xs-responsive-utils\":\"\",\"md-column-offset\":\"\",\"sm-column-width\":\"\",\"md-responsive-utils\":\"\",\"xs-column-offset\":\"\",\"sm-column-offset\":\"\",\"sm-column-ordering\":\"\",\"md-column-ordering\":\"\",\"lg-column-ordering\":\"\",\"lg-column-offset\":\"\",\"lg-column-width\":\"\",\"xs-column-width\":\"col-xs-12\",\"lg-responsive-utils\":\"\",\"container_max_widths\":{\"xs\":720,\"md\":940,\"sm\":720,\"lg\":1140},\"md-column-width\":\"\",\"xs-column-ordering\":\"\"}"
  },
  "model": "cmsplugin_cascade.cascadeelement",
  "pk": 520
},
{
  "fields": {
    "glossary": "{\"render_type\":\"editable\",\"render_template\":\"\"}"
  },
  "model": "cmsplugin_cascade.cascadeelement",
  "pk": 521
},
{
  "fields": {
    "glossary": "{}"
  },
  "model": "cmsplugin_cascade.cascadeelement",
  "pk": 522
},
{
  "fields": {
    "glossary": "{\"sm-responsive-utils\":\"\",\"xs-responsive-utils\":\"\",\"md-column-offset\":\"\",\"sm-column-width\":\"col-sm-3\",\"md-responsive-utils\":\"\",\"xs-column-offset\":\"\",\"sm-column-offset\":\"col-sm-offset-5\",\"sm-column-ordering\":\"\",\"md-column-ordering\":\"\",\"lg-column-ordering\":\"\",\"lg-column-offset\":\"\",\"lg-column-width\":\"\",\"xs-column-width\":\"col-xs-12\",\"lg-responsive-utils\":\"\",\"container_max_widths\":{\"xs\":720,\"md\":212,\"sm\":157,\"lg\":262},\"md-column-width\":\"\",\"xs-column-ordering\":\"\"}"
  },
  "model": "cmsplugin_cascade.cascadeelement",
  "pk": 523
},
{
  "fields": {
    "glossary": "{\"icon-right\":\"\",\"button-type\":\"btn-default\",\"link_content\":\"Continue Shopping\",\"link\":{\"pk\":17,\"model\":\"cms.Page\",\"type\":\"cmspage\"},\"button-size\":\"\",\"quick-float\":\"\",\"button-options\":[],\"icon-left\":\"menu-up\"}"
  },
  "model": "cmsplugin_cascade.cascadeelement",
  "pk": 524
},
{
  "fields": {
    "glossary": "{\"sm-responsive-utils\":\"\",\"xs-responsive-utils\":\"\",\"md-column-offset\":\"\",\"sm-column-width\":\"col-sm-4\",\"md-responsive-utils\":\"\",\"xs-column-offset\":\"\",\"sm-column-offset\":\"\",\"sm-column-ordering\":\"\",\"md-column-ordering\":\"\",\"lg-column-ordering\":\"\",\"lg-column-offset\":\"\",\"lg-column-width\":\"\",\"xs-column-width\":\"col-xs-12\",\"lg-responsive-utils\":\"\",\"container_max_widths\":{\"xs\":720,\"md\":293,\"sm\":220,\"lg\":360},\"md-column-width\":\"\",\"xs-column-ordering\":\"\"}"
  },
  "model": "cmsplugin_cascade.cascadeelement",
  "pk": 525
},
{
  "fields": {
    "glossary": "{\"icon-right\":\"menu-right\",\"button-type\":\"btn-success\",\"link_content\":\"Proceed to Checkout\",\"link\":{\"pk\":5,\"model\":\"cms.Page\",\"type\":\"cmspage\"},\"button-size\":\"\",\"quick-float\":\"\",\"button-options\":[],\"icon-left\":\"\"}"
  },
  "model": "cmsplugin_cascade.cascadeelement",
  "pk": 526
},
{
  "fields": {
    "glossary": "{\"tag_type\":\"naked\"}"
  },
  "model": "cmsplugin_cascade.cascadeelement",
  "pk": 527
},
{
  "fields": {
    "glossary": "{\"open_tag\":\"if\",\"condition\":\"customer.is_recognized\"}"
  },
  "model": "cmsplugin_cascade.cascadeelement",
  "pk": 528
},
{
  "fields": {
    "glossary": "{}"
  },
  "model": "cmsplugin_cascade.cascadeelement",
  "pk": 529
},
{
  "fields": {
    "glossary": "{\"container_max_widths\":{\"xs\":720,\"md\":940,\"sm\":720,\"lg\":1140},\"xs-column-width\":\"col-xs-12\"}"
  },
  "model": "cmsplugin_cascade.cascadeelement",
  "pk": 530
},
{
  "fields": {
    "glossary": "{}"
  },
  "model": "cmsplugin_cascade.cascadeelement",
  "pk": 531
},
{
  "fields": {
    "glossary": "{}"
  },
  "model": "cmsplugin_cascade.cascadeelement",
  "pk": 532
},
{
  "fields": {
    "glossary": "{\"open_tag\":\"if\",\"condition\":\"customer.is_registered\"}"
  },
  "model": "cmsplugin_cascade.cascadeelement",
  "pk": 533
},
{
  "fields": {
    "glossary": "{\"render_type\":\"form\"}"
  },
  "model": "cmsplugin_cascade.cascadeelement",
  "pk": 534
},
{
  "fields": {
    "glossary": "{\"open_tag\":\"else\",\"condition\":\"\"}"
  },
  "model": "cmsplugin_cascade.cascadeelement",
  "pk": 535
},
{
  "fields": {
    "glossary": "{\"render_type\":\"form\"}"
  },
  "model": "cmsplugin_cascade.cascadeelement",
  "pk": 536
},
{
  "fields": {
    "glossary": "{\"icon-right\":\"menu-right\",\"button-type\":\"btn-success\",\"link_content\":\"Next\",\"button-size\":\"\",\"quick-float\":\"\",\"button-options\":[],\"icon-left\":\"\"}"
  },
  "model": "cmsplugin_cascade.cascadeelement",
  "pk": 537
},
{
  "fields": {
    "glossary": "{}"
  },
  "model": "cmsplugin_cascade.cascadeelement",
  "pk": 538
},
{
  "fields": {
    "glossary": "{\"render_type\":\"form\"}"
  },
  "model": "cmsplugin_cascade.cascadeelement",
  "pk": 539
},
{
  "fields": {
    "glossary": "{\"render_type\":\"form\"}"
  },
  "model": "cmsplugin_cascade.cascadeelement",
  "pk": 540
},
{
  "fields": {
    "glossary": "{\"icon-right\":\"menu-right\",\"button-type\":\"btn-success\",\"link_content\":\"Next\",\"button-size\":\"\",\"quick-float\":\"\",\"button-options\":[],\"icon-left\":\"\"}"
  },
  "model": "cmsplugin_cascade.cascadeelement",
  "pk": 541
},
{
  "fields": {
    "glossary": "{}"
  },
  "model": "cmsplugin_cascade.cascadeelement",
  "pk": 542
},
{
  "fields": {
    "glossary": "{\"render_type\":\"static\"}"
  },
  "model": "cmsplugin_cascade.cascadeelement",
  "pk": 543
},
{
  "fields": {
    "glossary": "{\"render_type\":\"form\"}"
  },
  "model": "cmsplugin_cascade.cascadeelement",
  "pk": 544
},
{
  "fields": {
    "glossary": "{\"render_type\":\"form\"}"
  },
  "model": "cmsplugin_cascade.cascadeelement",
  "pk": 545
},
{
  "fields": {
    "glossary": "{\"render_type\":\"form\"}"
  },
  "model": "cmsplugin_cascade.cascadeelement",
  "pk": 546
},
{
  "fields": {
    "glossary": "{\"html_content\":\"&lt;p&gt;Ich habe die allgemeinen Gesch&amp;auml;ftbedingungen gelesen und erkl&amp;auml;re mich damit einverstanden.&lt;/p&gt;\\r\\n\"}"
  },
  "model": "cmsplugin_cascade.cascadeelement",
  "pk": 547
},
{
  "fields": {
    "glossary": "{\"icon-right\":\"\",\"button-type\":\"btn-success\",\"link_content\":\"Purchase Now\",\"link\":{\"type\":\"PURCHASE_NOW\"},\"button-size\":\"btn-lg\",\"quick-float\":\"\",\"button-options\":[],\"icon-left\":\"thumbs-up\"}"
  },
  "model": "cmsplugin_cascade.cascadeelement",
  "pk": 548
},
{
  "fields": {
    "glossary": "{\"open_tag\":\"else\",\"condition\":\"\"}"
  },
  "model": "cmsplugin_cascade.cascadeelement",
  "pk": 549
},
{
  "fields": {
    "glossary": "{}"
  },
  "model": "cmsplugin_cascade.cascadeelement",
  "pk": 550
},
{
  "fields": {
    "glossary": "{\"container_max_widths\":{\"xs\":220,\"md\":293,\"sm\":220,\"lg\":360},\"xs-column-width\":\"col-xs-4\"}"
  },
  "model": "cmsplugin_cascade.cascadeelement",
  "pk": 551
},
{
  "fields": {
    "glossary": "{\"form_type\":\"login-reset\",\"link\":{\"type\":\"RELOAD_PAGE\"}}"
  },
  "model": "cmsplugin_cascade.cascadeelement",
  "pk": 552
},
{
  "fields": {
    "glossary": "{\"container_max_widths\":{\"xs\":220,\"md\":293,\"sm\":220,\"lg\":360},\"xs-column-width\":\"col-xs-4\"}"
  },
  "model": "cmsplugin_cascade.cascadeelement",
  "pk": 553
},
{
  "fields": {
    "glossary": "{\"form_type\":\"register-user\",\"link\":{\"type\":\"RELOAD_PAGE\"}}"
  },
  "model": "cmsplugin_cascade.cascadeelement",
  "pk": 554
},
{
  "fields": {
    "glossary": "{\"container_max_widths\":{\"xs\":220,\"md\":293,\"sm\":220,\"lg\":360},\"xs-column-width\":\"col-xs-4\"}"
  },
  "model": "cmsplugin_cascade.cascadeelement",
  "pk": 555
},
{
  "fields": {
    "glossary": "{\"form_type\":\"continue-as-guest\",\"link\":{\"type\":\"RELOAD_PAGE\"}}"
  },
  "model": "cmsplugin_cascade.cascadeelement",
  "pk": 556
},
{
  "fields": {
    "glossary": "{}"
  },
  "model": "cmsplugin_cascade.cascadeelement",
  "pk": 557
},
{
  "fields": {
    "glossary": "{\"sm-responsive-utils\":\"\",\"xs-responsive-utils\":\"\",\"md-column-offset\":\"\",\"sm-column-width\":\"\",\"md-responsive-utils\":\"\",\"xs-column-offset\":\"\",\"sm-column-offset\":\"\",\"sm-column-ordering\":\"\",\"md-column-ordering\":\"\",\"lg-column-ordering\":\"\",\"lg-column-offset\":\"\",\"md-column-width\":\"\",\"xs-column-width\":\"col-xs-12\",\"lg-responsive-utils\":\"\",\"container_max_widths\":{\"xs\":720,\"md\":940,\"sm\":720,\"lg\":1140},\"lg-column-width\":\"\",\"xs-column-ordering\":\"\"}"
  },
  "model": "cmsplugin_cascade.cascadeelement",
  "pk": 558
},
{
  "fields": {
    "glossary": "{\"render_type\":\"editable\"}"
  },
  "model": "cmsplugin_cascade.cascadeelement",
  "pk": 559
},
{
  "fields": {
    "glossary": "{}"
  },
  "model": "cmsplugin_cascade.cascadeelement",
  "pk": 560
},
{
  "fields": {
    "glossary": "{\"sm-responsive-utils\":\"\",\"xs-responsive-utils\":\"\",\"md-column-offset\":\"\",\"sm-column-width\":\"col-sm-3\",\"md-responsive-utils\":\"\",\"xs-column-offset\":\"\",\"sm-column-offset\":\"col-sm-offset-5\",\"sm-column-ordering\":\"\",\"md-column-ordering\":\"\",\"lg-column-ordering\":\"\",\"lg-column-offset\":\"\",\"md-column-width\":\"\",\"xs-column-width\":\"col-xs-12\",\"lg-responsive-utils\":\"\",\"container_max_widths\":{\"xs\":720,\"md\":212,\"sm\":157,\"lg\":262},\"lg-column-width\":\"\",\"xs-column-ordering\":\"\"}"
  },
  "model": "cmsplugin_cascade.cascadeelement",
  "pk": 561
},
{
  "fields": {
    "glossary": "{\"icon-right\":\"\",\"button-type\":\"btn-default\",\"link_content\":\"Weiter Einkaufen\",\"link\":{\"pk\":17,\"model\":\"cms.Page\",\"type\":\"cmspage\"},\"button-size\":\"\",\"quick-float\":\"\",\"button-options\":[],\"icon-left\":\"menu-up\"}"
  },
  "model": "cmsplugin_cascade.cascadeelement",
  "pk": 562
},
{
  "fields": {
    "glossary": "{\"sm-responsive-utils\":\"\",\"xs-responsive-utils\":\"\",\"md-column-offset\":\"\",\"sm-column-width\":\"col-sm-4\",\"md-responsive-utils\":\"\",\"xs-column-offset\":\"\",\"sm-column-offset\":\"\",\"sm-column-ordering\":\"\",\"md-column-ordering\":\"\",\"lg-column-ordering\":\"\",\"lg-column-offset\":\"\",\"md-column-width\":\"\",\"xs-column-width\":\"col-xs-12\",\"lg-responsive-utils\":\"\",\"container_max_widths\":{\"xs\":720,\"md\":293,\"sm\":220,\"lg\":360},\"lg-column-width\":\"\",\"xs-column-ordering\":\"\"}"
  },
  "model": "cmsplugin_cascade.cascadeelement",
  "pk": 563
},
{
  "fields": {
    "glossary": "{\"icon-right\":\"menu-right\",\"button-type\":\"btn-success\",\"link_content\":\"Zur Kasse gehen\",\"link\":{\"pk\":5,\"model\":\"cms.Page\",\"type\":\"cmspage\"},\"button-size\":\"\",\"quick-float\":\"\",\"button-options\":[],\"icon-left\":\"\"}"
  },
  "model": "cmsplugin_cascade.cascadeelement",
  "pk": 564
},
{
  "fields": {
    "glossary": "{}"
  },
  "model": "cmsplugin_cascade.cascadeelement",
  "pk": 565
},
{
  "fields": {
    "glossary": "{\"sm-responsive-utils\":\"\",\"xs-responsive-utils\":\"\",\"md-column-offset\":\"\",\"sm-column-width\":\"\",\"md-responsive-utils\":\"\",\"xs-column-offset\":\"\",\"sm-column-offset\":\"\",\"sm-column-ordering\":\"\",\"md-column-ordering\":\"\",\"lg-column-ordering\":\"\",\"lg-column-offset\":\"\",\"md-column-width\":\"\",\"xs-column-width\":\"col-xs-3\",\"lg-responsive-utils\":\"\",\"container_max_widths\":{\"xs\":157,\"md\":212,\"sm\":157,\"lg\":262},\"lg-column-width\":\"\",\"xs-column-ordering\":\"\"}"
  },
  "model": "cmsplugin_cascade.cascadeelement",
  "pk": 566
},
{
  "fields": {
    "glossary": "{\"image-width-responsive\":\"100%\",\"image-height\":\"\",\"title\":\"\",\"image-title\":\"Django Pony\",\"image\":{\"pk\":1,\"model\":\"filer.Image\"},\"image-width-fixed\":\"\",\"resize-options\":[\"subject_location\",\"high_resolution\"],\"link\":{\"type\":\"none\"},\"alt-tag\":\"\",\"image-shapes\":[\"img-responsive\"],\"target\":\"\"}"
  },
  "model": "cmsplugin_cascade.cascadeelement",
  "pk": 567
},
{
  "fields": {
    "glossary": "{\"sm-responsive-utils\":\"\",\"xs-responsive-utils\":\"\",\"md-column-offset\":\"\",\"sm-column-width\":\"\",\"md-responsive-utils\":\"\",\"xs-column-offset\":\"\",\"sm-column-offset\":\"\",\"sm-column-ordering\":\"\",\"md-column-ordering\":\"\",\"lg-column-ordering\":\"\",\"lg-column-offset\":\"\",\"md-column-width\":\"\",\"xs-column-width\":\"col-xs-9\",\"lg-responsive-utils\":\"\",\"container_max_widths\":{\"xs\":532,\"md\":697,\"sm\":532,\"lg\":847},\"lg-column-width\":\"\",\"xs-column-ordering\":\"\"}"
  },
  "model": "cmsplugin_cascade.cascadeelement",
  "pk": 568
},
{
  "fields": {
    "glossary": "{}"
  },
  "model": "cmsplugin_cascade.cascadeelement",
  "pk": 585
},
{
  "fields": {
    "glossary": "{\"sm-responsive-utils\":\"\",\"xs-responsive-utils\":\"\",\"md-column-offset\":\"\",\"sm-column-width\":\"\",\"md-responsive-utils\":\"\",\"xs-column-offset\":\"\",\"sm-column-offset\":\"\",\"sm-column-ordering\":\"\",\"md-column-ordering\":\"\",\"lg-column-ordering\":\"\",\"lg-column-offset\":\"\",\"lg-column-width\":\"\",\"xs-column-width\":\"col-xs-3\",\"lg-responsive-utils\":\"\",\"container_max_widths\":{\"xs\":157,\"md\":212,\"sm\":157,\"lg\":262},\"md-column-width\":\"\",\"xs-column-ordering\":\"\"}"
  },
  "model": "cmsplugin_cascade.cascadeelement",
  "pk": 586
},
{
  "fields": {
    "glossary": "{\"image-width-responsive\":\"100%\",\"title\":\"\",\"image-title\":\"Django Pony\",\"image\":{\"pk\":1,\"model\":\"filer.Image\"},\"alt-tag\":\"\",\"image-width-fixed\":\"\",\"resize-options\":[\"subject_location\",\"high_resolution\"],\"link\":{\"type\":\"none\"},\"image-shapes\":[\"img-responsive\"],\"target\":\"\",\"image-height\":\"\"}"
  },
  "model": "cmsplugin_cascade.cascadeelement",
  "pk": 587
},
{
  "fields": {
    "glossary": "{\"sm-responsive-utils\":\"\",\"xs-responsive-utils\":\"\",\"md-column-offset\":\"\",\"sm-column-width\":\"\",\"md-responsive-utils\":\"\",\"xs-column-offset\":\"\",\"sm-column-offset\":\"\",\"sm-column-ordering\":\"\",\"md-column-ordering\":\"\",\"lg-column-ordering\":\"\",\"lg-column-offset\":\"\",\"lg-column-width\":\"\",\"xs-column-width\":\"col-xs-9\",\"lg-responsive-utils\":\"\",\"container_max_widths\":{\"xs\":532,\"md\":697,\"sm\":532,\"lg\":847},\"md-column-width\":\"\",\"xs-column-ordering\":\"\"}"
  },
  "model": "cmsplugin_cascade.cascadeelement",
  "pk": 588
},
{
  "fields": {
    "glossary": "{}"
  },
  "model": "cmsplugin_cascade.cascadeelement",
  "pk": 590
},
{
  "fields": {
    "glossary": "{\"sm-responsive-utils\":\"\",\"xs-responsive-utils\":\"\",\"md-column-offset\":\"\",\"sm-column-width\":\"\",\"md-responsive-utils\":\"\",\"xs-column-offset\":\"\",\"sm-column-offset\":\"\",\"sm-column-ordering\":\"\",\"md-column-ordering\":\"\",\"lg-column-ordering\":\"\",\"lg-column-offset\":\"\",\"md-column-width\":\"\",\"xs-column-width\":\"col-xs-3\",\"lg-responsive-utils\":\"\",\"container_max_widths\":{\"xs\":157,\"md\":212,\"sm\":157,\"lg\":262},\"lg-column-width\":\"\",\"xs-column-ordering\":\"\"}"
  },
  "model": "cmsplugin_cascade.cascadeelement",
  "pk": 591
},
{
  "fields": {
    "glossary": "{\"image-width-responsive\":\"100%\",\"image-height\":\"\",\"title\":\"\",\"image-title\":\"Django Pony\",\"image\":{\"pk\":1,\"model\":\"filer.Image\"},\"image-width-fixed\":\"\",\"resize-options\":[\"subject_location\",\"high_resolution\"],\"link\":{\"type\":\"none\"},\"alt-tag\":\"\",\"image-shapes\":[\"img-responsive\"],\"target\":\"\"}"
  },
  "model": "cmsplugin_cascade.cascadeelement",
  "pk": 592
},
{
  "fields": {
    "glossary": "{\"sm-responsive-utils\":\"\",\"xs-responsive-utils\":\"\",\"md-column-offset\":\"\",\"sm-column-width\":\"\",\"md-responsive-utils\":\"\",\"xs-column-offset\":\"\",\"sm-column-offset\":\"\",\"sm-column-ordering\":\"\",\"md-column-ordering\":\"\",\"lg-column-ordering\":\"\",\"lg-column-offset\":\"\",\"md-column-width\":\"\",\"xs-column-width\":\"col-xs-9\",\"lg-responsive-utils\":\"\",\"container_max_widths\":{\"xs\":532,\"md\":697,\"sm\":532,\"lg\":847},\"lg-column-width\":\"\",\"xs-column-ordering\":\"\"}"
  },
  "model": "cmsplugin_cascade.cascadeelement",
  "pk": 593
},
{
  "fields": {
    "glossary": "{}"
  },
  "model": "cmsplugin_cascade.cascadeelement",
  "pk": 595
},
{
  "fields": {
    "glossary": "{\"container_max_widths\":{\"xs\":720,\"md\":940,\"sm\":720,\"lg\":1140},\"xs-column-width\":\"col-xs-12\"}"
  },
  "model": "cmsplugin_cascade.cascadeelement",
  "pk": 596
},
{
  "fields": {
    "glossary": "{}"
  },
  "model": "cmsplugin_cascade.cascadeelement",
  "pk": 597
},
{
  "fields": {
    "glossary": "{}"
  },
  "model": "cmsplugin_cascade.cascadeelement",
  "pk": 601
},
{
  "fields": {
    "glossary": "{\"container_max_widths\":{\"xs\":720,\"md\":940,\"sm\":720,\"lg\":1140},\"xs-column-width\":\"col-xs-12\"}"
  },
  "model": "cmsplugin_cascade.cascadeelement",
  "pk": 602
},
{
  "fields": {
    "glossary": "{}"
  },
  "model": "cmsplugin_cascade.cascadeelement",
  "pk": 603
},
{
  "fields": {
    "glossary": "{}"
  },
  "model": "cmsplugin_cascade.cascadeelement",
  "pk": 604
},
{
  "fields": {
    "glossary": "{\"container_max_widths\":{\"xs\":720,\"md\":940,\"sm\":720,\"lg\":1140},\"xs-column-width\":\"col-xs-12\"}"
  },
  "model": "cmsplugin_cascade.cascadeelement",
  "pk": 605
},
{
  "fields": {
    "glossary": "{}"
  },
  "model": "cmsplugin_cascade.cascadeelement",
  "pk": 606
},
{
  "fields": {
    "glossary": "{}"
  },
  "model": "cmsplugin_cascade.cascadeelement",
  "pk": 607
},
{
  "fields": {
    "glossary": "{\"container_max_widths\":{\"xs\":720,\"md\":940,\"sm\":720,\"lg\":1140},\"xs-column-width\":\"col-xs-12\"}"
  },
  "model": "cmsplugin_cascade.cascadeelement",
  "pk": 608
},
{
  "fields": {
    "glossary": "{}"
  },
  "model": "cmsplugin_cascade.cascadeelement",
  "pk": 609
},
{
  "fields": {
    "glossary": "{}"
  },
  "model": "cmsplugin_cascade.cascadeelement",
  "pk": 610
},
{
  "fields": {
    "glossary": "{\"container_max_widths\":{\"xs\":720,\"md\":940,\"sm\":720,\"lg\":1140},\"xs-column-width\":\"col-xs-12\"}"
  },
  "model": "cmsplugin_cascade.cascadeelement",
  "pk": 611
},
{
  "fields": {
    "glossary": "{}"
  },
  "model": "cmsplugin_cascade.cascadeelement",
  "pk": 612
},
{
  "fields": {
    "glossary": "{}"
  },
  "model": "cmsplugin_cascade.cascadeelement",
  "pk": 615
},
{
  "fields": {
    "glossary": "{\"container_max_widths\":{},\"xs-column-width\":\"col-xs-12\"}"
  },
  "model": "cmsplugin_cascade.cascadeelement",
  "pk": 616
},
{
  "fields": {
    "glossary": "{}"
  },
  "model": "cmsplugin_cascade.cascadeelement",
  "pk": 617
},
{
  "fields": {
    "body": "<p>Donec id elit non mi porta gravida at eget metus. Integer posuere erat a ante venenatis dapibus posuere velit aliquet. Aenean eu leo quam. Pellentesque ornare sem lacinia quam venenatis vestibulum. Curabitur blandit tempus porttitor. Sed posuere consectetur est at lobortis. Duis mollis, est non commodo luctus, nisi erat porttitor ligula, eget lacinia odio sem nec elit. Sed posuere consectetur est at lobortis. Aenean eu leo quam. Pellentesque ornare sem lacinia quam venenatis vestibulum. Donec sed odio dui. Nullam quis risus eget urna mollis ornare vel eu leo. Cum sociis natoque penatibus et magnis dis parturient montes, nascetur ridiculus mus. Aenean lacinia bibendum nulla sed consectetur.</p>\n"
  },
  "model": "djangocms_text_ckeditor.text",
  "pk": 212
},
{
  "fields": {
    "body": "<p>Donec sed odio dui. Donec id elit non mi porta gravida at eget metus. Aenean lacinia bibendum nulla sed consectetur. Duis mollis, est non commodo luctus, nisi erat porttitor ligula, eget lacinia odio sem nec elit. Praesent commodo cursus magna, vel scelerisque nisl consectetur et. Etiam porta sem malesuada magna mollis euismod. Maecenas sed diam eget risus varius blandit sit amet non magna. Maecenas sed diam eget risus varius blandit sit amet non magna.</p>\n"
  },
  "model": "djangocms_text_ckeditor.text",
  "pk": 569
},
{
  "fields": {
    "body": "<p>Donec sed odio dui. Donec id elit non mi porta gravida at eget metus. Aenean lacinia bibendum nulla sed consectetur. Duis mollis, est non commodo luctus, nisi erat porttitor ligula, eget lacinia odio sem nec elit. Praesent commodo cursus magna, vel scelerisque nisl consectetur et. Etiam porta sem malesuada magna mollis euismod. Maecenas sed diam eget risus varius blandit sit amet non magna. Maecenas sed diam eget risus varius blandit sit amet non magna.</p>\n"
  },
  "model": "djangocms_text_ckeditor.text",
  "pk": 589
},
{
  "fields": {
    "body": "<p>Donec id elit non mi porta gravida at eget metus. Integer posuere erat a ante venenatis dapibus posuere velit aliquet. Aenean eu leo quam. Pellentesque ornare sem lacinia quam venenatis vestibulum. Curabitur blandit tempus porttitor. Sed posuere consectetur est at lobortis. Duis mollis, est non commodo luctus, nisi erat porttitor ligula, eget lacinia odio sem nec elit. Sed posuere consectetur est at lobortis. Aenean eu leo quam. Pellentesque ornare sem lacinia quam venenatis vestibulum. Donec sed odio dui. Nullam quis risus eget urna mollis ornare vel eu leo. Cum sociis natoque penatibus et magnis dis parturient montes, nascetur ridiculus mus. Aenean lacinia bibendum nulla sed consectetur.</p>\n"
  },
  "model": "djangocms_text_ckeditor.text",
  "pk": 594
},
{
  "fields": {
    "rght": 2,
    "uploaded_at": "2015-11-25T17:32:52.806Z",
    "name": "content",
    "parent": null,
    "level": 0,
    "created_at": "2015-11-25T17:32:52.806Z",
    "modified_at": "2015-11-25T17:32:52.806Z",
    "lft": 1,
    "tree_id": 1,
    "owner": 1
  },
  "model": "filer.folder",
  "pk": 1
},
{
  "fields": {
    "rght": 2,
    "uploaded_at": "2015-11-25T17:33:08.546Z",
    "name": "Smart Cards",
    "parent": null,
    "level": 0,
    "created_at": "2015-11-25T17:33:08.546Z",
    "modified_at": "2015-11-25T17:33:08.547Z",
    "lft": 1,
    "tree_id": 2,
    "owner": 1
  },
  "model": "filer.folder",
  "pk": 2
},
{
  "fields": {
    "rght": 2,
    "uploaded_at": "2015-11-25T17:33:16.293Z",
    "name": "Smart Phones",
    "parent": null,
    "level": 0,
    "created_at": "2015-11-25T17:33:16.293Z",
    "modified_at": "2015-11-25T17:33:16.294Z",
    "lft": 1,
    "tree_id": 3,
    "owner": 1
  },
  "model": "filer.folder",
  "pk": 3
},
{
  "fields": {
    "sha1": "fdfd7a520d196a259fa0be35b6475c0c77be2d05",
    "original_filename": "django-pony.png",
    "name": "",
    "description": null,
    "modified_at": "2015-11-25T17:33:44.235Z",
    "_file_size": 137511,
    "uploaded_at": "2015-11-25T17:33:34.815Z",
    "file": "filer_public/c8/c2/c8c2ba21-5ac1-4cba-a01b-6e2cf58e2889/django-pony.png",
    "owner": 1,
    "is_public": true,
    "folder": 1,
    "has_all_mandatory_data": false,
    "polymorphic_ctype": 79
  },
  "model": "filer.file",
  "pk": 1
},
{
  "fields": {
    "sha1": "b640fc9a1a090d4c8fb921a174a896b0958dd8b4",
    "original_filename": "Blue_SDHC_Class4_Front_8GB.png",
    "name": "",
    "description": null,
    "modified_at": "2015-11-25T17:50:59.322Z",
    "_file_size": 34201,
    "uploaded_at": "2015-11-25T17:50:59.321Z",
    "file": "filer_public/c3/0c/c30c7fb5-6b1a-4dcc-bc1a-f29ca6a7bdb3/blue_sdhc_class4_front_8gb.png",
    "owner": 1,
    "is_public": true,
    "folder": null,
    "has_all_mandatory_data": false,
    "polymorphic_ctype": 79
  },
  "model": "filer.file",
  "pk": 2
},
{
  "fields": {
    "sha1": "bccce395949287fec27dcb6c0c399354a0b61801",
    "original_filename": "Blue_SDHC_Class4_Front_32GB.png",
    "name": "",
    "description": null,
    "modified_at": "2015-11-25T17:51:00.128Z",
    "_file_size": 33342,
    "uploaded_at": "2015-11-25T17:51:00.128Z",
    "file": "filer_public/74/8d/748d2569-808a-47ed-9ba0-36e2d0645125/blue_sdhc_class4_front_32gb.png",
    "owner": 1,
    "is_public": true,
    "folder": null,
    "has_all_mandatory_data": false,
    "polymorphic_ctype": 79
  },
  "model": "filer.file",
  "pk": 3
},
{
  "fields": {
    "sha1": "b640fc9a1a090d4c8fb921a174a896b0958dd8b4",
    "original_filename": "Blue_SDHC_Class4_Front_8GB.png",
    "name": "",
    "description": null,
    "modified_at": "2015-11-25T22:43:30.120Z",
    "_file_size": 34201,
    "uploaded_at": "2015-11-25T17:51:43.351Z",
    "file": "filer_public/d8/1f/d81f1590-fa4c-4c3e-8262-e35b6362fe0e/blue_sdhc_class4_front_8gb.png",
    "owner": 1,
    "is_public": true,
    "folder": null,
    "has_all_mandatory_data": false,
    "polymorphic_ctype": 79
  },
  "model": "filer.file",
  "pk": 5
},
{
  "fields": {
    "sha1": "f68413bcf92364eda0e7c3e2168f3da5fe830954",
    "original_filename": "Blue_SDHC_Class4_Front_4GB.png",
    "name": "",
    "description": null,
    "modified_at": "2015-11-25T23:03:44.057Z",
    "_file_size": 33463,
    "uploaded_at": "2015-11-25T23:02:04.145Z",
    "file": "filer_public/ca/5e/ca5eaeaa-4dc2-4dc7-9241-e260573c7ca7/blue_sdhc_class4_front_4gb.png",
    "owner": 1,
    "is_public": true,
    "folder": 2,
    "has_all_mandatory_data": false,
    "polymorphic_ctype": 79
  },
  "model": "filer.file",
  "pk": 8
},
{
  "fields": {
    "sha1": "b640fc9a1a090d4c8fb921a174a896b0958dd8b4",
    "original_filename": "Blue_SDHC_Class4_Front_8GB.png",
    "name": "",
    "description": null,
    "modified_at": "2015-11-25T23:03:44.072Z",
    "_file_size": 34201,
    "uploaded_at": "2015-11-25T23:02:14.041Z",
    "file": "filer_public/e6/4d/e64d1c0f-f033-4f8f-8853-53238817bbba/blue_sdhc_class4_front_8gb.png",
    "owner": 1,
    "is_public": true,
    "folder": 2,
    "has_all_mandatory_data": false,
    "polymorphic_ctype": 79
  },
  "model": "filer.file",
  "pk": 9
},
{
  "fields": {
    "sha1": "00168eed6acb2fe5f537e4f245ac697b731ff9a1",
    "original_filename": "Blue_SDHC_Class4_Front_16GB-retina.png",
    "name": "",
    "description": null,
    "modified_at": "2015-11-25T23:03:44.082Z",
    "_file_size": 201512,
    "uploaded_at": "2015-11-25T23:02:18.732Z",
    "file": "filer_public/ec/c9/ecc9b295-871e-416c-83af-dcd18bf03fe3/blue_sdhc_class4_front_16gb-retina.png",
    "owner": 1,
    "is_public": true,
    "folder": 2,
    "has_all_mandatory_data": false,
    "polymorphic_ctype": 79
  },
  "model": "filer.file",
  "pk": 10
},
{
  "fields": {
    "sha1": "c4417330f5a15b8293385672903f019cdfc1fd67",
    "original_filename": "Blue_SDHC_Class4_Front_32GB-retina.png",
    "name": "",
    "description": null,
    "modified_at": "2015-11-25T23:03:44.092Z",
    "_file_size": 202329,
    "uploaded_at": "2015-11-25T23:02:26.970Z",
    "file": "filer_public/8e/2d/8e2da7bb-b574-41df-8d10-61d3c2f1ef9c/blue_sdhc_class4_front_32gb-retina.png",
    "owner": 1,
    "is_public": true,
    "folder": 2,
    "has_all_mandatory_data": false,
    "polymorphic_ctype": 79
  },
  "model": "filer.file",
  "pk": 11
},
{
  "fields": {
    "sha1": "88b1c3fc34cc74e65812035d055251d71318f68e",
    "original_filename": "Blue_SDXC_Class4_Front_64GB-retina.png",
    "name": "",
    "description": null,
    "modified_at": "2015-11-25T23:03:44.102Z",
    "_file_size": 203864,
    "uploaded_at": "2015-11-25T23:02:35.951Z",
    "file": "filer_public/0f/b4/0fb43491-7ee7-4df9-a8fb-b921fa815405/blue_sdxc_class4_front_64gb-retina.png",
    "owner": 1,
    "is_public": true,
    "folder": 2,
    "has_all_mandatory_data": false,
    "polymorphic_ctype": 79
  },
  "model": "filer.file",
  "pk": 12
},
{
  "fields": {
    "sha1": "41ec391bc9c35cb8e6a739cf16f022b31bbe81de",
    "original_filename": "ExtremePLUS_microSDHC_U3_16GB-retina.png",
    "name": "",
    "description": null,
    "modified_at": "2015-11-25T23:03:44.114Z",
    "_file_size": 116890,
    "uploaded_at": "2015-11-25T23:02:41.860Z",
    "file": "filer_public/50/0a/500a50ea-c323-48a1-86d2-cf9092734e70/extremeplus_microsdhc_u3_16gb-retina.png",
    "owner": 1,
    "is_public": true,
    "folder": 2,
    "has_all_mandatory_data": false,
    "polymorphic_ctype": 79
  },
  "model": "filer.file",
  "pk": 13
},
{
  "fields": {
    "sha1": "32cf82e3f460a5e461414a24e76a29f71179ab19",
    "original_filename": "ExtremePLUS_microSDHC_U3_32GB-retina.png",
    "name": "",
    "description": null,
    "modified_at": "2015-11-25T23:03:44.126Z",
    "_file_size": 115822,
    "uploaded_at": "2015-11-25T23:02:47.953Z",
    "file": "filer_public/97/85/9785918b-30fd-4fef-9255-2a84e8ead10a/extremeplus_microsdhc_u3_32gb-retina.png",
    "owner": 1,
    "is_public": true,
    "folder": 2,
    "has_all_mandatory_data": false,
    "polymorphic_ctype": 79
  },
  "model": "filer.file",
  "pk": 14
},
{
  "fields": {
    "sha1": "ca6ff7ef95c43296471f0457193d1ed8f116cb6d",
    "original_filename": "ExtremePLUS_microSDHC_U3_64GB-retina.png",
    "name": "",
    "description": null,
    "modified_at": "2015-11-25T23:03:44.142Z",
    "_file_size": 125491,
    "uploaded_at": "2015-11-25T23:02:57.559Z",
    "file": "filer_public/b8/b9/b8b97dff-97b8-4015-be2f-d9ac11ee06d0/extremeplus_microsdhc_u3_64gb-retina.png",
    "owner": 1,
    "is_public": true,
    "folder": 2,
    "has_all_mandatory_data": false,
    "polymorphic_ctype": 79
  },
  "model": "filer.file",
  "pk": 15
},
{
  "fields": {
    "sha1": "127e752b2378bdcadbd36e85c4d64954b1a328f9",
    "original_filename": "ExtremePLUS_SDHC_U3_Front_16GB-retina.png",
    "name": "",
    "description": null,
    "modified_at": "2015-11-25T23:03:44.153Z",
    "_file_size": 122423,
    "uploaded_at": "2015-11-25T23:03:03.198Z",
    "file": "filer_public/dd/ca/ddca368c-bb69-4c3a-a73b-d4da92a18bb3/extremeplus_sdhc_u3_front_16gb-retina.png",
    "owner": 1,
    "is_public": true,
    "folder": 2,
    "has_all_mandatory_data": false,
    "polymorphic_ctype": 79
  },
  "model": "filer.file",
  "pk": 16
},
{
  "fields": {
    "sha1": "8c78f68447c6157df57f66afa3095be6f11afac4",
    "original_filename": "ExtremePLUS_SDHC_U3_Front_32GB-retina.png",
    "name": "",
    "description": null,
    "modified_at": "2015-11-25T23:03:44.164Z",
    "_file_size": 129885,
    "uploaded_at": "2015-11-25T23:03:09.906Z",
    "file": "filer_public/4f/d8/4fd84e1d-1068-4e62-b24b-677b8a962168/extremeplus_sdhc_u3_front_32gb-retina.png",
    "owner": 1,
    "is_public": true,
    "folder": 2,
    "has_all_mandatory_data": false,
    "polymorphic_ctype": 79
  },
  "model": "filer.file",
  "pk": 17
},
{
  "fields": {
    "sha1": "70130a07e8bdb9cb36f4c8f092474e41755fb303",
    "original_filename": "ExtremePLUS_SDXC_U3_Front_64GB-retina.png",
    "name": "",
    "description": null,
    "modified_at": "2015-11-25T23:03:44.174Z",
    "_file_size": 133938,
    "uploaded_at": "2015-11-25T23:03:15.002Z",
    "file": "filer_public/f3/c7/f3c7c933-3661-48c7-9649-124f8f7974ec/extremeplus_sdxc_u3_front_64gb-retina.png",
    "owner": 1,
    "is_public": true,
    "folder": 2,
    "has_all_mandatory_data": false,
    "polymorphic_ctype": 79
  },
  "model": "filer.file",
  "pk": 18
},
{
  "fields": {
    "sha1": "7e5bf08f3d73bc35211dcf9e0b527f35879d93e5",
    "original_filename": "ExtremePRO_microSDHC_U3_16GB-retina.png",
    "name": "",
    "description": null,
    "modified_at": "2015-11-25T23:03:44.186Z",
    "_file_size": 136315,
    "uploaded_at": "2015-11-25T23:03:25.837Z",
    "file": "filer_public/74/69/7469848c-7a97-4800-9fe6-1e0fea9c92a9/extremepro_microsdhc_u3_16gb-retina.png",
    "owner": 1,
    "is_public": true,
    "folder": 2,
    "has_all_mandatory_data": false,
    "polymorphic_ctype": 79
  },
  "model": "filer.file",
  "pk": 19
},
{
  "fields": {
    "sha1": "69ad9f528e1738c6b472f87f917117af6423299f",
    "original_filename": "ExtremePRO_microSDHC_U3_32GB-retina.png",
    "name": "",
    "description": null,
    "modified_at": "2015-11-25T23:03:44.199Z",
    "_file_size": 147560,
    "uploaded_at": "2015-11-25T23:03:31.586Z",
    "file": "filer_public/6e/34/6e340f92-e22a-4882-97f0-4a1f88229efc/extremepro_microsdhc_u3_32gb-retina.png",
    "owner": 1,
    "is_public": true,
    "folder": 2,
    "has_all_mandatory_data": false,
    "polymorphic_ctype": 79
  },
  "model": "filer.file",
  "pk": 20
},
{
  "fields": {
    "sha1": "f7e30c642752733204598d49b8b8fb8df2bdedce",
    "original_filename": "ExtremePRO_microSDXC_U3_64GB-retina.png",
    "name": "",
    "description": null,
    "modified_at": "2015-11-25T23:03:44.210Z",
    "_file_size": 141981,
    "uploaded_at": "2015-11-25T23:03:36.936Z",
    "file": "filer_public/37/c9/37c97598-574b-4099-a091-c9a0590de20d/extremepro_microsdxc_u3_64gb-retina.png",
    "owner": 1,
    "is_public": true,
    "folder": 2,
    "has_all_mandatory_data": false,
    "polymorphic_ctype": 79
  },
  "model": "filer.file",
  "pk": 21
},
{
  "fields": {
    "sha1": "3f6523780e195533cd405818161ecd49ca66fb28",
    "original_filename": "ExtremePRO_SDHC_280MBs_NoClass_Front_16GB-retina.png",
    "name": "",
    "description": null,
    "modified_at": "2015-11-25T23:06:19.719Z",
    "_file_size": 219407,
    "uploaded_at": "2015-11-25T23:04:41.781Z",
    "file": "filer_public/a1/72/a172c268-d379-465f-bea3-3dc677e044b9/extremepro_sdhc_280mbs_noclass_front_16gb-retina.png",
    "owner": 1,
    "is_public": true,
    "folder": 2,
    "has_all_mandatory_data": false,
    "polymorphic_ctype": 79
  },
  "model": "filer.file",
  "pk": 22
},
{
  "fields": {
    "sha1": "5793777dc7da8427bdc2f4d618385a98850ab6e4",
    "original_filename": "ExtremePRO_SDHC_280MBs_NoClass_Front_32GB-retina.png",
    "name": "",
    "description": null,
    "modified_at": "2015-11-25T23:06:19.735Z",
    "_file_size": 220777,
    "uploaded_at": "2015-11-25T23:04:54.687Z",
    "file": "filer_public/63/82/63823342-68bb-4eea-87b1-3bc187710089/extremepro_sdhc_280mbs_noclass_front_32gb-retina.png",
    "owner": 1,
    "is_public": true,
    "folder": 2,
    "has_all_mandatory_data": false,
    "polymorphic_ctype": 79
  },
  "model": "filer.file",
  "pk": 23
},
{
  "fields": {
    "sha1": "6c1a88a61d25e84385d293d2062b90b223c7317b",
    "original_filename": "ExtremePRO_SDHC_U3_Front_32GB-retina.png",
    "name": "",
    "description": null,
    "modified_at": "2015-11-25T23:06:19.749Z",
    "_file_size": 218618,
    "uploaded_at": "2015-11-25T23:05:09.499Z",
    "file": "filer_public/dd/1e/dd1e8275-e071-427e-aa1b-ee2b2a360d88/extremepro_sdhc_u3_front_32gb-retina.png",
    "owner": 1,
    "is_public": true,
    "folder": 2,
    "has_all_mandatory_data": false,
    "polymorphic_ctype": 79
  },
  "model": "filer.file",
  "pk": 24
},
{
  "fields": {
    "sha1": "c5f9ad9762f07da02cb05d895dba0e234fe8f5a9",
    "original_filename": "ExtremePRO_SDXC_280MBs_NoClass_Front_64GB-retina.png",
    "name": "",
    "description": null,
    "modified_at": "2015-11-25T23:06:19.762Z",
    "_file_size": 218167,
    "uploaded_at": "2015-11-25T23:05:20.888Z",
    "file": "filer_public/61/ee/61eecf21-54f8-4a0d-84a3-1e0cf716b971/extremepro_sdxc_280mbs_noclass_front_64gb-retina.png",
    "owner": 1,
    "is_public": true,
    "folder": 2,
    "has_all_mandatory_data": false,
    "polymorphic_ctype": 79
  },
  "model": "filer.file",
  "pk": 25
},
{
  "fields": {
    "sha1": "bf2f0f6ab08cfd7ef81feb7702a1bb2111db83d0",
    "original_filename": "ExtremePRO_SDXC_U3_Front_64GB-retina.png",
    "name": "",
    "description": "",
    "modified_at": "2015-12-03T12:16:27.779Z",
    "_file_size": 218791,
    "uploaded_at": "2015-11-25T23:05:29.875Z",
    "file": "filer_public/d0/95/d0953e97-c93d-4775-a129-e6d9f822c3a9/extremepro_sdxc_u3_front_64gb-retina.png",
    "owner": 1,
    "is_public": true,
    "folder": 2,
    "has_all_mandatory_data": false,
    "polymorphic_ctype": 79
  },
  "model": "filer.file",
  "pk": 26
},
{
  "fields": {
    "sha1": "e0f6c1d7043b43f344eb42a6ed520c8a29cdef62",
    "original_filename": "ExtremePRO_SDXC_U3_Front_128GB-retina.png",
    "name": "",
    "description": null,
    "modified_at": "2015-11-25T23:06:19.791Z",
    "_file_size": 219101,
    "uploaded_at": "2015-11-25T23:05:36.921Z",
    "file": "filer_public/1e/8b/1e8b6c3b-64c9-4d98-a6a7-d2a4a4c6a47b/extremepro_sdxc_u3_front_128gb-retina.png",
    "owner": 1,
    "is_public": true,
    "folder": 2,
    "has_all_mandatory_data": false,
    "polymorphic_ctype": 79
  },
  "model": "filer.file",
  "pk": 27
},
{
  "fields": {
    "sha1": "e74dd3923720de789d7ba6d70c2086531ea1d56d",
    "original_filename": "ExtremePRO_SDXC_U3_Front_256GB-retina.png",
    "name": "",
    "description": null,
    "modified_at": "2015-11-25T23:06:19.805Z",
    "_file_size": 218734,
    "uploaded_at": "2015-11-25T23:05:45.367Z",
    "file": "filer_public/3d/b6/3db68bcb-d253-45ee-9730-8b5906b95b38/extremepro_sdxc_u3_front_256gb-retina.png",
    "owner": 1,
    "is_public": true,
    "folder": 2,
    "has_all_mandatory_data": false,
    "polymorphic_ctype": 79
  },
  "model": "filer.file",
  "pk": 28
},
{
  "fields": {
    "sha1": "3e9e0efc11e8ad72a9bdab245d288abe2044746e",
    "original_filename": "ExtremePRO_SDXC_U3_Front_512GB-retina.png",
    "name": "",
    "description": null,
    "modified_at": "2015-11-25T23:06:19.816Z",
    "_file_size": 221540,
    "uploaded_at": "2015-11-25T23:05:51.427Z",
    "file": "filer_public/b4/81/b4818a33-6e9a-43f9-acc7-7f633c505d21/extremepro_sdxc_u3_front_512gb-retina.png",
    "owner": 1,
    "is_public": true,
    "folder": 2,
    "has_all_mandatory_data": false,
    "polymorphic_ctype": 79
  },
  "model": "filer.file",
  "pk": 29
},
{
  "fields": {
    "sha1": "9b12939e5e754b747d651699e846510f62fdb706",
    "original_filename": "Ultra_SDHC_40MBs_Class10_Front_8GB-retina.png",
    "name": "",
    "description": null,
    "modified_at": "2015-11-25T23:08:01.349Z",
    "_file_size": 252820,
    "uploaded_at": "2015-11-25T23:06:27.731Z",
    "file": "filer_public/16/f4/16f441cc-38d0-488e-bc5e-fd7df83f29d2/ultra_sdhc_40mbs_class10_front_8gb-retina.png",
    "owner": 1,
    "is_public": true,
    "folder": 2,
    "has_all_mandatory_data": false,
    "polymorphic_ctype": 79
  },
  "model": "filer.file",
  "pk": 30
},
{
  "fields": {
    "sha1": "4597b1a2ca38a8f9e3751f32710c3090c124086d",
    "original_filename": "Ultra_SDHC_40MBs_Class10_Front_16GB-retina.png",
    "name": "",
    "description": null,
    "modified_at": "2015-11-25T23:08:01.363Z",
    "_file_size": 247039,
    "uploaded_at": "2015-11-25T23:06:32.654Z",
    "file": "filer_public/81/4d/814d840f-1540-450a-877d-165116f2725f/ultra_sdhc_40mbs_class10_front_16gb-retina.png",
    "owner": 1,
    "is_public": true,
    "folder": 2,
    "has_all_mandatory_data": false,
    "polymorphic_ctype": 79
  },
  "model": "filer.file",
  "pk": 31
},
{
  "fields": {
    "sha1": "61be73d20238a9761e8d514329ed0531fdc51463",
    "original_filename": "Ultra_SDHC_40MBs_Class10_Front_32GB-retina.png",
    "name": "",
    "description": null,
    "modified_at": "2015-11-25T23:08:01.374Z",
    "_file_size": 243838,
    "uploaded_at": "2015-11-25T23:06:36.936Z",
    "file": "filer_public/32/59/325907f3-e2a5-4253-93a6-d3043e5262f9/ultra_sdhc_40mbs_class10_front_32gb-retina.png",
    "owner": 1,
    "is_public": true,
    "folder": 2,
    "has_all_mandatory_data": false,
    "polymorphic_ctype": 79
  },
  "model": "filer.file",
  "pk": 32
},
{
  "fields": {
    "sha1": "459af4e67070bd3fe007f9bb23e45e34f1f632db",
    "original_filename": "Ultra_SDHC_UHS1_C10_30MBs_Front_16GB.png",
    "name": "",
    "description": null,
    "modified_at": "2015-11-25T23:08:01.387Z",
    "_file_size": 37999,
    "uploaded_at": "2015-11-25T23:06:43.258Z",
    "file": "filer_public/a5/4b/a54b92e6-bf89-4bfb-8425-c1dc1453b3cd/ultra_sdhc_uhs1_c10_30mbs_front_16gb.png",
    "owner": 1,
    "is_public": true,
    "folder": 2,
    "has_all_mandatory_data": false,
    "polymorphic_ctype": 79
  },
  "model": "filer.file",
  "pk": 33
},
{
  "fields": {
    "sha1": "f214b3fd05be9643f687f43d732537f67cca5855",
    "original_filename": "Ultra_SDHC_UHS1_C10_30MBs_Front_32GB.png",
    "name": "",
    "description": null,
    "modified_at": "2015-11-25T23:08:01.398Z",
    "_file_size": 37889,
    "uploaded_at": "2015-11-25T23:06:48.804Z",
    "file": "filer_public/8f/7e/8f7e7643-3188-45ac-9318-77aa6628aff8/ultra_sdhc_uhs1_c10_30mbs_front_32gb.png",
    "owner": 1,
    "is_public": true,
    "folder": 2,
    "has_all_mandatory_data": false,
    "polymorphic_ctype": 79
  },
  "model": "filer.file",
  "pk": 34
},
{
  "fields": {
    "sha1": "54aadc01936e050fb01f862d9a84a9f95fa76e2a",
    "original_filename": "Ultra_SDXC_40MBs_Class10_Front_64GB-retina.png",
    "name": "",
    "description": null,
    "modified_at": "2015-11-25T23:08:01.410Z",
    "_file_size": 242738,
    "uploaded_at": "2015-11-25T23:07:05.040Z",
    "file": "filer_public/aa/29/aa2976f7-48ea-4686-9628-a06d78030e8c/ultra_sdxc_40mbs_class10_front_64gb-retina.png",
    "owner": 1,
    "is_public": true,
    "folder": 2,
    "has_all_mandatory_data": false,
    "polymorphic_ctype": 79
  },
  "model": "filer.file",
  "pk": 35
},
{
  "fields": {
    "sha1": "551cc800fbf893f62ccfa33705fa7e0d0cbb2063",
    "original_filename": "Ultra_SDXC_40MBs_Class10_Front_128GB-retina.png",
    "name": "",
    "description": null,
    "modified_at": "2015-11-25T23:08:01.423Z",
    "_file_size": 250763,
    "uploaded_at": "2015-11-25T23:07:47.588Z",
    "file": "filer_public/be/66/be6676ca-d9dd-4dbd-99d6-e0673ee43796/ultra_sdxc_40mbs_class10_front_128gb-retina.png",
    "owner": 1,
    "is_public": true,
    "folder": 2,
    "has_all_mandatory_data": false,
    "polymorphic_ctype": 79
  },
  "model": "filer.file",
  "pk": 36
},
{
  "fields": {
    "sha1": "fec1942c97010ef2c1f203122dc7f00aef9593b4",
    "original_filename": "Ultra_SDXC_UHS1_C10_30MBs_Front_64GB.png",
    "name": "",
    "description": "",
    "modified_at": "2015-11-27T22:24:10.060Z",
    "_file_size": 36133,
    "uploaded_at": "2015-11-25T23:07:52.688Z",
    "file": "filer_public/d2/78/d2780f66-c617-4df3-b994-7b090c04189c/ultra_sdxc_uhs1_c10_30mbs_front_64gb.png",
    "owner": 1,
    "is_public": true,
    "folder": 2,
    "has_all_mandatory_data": false,
    "polymorphic_ctype": 79
  },
  "model": "filer.file",
  "pk": 37
},
{
  "fields": {
    "sha1": "3fc422e227ad55fb59ef50b623653bfe855da728",
    "original_filename": "UltraPLUS_microSDHC_UHS-I_U1_16GB.png",
    "name": "",
    "description": null,
    "modified_at": "2015-11-25T23:08:49.487Z",
    "_file_size": 58265,
    "uploaded_at": "2015-11-25T23:08:17.334Z",
    "file": "filer_public/af/f3/aff3f940-2ad5-4f0e-8652-f07c84173e1f/ultraplus_microsdhc_uhs-i_u1_16gb.png",
    "owner": 1,
    "is_public": true,
    "folder": 2,
    "has_all_mandatory_data": false,
    "polymorphic_ctype": 79
  },
  "model": "filer.file",
  "pk": 38
},
{
  "fields": {
    "sha1": "e43a6846ab98d857b120f7c46c451eb85bfec6a4",
    "original_filename": "UltraPLUS_microSDHC_UHS-I_U1_32GB.png",
    "name": "",
    "description": null,
    "modified_at": "2015-11-25T23:08:49.505Z",
    "_file_size": 57580,
    "uploaded_at": "2015-11-25T23:08:22.371Z",
    "file": "filer_public/8c/66/8c661349-5bfd-4ff0-9f77-b6f769022809/ultraplus_microsdhc_uhs-i_u1_32gb.png",
    "owner": 1,
    "is_public": true,
    "folder": 2,
    "has_all_mandatory_data": false,
    "polymorphic_ctype": 79
  },
  "model": "filer.file",
  "pk": 39
},
{
  "fields": {
    "sha1": "cc956fa13435020e08132a0d14fd7e362ec45700",
    "original_filename": "UltraPLUS_microSDXC_UHS-I_U1_64GB.png",
    "name": "",
    "description": null,
    "modified_at": "2015-11-25T23:08:49.523Z",
    "_file_size": 57937,
    "uploaded_at": "2015-11-25T23:08:27.317Z",
    "file": "filer_public/e2/21/e2210738-5dfd-4dea-a344-2687362631c2/ultraplus_microsdxc_uhs-i_u1_64gb.png",
    "owner": 1,
    "is_public": true,
    "folder": 2,
    "has_all_mandatory_data": false,
    "polymorphic_ctype": 79
  },
  "model": "filer.file",
  "pk": 40
},
{
  "fields": {
    "sha1": "4cd65b704c4ba8e3009b3c861a6cac80001433be",
    "original_filename": "UltraPLUS_microSDXC_UHS-I_U1_128GB.png",
    "name": "",
    "description": null,
    "modified_at": "2015-11-25T23:08:49.537Z",
    "_file_size": 53164,
    "uploaded_at": "2015-11-25T23:08:32.648Z",
    "file": "filer_public/1a/dd/1add42e2-e333-4033-a6c9-ea9fc0696ec3/ultraplus_microsdxc_uhs-i_u1_128gb.png",
    "owner": 1,
    "is_public": true,
    "folder": 2,
    "has_all_mandatory_data": false,
    "polymorphic_ctype": 79
  },
  "model": "filer.file",
  "pk": 41
},
{
  "fields": {
    "sha1": "45df4d9ad464ca7546dbf7b2ff76140b592a337b",
    "original_filename": "UltraPLUS_SDHC_48MBs_Class10_Front_16GB.png",
    "name": "",
    "description": null,
    "modified_at": "2015-11-25T23:08:49.550Z",
    "_file_size": 49291,
    "uploaded_at": "2015-11-25T23:08:38.205Z",
    "file": "filer_public/1c/25/1c256751-75d6-4256-9a40-c5c94fc6e6c0/ultraplus_sdhc_48mbs_class10_front_16gb.png",
    "owner": 1,
    "is_public": true,
    "folder": 2,
    "has_all_mandatory_data": false,
    "polymorphic_ctype": 79
  },
  "model": "filer.file",
  "pk": 42
},
{
  "fields": {
    "sha1": "4d06ceb06507ce4f3d811de33e118de52b854b16",
    "original_filename": "UltraPLUS_SDXC_48MBs_Class10_Front_64GB.png",
    "name": "",
    "description": null,
    "modified_at": "2015-11-25T23:08:49.562Z",
    "_file_size": 53174,
    "uploaded_at": "2015-11-25T23:08:42.936Z",
    "file": "filer_public/48/03/4803f140-10a5-47c5-a2cb-716db76ce186/ultraplus_sdxc_48mbs_class10_front_64gb.png",
    "owner": 1,
    "is_public": true,
    "folder": 2,
    "has_all_mandatory_data": false,
    "polymorphic_ctype": 79
  },
  "model": "filer.file",
  "pk": 43
},
{
  "fields": {
    "sha1": "3d85dc837429e27b5eafa7c3cd2de06694505a57",
    "original_filename": "ExtremePRO_SDHC_U3_Front_16GB.png",
    "name": "",
    "description": null,
    "modified_at": "2015-11-26T23:09:19.891Z",
    "_file_size": 40453,
    "uploaded_at": "2015-11-26T23:09:13.277Z",
    "file": "filer_public/07/8c/078cf8f3-6754-465b-8214-38544895fbad/extremepro_sdhc_u3_front_16gb.png",
    "owner": 1,
    "is_public": true,
    "folder": 2,
    "has_all_mandatory_data": false,
    "polymorphic_ctype": 79
  },
  "model": "filer.file",
  "pk": 44
},
{
  "fields": {
    "sha1": "fec1942c97010ef2c1f203122dc7f00aef9593b4",
    "original_filename": "Ultra_SDXC_UHS1_C10_30MBs_Front_64GB.png",
    "name": "",
    "description": null,
    "modified_at": "2015-11-27T22:31:38.995Z",
    "_file_size": 36133,
    "uploaded_at": "2015-11-27T22:31:29.769Z",
    "file": "filer_public/9a/20/9a205e9b-a261-47ba-8843-dfff67b8ceca/ultra_sdxc_uhs1_c10_30mbs_front_64gb.png",
    "owner": 1,
    "is_public": true,
    "folder": 2,
    "has_all_mandatory_data": false,
    "polymorphic_ctype": 79
  },
  "model": "filer.file",
  "pk": 45
},
{
  "fields": {
    "sha1": "706a4126675865282af593a7e99ddd6bd4d7c929",
    "original_filename": "UltraPLUS_SDHC_48MBs_Class10_Front_32GB.png",
    "name": "",
    "description": null,
    "modified_at": "2015-11-27T22:39:48.836Z",
    "_file_size": 52902,
    "uploaded_at": "2015-11-27T22:39:42.734Z",
    "file": "filer_public/0f/b8/0fb8cf9e-f8c8-49ab-96df-058fa52dcf26/ultraplus_sdhc_48mbs_class10_front_32gb.png",
    "owner": 1,
    "is_public": true,
    "folder": 2,
    "has_all_mandatory_data": false,
    "polymorphic_ctype": 79
  },
  "model": "filer.file",
  "pk": 46
},
{
  "fields": {
    "sha1": "8f9bc060ba8de0196de9310ee739915ad4cca8d8",
    "original_filename": "UltraPLUS_SDXC_48MBs_Class10_Front_128GB.png",
    "name": "",
    "description": null,
    "modified_at": "2015-11-27T22:41:17.351Z",
    "_file_size": 48723,
    "uploaded_at": "2015-11-27T22:41:11.006Z",
    "file": "filer_public/5e/16/5e16493a-4099-4b9f-9836-854d75b4aecb/ultraplus_sdxc_48mbs_class10_front_128gb.png",
    "owner": 1,
    "is_public": true,
    "folder": 2,
    "has_all_mandatory_data": false,
    "polymorphic_ctype": 79
  },
  "model": "filer.file",
  "pk": 47
},
{
  "fields": {
    "sha1": "ae5118bad2c87de7587d65e4cf84227febfe7794",
    "original_filename": "Kyocera-Hydro-Edge-front.png",
    "name": "",
    "description": null,
    "modified_at": "2015-12-02T20:55:07.037Z",
    "_file_size": 91415,
    "uploaded_at": "2015-12-02T20:55:07.037Z",
    "file": "filer_public/fa/4e/fa4e451d-29cd-4b74-9750-58bbd7852688/kyocera-hydro-edge-front.png",
    "owner": 1,
    "is_public": true,
    "folder": null,
    "has_all_mandatory_data": false,
    "polymorphic_ctype": 79
  },
  "model": "filer.file",
  "pk": 48
},
{
  "fields": {
    "sha1": "ae5118bad2c87de7587d65e4cf84227febfe7794",
    "original_filename": "Kyocera-Hydro-Edge-front.png",
    "name": "",
    "description": null,
    "modified_at": "2015-12-02T20:55:17.555Z",
    "_file_size": 91415,
    "uploaded_at": "2015-12-02T20:55:17.555Z",
    "file": "filer_public/2e/dd/2eddc30b-1587-4b27-a941-43d15edde6c3/kyocera-hydro-edge-front.png",
    "owner": 1,
    "is_public": true,
    "folder": null,
    "has_all_mandatory_data": false,
    "polymorphic_ctype": 79
  },
  "model": "filer.file",
  "pk": 49
},
{
  "fields": {
    "sha1": "ae5118bad2c87de7587d65e4cf84227febfe7794",
    "original_filename": "Kyocera-Hydro-Edge-front.png",
    "name": "",
    "description": null,
    "modified_at": "2015-12-02T20:55:47.961Z",
    "_file_size": 91415,
    "uploaded_at": "2015-12-02T20:55:34.469Z",
    "file": "filer_public/b1/4e/b14ed41c-beb8-4614-8887-c2c8eb4afbe4/kyocera-hydro-edge-front.png",
    "owner": 1,
    "is_public": true,
    "folder": 3,
    "has_all_mandatory_data": false,
    "polymorphic_ctype": 79
  },
  "model": "filer.file",
  "pk": 50
},
{
  "fields": {
    "sha1": "b7dd00919f5b4c74a14e1e4a510730c58761c7a4",
    "original_filename": "Kyocera-Hydro-Edge-back.png",
    "name": "",
    "description": null,
    "modified_at": "2015-12-02T20:55:47.974Z",
    "_file_size": 113808,
    "uploaded_at": "2015-12-02T20:55:40.194Z",
    "file": "filer_public/2b/d3/2bd3c728-19e0-4edc-89d1-c522e0202355/kyocera-hydro-edge-back.png",
    "owner": 1,
    "is_public": true,
    "folder": 3,
    "has_all_mandatory_data": false,
    "polymorphic_ctype": 79
  },
  "model": "filer.file",
  "pk": 51
},
{
  "fields": {
    "sha1": "5d6843414cb64adb38a9a6759862969ae3383c4e",
    "original_filename": "Nexus-4-front.png",
    "name": "",
    "description": null,
    "modified_at": "2015-12-02T22:08:39.599Z",
    "_file_size": 67024,
    "uploaded_at": "2015-12-02T22:08:12.534Z",
    "file": "filer_public/19/b2/19b2e1b2-9bc9-4615-8418-a7ad75f6a77a/nexus-4-front.png",
    "owner": 1,
    "is_public": true,
    "folder": 3,
    "has_all_mandatory_data": false,
    "polymorphic_ctype": 79
  },
  "model": "filer.file",
  "pk": 52
},
{
  "fields": {
    "sha1": "6a4fd8bf4637afd00c9b4a66b7fde1c9ea742a4a",
    "original_filename": "Nexus-4-diagonal.png",
    "name": "",
    "description": null,
    "modified_at": "2015-12-02T22:08:39.612Z",
    "_file_size": 77164,
    "uploaded_at": "2015-12-02T22:08:18.645Z",
    "file": "filer_public/32/61/326155d5-470e-44b3-8ca4-ec82a7e71161/nexus-4-diagonal.png",
    "owner": 1,
    "is_public": true,
    "folder": 3,
    "has_all_mandatory_data": false,
    "polymorphic_ctype": 79
  },
  "model": "filer.file",
  "pk": 53
},
{
  "fields": {
    "sha1": "a3ba499fdfbfdf7e37c241587809d83f36718176",
    "original_filename": "Nexus-4-side.png",
    "name": "",
    "description": null,
    "modified_at": "2015-12-02T22:08:39.626Z",
    "_file_size": 12394,
    "uploaded_at": "2015-12-02T22:08:26.664Z",
    "file": "filer_public/4d/1e/4d1e5599-5275-42c8-aa9c-37d35e856da4/nexus-4-side.png",
    "owner": 1,
    "is_public": true,
    "folder": 3,
    "has_all_mandatory_data": false,
    "polymorphic_ctype": 79
  },
  "model": "filer.file",
  "pk": 54
},
{
  "fields": {
    "sha1": "60da97e41e9d17fc0aa827aa3ce5093dc00f4374",
    "original_filename": "Nexus-4-back.png",
    "name": "",
    "description": null,
    "modified_at": "2015-12-02T22:08:39.638Z",
    "_file_size": 61066,
    "uploaded_at": "2015-12-02T22:08:32.242Z",
    "file": "filer_public/8a/85/8a855334-4cce-48a2-94bd-89219a9dc3a5/nexus-4-back.png",
    "owner": 1,
    "is_public": true,
    "folder": 3,
    "has_all_mandatory_data": false,
    "polymorphic_ctype": 79
  },
  "model": "filer.file",
  "pk": 55
},
{
  "fields": {
    "sha1": "4a2b030d753d717e566ccc8150f04465adbd0477",
    "original_filename": "HighEndurance_microSDHC_C10_32GB-retina.png",
    "name": "",
    "description": null,
    "modified_at": "2015-12-03T11:16:39.954Z",
    "_file_size": 114459,
    "uploaded_at": "2015-12-03T11:16:26.324Z",
    "file": "filer_public/fb/b2/fbb280d7-a8c8-4a4e-b80c-49ed886a4369/highendurance_microsdhc_c10_32gb-retina.png",
    "owner": 1,
    "is_public": true,
    "folder": 2,
    "has_all_mandatory_data": false,
    "polymorphic_ctype": 79
  },
  "model": "filer.file",
  "pk": 56
},
{
  "fields": {
    "sha1": "77d4cab457bef125957ddd866ca3cd788c177e64",
    "original_filename": "HighEndurance_microSDXC_C10_64GB-retina.png",
    "name": "",
    "description": null,
    "modified_at": "2015-12-03T11:16:39.967Z",
    "_file_size": 116994,
    "uploaded_at": "2015-12-03T11:16:31.457Z",
    "file": "filer_public/e6/7c/e67c6c43-4ed3-4389-a99e-526ef2054e5a/highendurance_microsdxc_c10_64gb-retina.png",
    "owner": 1,
    "is_public": true,
    "folder": 2,
    "has_all_mandatory_data": false,
    "polymorphic_ctype": 79
  },
  "model": "filer.file",
  "pk": 57
},
{
  "fields": {
    "sha1": "e1538c7b6ecf4b2c5f10b6b8251593910fb714df",
    "original_filename": "Galaxy-S6-Active-1.jpg",
    "name": "",
    "description": null,
    "modified_at": "2015-12-03T15:47:14.360Z",
    "_file_size": 128330,
    "uploaded_at": "2015-12-03T15:46:43.056Z",
    "file": "filer_public/75/a8/75a89318-9f9e-4f76-9308-ccd0aa48efa8/galaxy-s6-active-1.jpg",
    "owner": 1,
    "is_public": true,
    "folder": 3,
    "has_all_mandatory_data": false,
    "polymorphic_ctype": 79
  },
  "model": "filer.file",
  "pk": 58
},
{
  "fields": {
    "sha1": "1c6f68b0eb0dffb01da6165d93faa070f3864415",
    "original_filename": "Galaxy-S6-Active-2.jpg",
    "name": "",
    "description": null,
    "modified_at": "2015-12-03T15:47:14.380Z",
    "_file_size": 109284,
    "uploaded_at": "2015-12-03T15:46:47.292Z",
    "file": "filer_public/b7/d8/b7d8bb7f-4a4b-4c70-8bb2-cd5b535aec04/galaxy-s6-active-2.jpg",
    "owner": 1,
    "is_public": true,
    "folder": 3,
    "has_all_mandatory_data": false,
    "polymorphic_ctype": 79
  },
  "model": "filer.file",
  "pk": 59
},
{
  "fields": {
    "sha1": "958fa31892d93e11572f1dd4f4ec97d844f6c050",
    "original_filename": "Galaxy-S6-Active-3.jpg",
    "name": "",
    "description": null,
    "modified_at": "2015-12-03T15:47:14.395Z",
    "_file_size": 120640,
    "uploaded_at": "2015-12-03T15:46:52.170Z",
    "file": "filer_public/da/2a/da2afdff-c84f-405e-ac4c-e1921e2248d3/galaxy-s6-active-3.jpg",
    "owner": 1,
    "is_public": true,
    "folder": 3,
    "has_all_mandatory_data": false,
    "polymorphic_ctype": 79
  },
  "model": "filer.file",
  "pk": 60
},
{
  "fields": {
    "sha1": "f82a2e6916bb02f108c46a0a4270ae8d77f788ad",
    "original_filename": "Galaxy-S6-Active-4.jpg",
    "name": "",
    "description": null,
    "modified_at": "2015-12-03T15:47:14.414Z",
    "_file_size": 121766,
    "uploaded_at": "2015-12-03T15:46:56.375Z",
    "file": "filer_public/17/d2/17d2b973-3ee3-448f-b357-7dcd97ef314b/galaxy-s6-active-4.jpg",
    "owner": 1,
    "is_public": true,
    "folder": 3,
    "has_all_mandatory_data": false,
    "polymorphic_ctype": 79
  },
  "model": "filer.file",
  "pk": 61
},
{
  "fields": {
    "sha1": "15a4e2bfb89dafe375d800a477f766bdae50f058",
    "original_filename": "Galaxy-S6-Active-5.jpg",
    "name": "",
    "description": null,
    "modified_at": "2015-12-03T15:47:14.432Z",
    "_file_size": 21030,
    "uploaded_at": "2015-12-03T15:47:01.072Z",
    "file": "filer_public/34/00/3400176e-1c1f-4d76-96a7-a913dd5d0c36/galaxy-s6-active-5.jpg",
    "owner": 1,
    "is_public": true,
    "folder": 3,
    "has_all_mandatory_data": false,
    "polymorphic_ctype": 79
  },
  "model": "filer.file",
  "pk": 62
},
{
  "fields": {
    "sha1": "d4f02003be82919e31b3079af8e18ffbb792d553",
    "original_filename": "Galaxy-S6-Active-6.jpg",
    "name": "",
    "description": null,
    "modified_at": "2015-12-03T15:47:14.448Z",
    "_file_size": 22499,
    "uploaded_at": "2015-12-03T15:47:05.916Z",
    "file": "filer_public/14/9b/149bba99-2578-4d44-b2e0-24575e4057f1/galaxy-s6-active-6.jpg",
    "owner": 1,
    "is_public": true,
    "folder": 3,
    "has_all_mandatory_data": false,
    "polymorphic_ctype": 79
  },
  "model": "filer.file",
  "pk": 63
},
{
  "fields": {
    "sha1": "5a972bec66b32fb7f6375a1982fa141237a2ae1e",
    "original_filename": "Sony-xperia-tl.png",
    "name": "",
    "description": null,
    "modified_at": "2015-12-03T16:17:12.616Z",
    "_file_size": 82426,
    "uploaded_at": "2015-12-03T16:17:04.868Z",
    "file": "filer_public/61/93/6193feb1-a694-435c-9756-fb3045944142/sony-xperia-tl.png",
    "owner": 1,
    "is_public": true,
    "folder": 3,
    "has_all_mandatory_data": false,
    "polymorphic_ctype": 79
  },
  "model": "filer.file",
  "pk": 64
},
{
  "fields": {
    "sha1": "1febc00666cd9f6112e5f2438e4b2129a94ec0d9",
    "original_filename": "htc-evo-design-4g-front.png",
    "name": "",
    "description": null,
    "modified_at": "2015-12-03T16:20:30.853Z",
    "_file_size": 61803,
    "uploaded_at": "2015-12-03T16:20:30.853Z",
    "file": "filer_public/4b/ca/4bca5259-4913-4c94-bf27-d440b659cec8/htc-evo-design-4g-front.png",
    "owner": 1,
    "is_public": true,
    "folder": null,
    "has_all_mandatory_data": false,
    "polymorphic_ctype": 79
  },
  "model": "filer.file",
  "pk": 65
},
{
  "fields": {
    "sha1": "1febc00666cd9f6112e5f2438e4b2129a94ec0d9",
    "original_filename": "htc-evo-design-4g-front.png",
    "name": "",
    "description": null,
    "modified_at": "2015-12-03T16:20:36.237Z",
    "_file_size": 61803,
    "uploaded_at": "2015-12-03T16:20:36.237Z",
    "file": "filer_public/19/42/1942fd7d-dec4-45a3-b5d0-39fba4b63b5c/htc-evo-design-4g-front.png",
    "owner": 1,
    "is_public": true,
    "folder": null,
    "has_all_mandatory_data": false,
    "polymorphic_ctype": 79
  },
  "model": "filer.file",
  "pk": 66
},
{
  "fields": {
    "sha1": "1febc00666cd9f6112e5f2438e4b2129a94ec0d9",
    "original_filename": "htc-evo-design-4g-front.png",
    "name": "",
    "description": null,
    "modified_at": "2015-12-03T16:21:04.511Z",
    "_file_size": 61803,
    "uploaded_at": "2015-12-03T16:20:51.106Z",
    "file": "filer_public/b0/f2/b0f2d986-9ffe-4468-a6d1-41173ad99248/htc-evo-design-4g-front.png",
    "owner": 1,
    "is_public": true,
    "folder": 3,
    "has_all_mandatory_data": false,
    "polymorphic_ctype": 79
  },
  "model": "filer.file",
  "pk": 67
},
{
  "fields": {
    "sha1": "b663f062c8f4f1889f6954792506122f938bab5b",
    "original_filename": "htc-evo-design-4g-back.png",
    "name": "",
    "description": null,
    "modified_at": "2015-12-03T16:21:04.526Z",
    "_file_size": 51429,
    "uploaded_at": "2015-12-03T16:20:56.688Z",
    "file": "filer_public/74/e1/74e1e8a0-890a-4eba-bac1-8a35cb74bdb8/htc-evo-design-4g-back.png",
    "owner": 1,
    "is_public": true,
    "folder": 3,
    "has_all_mandatory_data": false,
    "polymorphic_ctype": 79
  },
  "model": "filer.file",
  "pk": 68
},
{
  "fields": {
    "sha1": "55fe6944cbe49bd2a59018e547f227656bca1c0f",
    "original_filename": "apple-iphone5-w1.jpg",
    "name": "",
    "description": null,
    "modified_at": "2015-12-04T10:52:15.487Z",
    "_file_size": 233944,
    "uploaded_at": "2015-12-04T10:51:58.712Z",
    "file": "filer_public/53/e9/53e9ed7b-061c-46ea-9030-6547c200241c/apple-iphone5-w1.jpg",
    "owner": 1,
    "is_public": true,
    "folder": 3,
    "has_all_mandatory_data": false,
    "polymorphic_ctype": 79
  },
  "model": "filer.file",
  "pk": 77
},
{
  "fields": {
    "sha1": "cb153dae599550d11ee77f18963a7cb38720b3a5",
    "original_filename": "apple-iphone5-w2.jpg",
    "name": "",
    "description": null,
    "modified_at": "2015-12-04T10:52:15.505Z",
    "_file_size": 120576,
    "uploaded_at": "2015-12-04T10:52:05.963Z",
    "file": "filer_public/b7/56/b7562747-39f2-435b-9cf1-70699de203f6/apple-iphone5-w2.jpg",
    "owner": 1,
    "is_public": true,
    "folder": 3,
    "has_all_mandatory_data": false,
    "polymorphic_ctype": 79
  },
  "model": "filer.file",
  "pk": 78
},
{
  "fields": {
    "sha1": "9d58be944b1ad0de6dd3bfbc2e73603830537d97",
    "original_filename": "motorola-atrix-4g.0.jpg",
    "name": "",
    "description": null,
    "modified_at": "2015-12-04T10:59:18.677Z",
    "_file_size": 23174,
    "uploaded_at": "2015-12-04T10:58:49.329Z",
    "file": "filer_public/2a/4f/2a4f5ccf-fb07-4941-a1e6-9d67f45308a2/motorola-atrix-4g0.jpg",
    "owner": 1,
    "is_public": true,
    "folder": 3,
    "has_all_mandatory_data": false,
    "polymorphic_ctype": 79
  },
  "model": "filer.file",
  "pk": 79
},
{
  "fields": {
    "sha1": "c3b9a5004c474b42fb1483a24983db456e1e2038",
    "original_filename": "motorola-atrix-4g.1.jpg",
    "name": "",
    "description": null,
    "modified_at": "2015-12-04T10:59:18.693Z",
    "_file_size": 16530,
    "uploaded_at": "2015-12-04T10:58:55.994Z",
    "file": "filer_public/87/93/8793bdfd-2e58-445a-8bce-9c928e987d6e/motorola-atrix-4g1.jpg",
    "owner": 1,
    "is_public": true,
    "folder": 3,
    "has_all_mandatory_data": false,
    "polymorphic_ctype": 79
  },
  "model": "filer.file",
  "pk": 80
},
{
  "fields": {
    "sha1": "5a318b90f8a091b1601e009a5bcaf556d1bc238a",
    "original_filename": "motorola-atrix-4g.2.jpg",
    "name": "",
    "description": null,
    "modified_at": "2015-12-04T10:59:18.707Z",
    "_file_size": 23788,
    "uploaded_at": "2015-12-04T10:59:03.699Z",
    "file": "filer_public/2e/04/2e049bff-5d51-485d-becb-e83069e92161/motorola-atrix-4g2.jpg",
    "owner": 1,
    "is_public": true,
    "folder": 3,
    "has_all_mandatory_data": false,
    "polymorphic_ctype": 79
  },
  "model": "filer.file",
  "pk": 81
},
{
  "fields": {
    "sha1": "4ff2578c44c4faaba918061cd8d6b4f5fc8358bd",
    "original_filename": "motorola-atrix-4g.3.jpg",
    "name": "",
    "description": null,
    "modified_at": "2015-12-04T10:59:18.723Z",
    "_file_size": 19553,
    "uploaded_at": "2015-12-04T10:59:10.019Z",
    "file": "filer_public/30/ec/30ecd4fd-dcdd-4d4d-9d61-d7358b3020bb/motorola-atrix-4g3.jpg",
    "owner": 1,
    "is_public": true,
    "folder": 3,
    "has_all_mandatory_data": false,
    "polymorphic_ctype": 79
  },
  "model": "filer.file",
  "pk": 82
},
{
  "fields": {
    "subject_location": null,
    "must_always_publish_copyright": false,
    "date_taken": "2015-11-25T17:33:34.787Z",
    "author": null,
    "_height": 500,
    "_width": 485,
    "must_always_publish_author_credit": false,
    "default_alt_text": null,
    "default_caption": null
  },
  "model": "filer.image",
  "pk": 1
},
{
  "fields": {
    "subject_location": null,
    "must_always_publish_copyright": false,
    "date_taken": "2015-11-25T17:50:59.272Z",
    "author": null,
    "_height": 500,
    "_width": 500,
    "must_always_publish_author_credit": false,
    "default_alt_text": null,
    "default_caption": null
  },
  "model": "filer.image",
  "pk": 2
},
{
  "fields": {
    "subject_location": null,
    "must_always_publish_copyright": false,
    "date_taken": "2015-11-25T17:51:00.072Z",
    "author": null,
    "_height": 500,
    "_width": 500,
    "must_always_publish_author_credit": false,
    "default_alt_text": null,
    "default_caption": null
  },
  "model": "filer.image",
  "pk": 3
},
{
  "fields": {
    "subject_location": null,
    "must_always_publish_copyright": false,
    "date_taken": "2015-11-25T17:51:43.341Z",
    "author": null,
    "_height": 500,
    "_width": 500,
    "must_always_publish_author_credit": false,
    "default_alt_text": null,
    "default_caption": null
  },
  "model": "filer.image",
  "pk": 5
},
{
  "fields": {
    "subject_location": null,
    "must_always_publish_copyright": false,
    "date_taken": "2015-11-25T23:02:04.130Z",
    "author": null,
    "_height": 500,
    "_width": 500,
    "must_always_publish_author_credit": false,
    "default_alt_text": null,
    "default_caption": null
  },
  "model": "filer.image",
  "pk": 8
},
{
  "fields": {
    "subject_location": null,
    "must_always_publish_copyright": false,
    "date_taken": "2015-11-25T23:02:14.032Z",
    "author": null,
    "_height": 500,
    "_width": 500,
    "must_always_publish_author_credit": false,
    "default_alt_text": null,
    "default_caption": null
  },
  "model": "filer.image",
  "pk": 9
},
{
  "fields": {
    "subject_location": null,
    "must_always_publish_copyright": false,
    "date_taken": "2015-11-25T23:02:18.721Z",
    "author": null,
    "_height": 1000,
    "_width": 1000,
    "must_always_publish_author_credit": false,
    "default_alt_text": null,
    "default_caption": null
  },
  "model": "filer.image",
  "pk": 10
},
{
  "fields": {
    "subject_location": null,
    "must_always_publish_copyright": false,
    "date_taken": "2015-11-25T23:02:26.959Z",
    "author": null,
    "_height": 1000,
    "_width": 1000,
    "must_always_publish_author_credit": false,
    "default_alt_text": null,
    "default_caption": null
  },
  "model": "filer.image",
  "pk": 11
},
{
  "fields": {
    "subject_location": null,
    "must_always_publish_copyright": false,
    "date_taken": "2015-11-25T23:02:35.941Z",
    "author": null,
    "_height": 1000,
    "_width": 1000,
    "must_always_publish_author_credit": false,
    "default_alt_text": null,
    "default_caption": null
  },
  "model": "filer.image",
  "pk": 12
},
{
  "fields": {
    "subject_location": null,
    "must_always_publish_copyright": false,
    "date_taken": "2015-11-25T23:02:41.851Z",
    "author": null,
    "_height": 1000,
    "_width": 1000,
    "must_always_publish_author_credit": false,
    "default_alt_text": null,
    "default_caption": null
  },
  "model": "filer.image",
  "pk": 13
},
{
  "fields": {
    "subject_location": null,
    "must_always_publish_copyright": false,
    "date_taken": "2015-11-25T23:02:47.944Z",
    "author": null,
    "_height": 1000,
    "_width": 1000,
    "must_always_publish_author_credit": false,
    "default_alt_text": null,
    "default_caption": null
  },
  "model": "filer.image",
  "pk": 14
},
{
  "fields": {
    "subject_location": null,
    "must_always_publish_copyright": false,
    "date_taken": "2015-11-25T23:02:57.546Z",
    "author": null,
    "_height": 1000,
    "_width": 1000,
    "must_always_publish_author_credit": false,
    "default_alt_text": null,
    "default_caption": null
  },
  "model": "filer.image",
  "pk": 15
},
{
  "fields": {
    "subject_location": null,
    "must_always_publish_copyright": false,
    "date_taken": "2015-11-25T23:03:03.189Z",
    "author": null,
    "_height": 1000,
    "_width": 1000,
    "must_always_publish_author_credit": false,
    "default_alt_text": null,
    "default_caption": null
  },
  "model": "filer.image",
  "pk": 16
},
{
  "fields": {
    "subject_location": null,
    "must_always_publish_copyright": false,
    "date_taken": "2015-11-25T23:03:09.894Z",
    "author": null,
    "_height": 1000,
    "_width": 1000,
    "must_always_publish_author_credit": false,
    "default_alt_text": null,
    "default_caption": null
  },
  "model": "filer.image",
  "pk": 17
},
{
  "fields": {
    "subject_location": null,
    "must_always_publish_copyright": false,
    "date_taken": "2015-11-25T23:03:14.989Z",
    "author": null,
    "_height": 1000,
    "_width": 1000,
    "must_always_publish_author_credit": false,
    "default_alt_text": null,
    "default_caption": null
  },
  "model": "filer.image",
  "pk": 18
},
{
  "fields": {
    "subject_location": null,
    "must_always_publish_copyright": false,
    "date_taken": "2015-11-25T23:03:25.827Z",
    "author": null,
    "_height": 1000,
    "_width": 1000,
    "must_always_publish_author_credit": false,
    "default_alt_text": null,
    "default_caption": null
  },
  "model": "filer.image",
  "pk": 19
},
{
  "fields": {
    "subject_location": null,
    "must_always_publish_copyright": false,
    "date_taken": "2015-11-25T23:03:31.576Z",
    "author": null,
    "_height": 1000,
    "_width": 1000,
    "must_always_publish_author_credit": false,
    "default_alt_text": null,
    "default_caption": null
  },
  "model": "filer.image",
  "pk": 20
},
{
  "fields": {
    "subject_location": null,
    "must_always_publish_copyright": false,
    "date_taken": "2015-11-25T23:03:36.924Z",
    "author": null,
    "_height": 1000,
    "_width": 1000,
    "must_always_publish_author_credit": false,
    "default_alt_text": null,
    "default_caption": null
  },
  "model": "filer.image",
  "pk": 21
},
{
  "fields": {
    "subject_location": null,
    "must_always_publish_copyright": false,
    "date_taken": "2015-11-25T23:04:41.770Z",
    "author": null,
    "_height": 1000,
    "_width": 1000,
    "must_always_publish_author_credit": false,
    "default_alt_text": null,
    "default_caption": null
  },
  "model": "filer.image",
  "pk": 22
},
{
  "fields": {
    "subject_location": null,
    "must_always_publish_copyright": false,
    "date_taken": "2015-11-25T23:04:54.673Z",
    "author": null,
    "_height": 1000,
    "_width": 1000,
    "must_always_publish_author_credit": false,
    "default_alt_text": null,
    "default_caption": null
  },
  "model": "filer.image",
  "pk": 23
},
{
  "fields": {
    "subject_location": null,
    "must_always_publish_copyright": false,
    "date_taken": "2015-11-25T23:05:09.490Z",
    "author": null,
    "_height": 1000,
    "_width": 1000,
    "must_always_publish_author_credit": false,
    "default_alt_text": null,
    "default_caption": null
  },
  "model": "filer.image",
  "pk": 24
},
{
  "fields": {
    "subject_location": null,
    "must_always_publish_copyright": false,
    "date_taken": "2015-11-25T23:05:20.877Z",
    "author": null,
    "_height": 1000,
    "_width": 1000,
    "must_always_publish_author_credit": false,
    "default_alt_text": null,
    "default_caption": null
  },
  "model": "filer.image",
  "pk": 25
},
{
  "fields": {
    "subject_location": "",
    "must_always_publish_copyright": false,
    "date_taken": "2015-11-25T23:05:29.865Z",
    "author": "",
    "_height": 1000,
    "_width": 1000,
    "must_always_publish_author_credit": false,
    "default_alt_text": "",
    "default_caption": ""
  },
  "model": "filer.image",
  "pk": 26
},
{
  "fields": {
    "subject_location": null,
    "must_always_publish_copyright": false,
    "date_taken": "2015-11-25T23:05:36.910Z",
    "author": null,
    "_height": 1000,
    "_width": 1000,
    "must_always_publish_author_credit": false,
    "default_alt_text": null,
    "default_caption": null
  },
  "model": "filer.image",
  "pk": 27
},
{
  "fields": {
    "subject_location": null,
    "must_always_publish_copyright": false,
    "date_taken": "2015-11-25T23:05:45.357Z",
    "author": null,
    "_height": 1000,
    "_width": 1000,
    "must_always_publish_author_credit": false,
    "default_alt_text": null,
    "default_caption": null
  },
  "model": "filer.image",
  "pk": 28
},
{
  "fields": {
    "subject_location": null,
    "must_always_publish_copyright": false,
    "date_taken": "2015-11-25T23:05:51.418Z",
    "author": null,
    "_height": 1000,
    "_width": 1000,
    "must_always_publish_author_credit": false,
    "default_alt_text": null,
    "default_caption": null
  },
  "model": "filer.image",
  "pk": 29
},
{
  "fields": {
    "subject_location": null,
    "must_always_publish_copyright": false,
    "date_taken": "2015-11-25T23:06:27.719Z",
    "author": null,
    "_height": 1000,
    "_width": 1000,
    "must_always_publish_author_credit": false,
    "default_alt_text": null,
    "default_caption": null
  },
  "model": "filer.image",
  "pk": 30
},
{
  "fields": {
    "subject_location": null,
    "must_always_publish_copyright": false,
    "date_taken": "2015-11-25T23:06:32.642Z",
    "author": null,
    "_height": 1000,
    "_width": 1000,
    "must_always_publish_author_credit": false,
    "default_alt_text": null,
    "default_caption": null
  },
  "model": "filer.image",
  "pk": 31
},
{
  "fields": {
    "subject_location": null,
    "must_always_publish_copyright": false,
    "date_taken": "2015-11-25T23:06:36.921Z",
    "author": null,
    "_height": 1000,
    "_width": 1000,
    "must_always_publish_author_credit": false,
    "default_alt_text": null,
    "default_caption": null
  },
  "model": "filer.image",
  "pk": 32
},
{
  "fields": {
    "subject_location": null,
    "must_always_publish_copyright": false,
    "date_taken": "2015-11-25T23:06:43.248Z",
    "author": null,
    "_height": 500,
    "_width": 500,
    "must_always_publish_author_credit": false,
    "default_alt_text": null,
    "default_caption": null
  },
  "model": "filer.image",
  "pk": 33
},
{
  "fields": {
    "subject_location": null,
    "must_always_publish_copyright": false,
    "date_taken": "2015-11-25T23:06:48.795Z",
    "author": null,
    "_height": 500,
    "_width": 500,
    "must_always_publish_author_credit": false,
    "default_alt_text": null,
    "default_caption": null
  },
  "model": "filer.image",
  "pk": 34
},
{
  "fields": {
    "subject_location": null,
    "must_always_publish_copyright": false,
    "date_taken": "2015-11-25T23:07:05.029Z",
    "author": null,
    "_height": 1000,
    "_width": 1000,
    "must_always_publish_author_credit": false,
    "default_alt_text": null,
    "default_caption": null
  },
  "model": "filer.image",
  "pk": 35
},
{
  "fields": {
    "subject_location": null,
    "must_always_publish_copyright": false,
    "date_taken": "2015-11-25T23:07:47.574Z",
    "author": null,
    "_height": 1000,
    "_width": 1000,
    "must_always_publish_author_credit": false,
    "default_alt_text": null,
    "default_caption": null
  },
  "model": "filer.image",
  "pk": 36
},
{
  "fields": {
    "subject_location": "",
    "must_always_publish_copyright": false,
    "date_taken": "2015-11-25T23:07:52.677Z",
    "author": "",
    "_height": 500,
    "_width": 500,
    "must_always_publish_author_credit": false,
    "default_alt_text": "",
    "default_caption": ""
  },
  "model": "filer.image",
  "pk": 37
},
{
  "fields": {
    "subject_location": null,
    "must_always_publish_copyright": false,
    "date_taken": "2015-11-25T23:08:17.324Z",
    "author": null,
    "_height": 500,
    "_width": 500,
    "must_always_publish_author_credit": false,
    "default_alt_text": null,
    "default_caption": null
  },
  "model": "filer.image",
  "pk": 38
},
{
  "fields": {
    "subject_location": null,
    "must_always_publish_copyright": false,
    "date_taken": "2015-11-25T23:08:22.358Z",
    "author": null,
    "_height": 500,
    "_width": 500,
    "must_always_publish_author_credit": false,
    "default_alt_text": null,
    "default_caption": null
  },
  "model": "filer.image",
  "pk": 39
},
{
  "fields": {
    "subject_location": null,
    "must_always_publish_copyright": false,
    "date_taken": "2015-11-25T23:08:27.308Z",
    "author": null,
    "_height": 500,
    "_width": 500,
    "must_always_publish_author_credit": false,
    "default_alt_text": null,
    "default_caption": null
  },
  "model": "filer.image",
  "pk": 40
},
{
  "fields": {
    "subject_location": null,
    "must_always_publish_copyright": false,
    "date_taken": "2015-11-25T23:08:32.639Z",
    "author": null,
    "_height": 500,
    "_width": 500,
    "must_always_publish_author_credit": false,
    "default_alt_text": null,
    "default_caption": null
  },
  "model": "filer.image",
  "pk": 41
},
{
  "fields": {
    "subject_location": null,
    "must_always_publish_copyright": false,
    "date_taken": "2015-11-25T23:08:38.196Z",
    "author": null,
    "_height": 500,
    "_width": 500,
    "must_always_publish_author_credit": false,
    "default_alt_text": null,
    "default_caption": null
  },
  "model": "filer.image",
  "pk": 42
},
{
  "fields": {
    "subject_location": null,
    "must_always_publish_copyright": false,
    "date_taken": "2015-11-25T23:08:42.925Z",
    "author": null,
    "_height": 500,
    "_width": 500,
    "must_always_publish_author_credit": false,
    "default_alt_text": null,
    "default_caption": null
  },
  "model": "filer.image",
  "pk": 43
},
{
  "fields": {
    "subject_location": null,
    "must_always_publish_copyright": false,
    "date_taken": "2015-11-26T23:09:13.267Z",
    "author": null,
    "_height": 500,
    "_width": 500,
    "must_always_publish_author_credit": false,
    "default_alt_text": null,
    "default_caption": null
  },
  "model": "filer.image",
  "pk": 44
},
{
  "fields": {
    "subject_location": null,
    "must_always_publish_copyright": false,
    "date_taken": "2015-11-27T22:31:29.758Z",
    "author": null,
    "_height": 500,
    "_width": 500,
    "must_always_publish_author_credit": false,
    "default_alt_text": null,
    "default_caption": null
  },
  "model": "filer.image",
  "pk": 45
},
{
  "fields": {
    "subject_location": null,
    "must_always_publish_copyright": false,
    "date_taken": "2015-11-27T22:39:42.726Z",
    "author": null,
    "_height": 500,
    "_width": 500,
    "must_always_publish_author_credit": false,
    "default_alt_text": null,
    "default_caption": null
  },
  "model": "filer.image",
  "pk": 46
},
{
  "fields": {
    "subject_location": null,
    "must_always_publish_copyright": false,
    "date_taken": "2015-11-27T22:41:10.997Z",
    "author": null,
    "_height": 500,
    "_width": 500,
    "must_always_publish_author_credit": false,
    "default_alt_text": null,
    "default_caption": null
  },
  "model": "filer.image",
  "pk": 47
},
{
  "fields": {
    "subject_location": null,
    "must_always_publish_copyright": false,
    "date_taken": "2015-12-02T20:55:07.026Z",
    "author": null,
    "_height": 400,
    "_width": 400,
    "must_always_publish_author_credit": false,
    "default_alt_text": null,
    "default_caption": null
  },
  "model": "filer.image",
  "pk": 48
},
{
  "fields": {
    "subject_location": null,
    "must_always_publish_copyright": false,
    "date_taken": "2015-12-02T20:55:17.546Z",
    "author": null,
    "_height": 400,
    "_width": 400,
    "must_always_publish_author_credit": false,
    "default_alt_text": null,
    "default_caption": null
  },
  "model": "filer.image",
  "pk": 49
},
{
  "fields": {
    "subject_location": null,
    "must_always_publish_copyright": false,
    "date_taken": "2015-12-02T20:55:34.460Z",
    "author": null,
    "_height": 400,
    "_width": 400,
    "must_always_publish_author_credit": false,
    "default_alt_text": null,
    "default_caption": null
  },
  "model": "filer.image",
  "pk": 50
},
{
  "fields": {
    "subject_location": null,
    "must_always_publish_copyright": false,
    "date_taken": "2015-12-02T20:55:40.183Z",
    "author": null,
    "_height": 400,
    "_width": 400,
    "must_always_publish_author_credit": false,
    "default_alt_text": null,
    "default_caption": null
  },
  "model": "filer.image",
  "pk": 51
},
{
  "fields": {
    "subject_location": null,
    "must_always_publish_copyright": false,
    "date_taken": "2015-12-02T22:08:12.504Z",
    "author": null,
    "_height": 400,
    "_width": 400,
    "must_always_publish_author_credit": false,
    "default_alt_text": null,
    "default_caption": null
  },
  "model": "filer.image",
  "pk": 52
},
{
  "fields": {
    "subject_location": null,
    "must_always_publish_copyright": false,
    "date_taken": "2015-12-02T22:08:18.628Z",
    "author": null,
    "_height": 400,
    "_width": 400,
    "must_always_publish_author_credit": false,
    "default_alt_text": null,
    "default_caption": null
  },
  "model": "filer.image",
  "pk": 53
},
{
  "fields": {
    "subject_location": null,
    "must_always_publish_copyright": false,
    "date_taken": "2015-12-02T22:08:26.653Z",
    "author": null,
    "_height": 400,
    "_width": 400,
    "must_always_publish_author_credit": false,
    "default_alt_text": null,
    "default_caption": null
  },
  "model": "filer.image",
  "pk": 54
},
{
  "fields": {
    "subject_location": null,
    "must_always_publish_copyright": false,
    "date_taken": "2015-12-02T22:08:32.232Z",
    "author": null,
    "_height": 400,
    "_width": 400,
    "must_always_publish_author_credit": false,
    "default_alt_text": null,
    "default_caption": null
  },
  "model": "filer.image",
  "pk": 55
},
{
  "fields": {
    "subject_location": null,
    "must_always_publish_copyright": false,
    "date_taken": "2015-12-03T11:16:26.311Z",
    "author": null,
    "_height": 1000,
    "_width": 1000,
    "must_always_publish_author_credit": false,
    "default_alt_text": null,
    "default_caption": null
  },
  "model": "filer.image",
  "pk": 56
},
{
  "fields": {
    "subject_location": null,
    "must_always_publish_copyright": false,
    "date_taken": "2015-12-03T11:16:31.439Z",
    "author": null,
    "_height": 1000,
    "_width": 1000,
    "must_always_publish_author_credit": false,
    "default_alt_text": null,
    "default_caption": null
  },
  "model": "filer.image",
  "pk": 57
},
{
  "fields": {
    "subject_location": null,
    "must_always_publish_copyright": false,
    "date_taken": "2015-12-03T15:46:43.045Z",
    "author": null,
    "_height": 600,
    "_width": 600,
    "must_always_publish_author_credit": false,
    "default_alt_text": null,
    "default_caption": null
  },
  "model": "filer.image",
  "pk": 58
},
{
  "fields": {
    "subject_location": null,
    "must_always_publish_copyright": false,
    "date_taken": "2015-12-03T15:46:47.270Z",
    "author": null,
    "_height": 600,
    "_width": 600,
    "must_always_publish_author_credit": false,
    "default_alt_text": null,
    "default_caption": null
  },
  "model": "filer.image",
  "pk": 59
},
{
  "fields": {
    "subject_location": null,
    "must_always_publish_copyright": false,
    "date_taken": "2015-12-03T15:46:52.159Z",
    "author": null,
    "_height": 600,
    "_width": 600,
    "must_always_publish_author_credit": false,
    "default_alt_text": null,
    "default_caption": null
  },
  "model": "filer.image",
  "pk": 60
},
{
  "fields": {
    "subject_location": null,
    "must_always_publish_copyright": false,
    "date_taken": "2015-12-03T15:46:56.357Z",
    "author": null,
    "_height": 600,
    "_width": 600,
    "must_always_publish_author_credit": false,
    "default_alt_text": null,
    "default_caption": null
  },
  "model": "filer.image",
  "pk": 61
},
{
  "fields": {
    "subject_location": null,
    "must_always_publish_copyright": false,
    "date_taken": "2015-12-03T15:47:01.061Z",
    "author": null,
    "_height": 600,
    "_width": 600,
    "must_always_publish_author_credit": false,
    "default_alt_text": null,
    "default_caption": null
  },
  "model": "filer.image",
  "pk": 62
},
{
  "fields": {
    "subject_location": null,
    "must_always_publish_copyright": false,
    "date_taken": "2015-12-03T15:47:05.905Z",
    "author": null,
    "_height": 600,
    "_width": 600,
    "must_always_publish_author_credit": false,
    "default_alt_text": null,
    "default_caption": null
  },
  "model": "filer.image",
  "pk": 63
},
{
  "fields": {
    "subject_location": null,
    "must_always_publish_copyright": false,
    "date_taken": "2015-12-03T16:17:04.856Z",
    "author": null,
    "_height": 400,
    "_width": 400,
    "must_always_publish_author_credit": false,
    "default_alt_text": null,
    "default_caption": null
  },
  "model": "filer.image",
  "pk": 64
},
{
  "fields": {
    "subject_location": null,
    "must_always_publish_copyright": false,
    "date_taken": "2015-12-03T16:20:30.844Z",
    "author": null,
    "_height": 400,
    "_width": 400,
    "must_always_publish_author_credit": false,
    "default_alt_text": null,
    "default_caption": null
  },
  "model": "filer.image",
  "pk": 65
},
{
  "fields": {
    "subject_location": null,
    "must_always_publish_copyright": false,
    "date_taken": "2015-12-03T16:20:36.222Z",
    "author": null,
    "_height": 400,
    "_width": 400,
    "must_always_publish_author_credit": false,
    "default_alt_text": null,
    "default_caption": null
  },
  "model": "filer.image",
  "pk": 66
},
{
  "fields": {
    "subject_location": null,
    "must_always_publish_copyright": false,
    "date_taken": "2015-12-03T16:20:51.097Z",
    "author": null,
    "_height": 400,
    "_width": 400,
    "must_always_publish_author_credit": false,
    "default_alt_text": null,
    "default_caption": null
  },
  "model": "filer.image",
  "pk": 67
},
{
  "fields": {
    "subject_location": null,
    "must_always_publish_copyright": false,
    "date_taken": "2015-12-03T16:20:56.675Z",
    "author": null,
    "_height": 400,
    "_width": 400,
    "must_always_publish_author_credit": false,
    "default_alt_text": null,
    "default_caption": null
  },
  "model": "filer.image",
  "pk": 68
},
{
  "fields": {
    "subject_location": null,
    "must_always_publish_copyright": false,
    "date_taken": "2015-12-04T10:51:58.699Z",
    "author": null,
    "_height": 1473,
    "_width": 1499,
    "must_always_publish_author_credit": false,
    "default_alt_text": null,
    "default_caption": null
  },
  "model": "filer.image",
  "pk": 77
},
{
  "fields": {
    "subject_location": null,
    "must_always_publish_copyright": false,
    "date_taken": "2015-12-04T10:52:05.953Z",
    "author": null,
    "_height": 1473,
    "_width": 1499,
    "must_always_publish_author_credit": false,
    "default_alt_text": null,
    "default_caption": null
  },
  "model": "filer.image",
  "pk": 78
},
{
  "fields": {
    "subject_location": null,
    "must_always_publish_copyright": false,
    "date_taken": "2015-12-04T10:58:49.317Z",
    "author": null,
    "_height": 393,
    "_width": 400,
    "must_always_publish_author_credit": false,
    "default_alt_text": null,
    "default_caption": null
  },
  "model": "filer.image",
  "pk": 79
},
{
  "fields": {
    "subject_location": null,
    "must_always_publish_copyright": false,
    "date_taken": "2015-12-04T10:58:55.980Z",
    "author": null,
    "_height": 393,
    "_width": 400,
    "must_always_publish_author_credit": false,
    "default_alt_text": null,
    "default_caption": null
  },
  "model": "filer.image",
  "pk": 80
},
{
  "fields": {
    "subject_location": null,
    "must_always_publish_copyright": false,
    "date_taken": "2015-12-04T10:59:03.685Z",
    "author": null,
    "_height": 393,
    "_width": 400,
    "must_always_publish_author_credit": false,
    "default_alt_text": null,
    "default_caption": null
  },
  "model": "filer.image",
  "pk": 81
},
{
  "fields": {
    "subject_location": null,
    "must_always_publish_copyright": false,
    "date_taken": "2015-12-04T10:59:10.007Z",
    "author": null,
    "_height": 393,
    "_width": 400,
    "must_always_publish_author_credit": false,
    "default_alt_text": null,
    "default_caption": null
  },
  "model": "filer.image",
  "pk": 82
},
{
  "fields": {
    "supplement": "",
    "customer": 1,
    "street": "Lie Street",
    "country": "GB",
    "priority_shipping": 0,
    "addressee": "John Does",
    "priority_billing": null,
    "location": "London",
    "zip_code": "987987"
  },
  "model": "myshop.address",
  "pk": 1
},
{
  "fields": {
    "customer": 1,
    "billing_address": null,
    "extra": "{\"shipping_modifier\":\"postal-shipping\",\"annotation\":\"\"}",
    "created_at": "2015-12-01T22:13:27.652Z",
    "updated_at": "2015-12-04T12:14:02.528Z",
    "shipping_address": null
  },
  "model": "myshop.cart",
  "pk": 1
},
{
  "fields": {
    "product": 46,
    "extra": "{\"product_code\":\"1102\"}",
    "cart": 1,
    "quantity": 1
  },
  "model": "myshop.cartitem",
  "pk": 1
},
{
  "fields": {
    "salutation": "mrs",
    "last_access": "2015-12-04T21:18:22.861Z",
    "number": null,
    "recognized": 2,
    "extra": "{}"
  },
  "model": "myshop.customer",
  "pk": 1
},
{
  "fields": {
    "name": "SanDisk"
  },
  "model": "myshop.manufacturer",
  "pk": 1
},
{
  "fields": {
    "name": "Kyocera"
  },
  "model": "myshop.manufacturer",
  "pk": 2
},
{
  "fields": {
    "name": "LG"
  },
  "model": "myshop.manufacturer",
  "pk": 3
},
{
  "fields": {
    "name": "Samsung"
  },
  "model": "myshop.manufacturer",
  "pk": 4
},
{
  "fields": {
    "name": "Sony"
  },
  "model": "myshop.manufacturer",
  "pk": 5
},
{
  "fields": {
    "name": "HTC"
  },
  "model": "myshop.manufacturer",
  "pk": 6
},
{
  "fields": {
    "name": "Apple"
  },
  "model": "myshop.manufacturer",
  "pk": 7
},
{
  "fields": {
    "name": "Motorola"
  },
  "model": "myshop.manufacturer",
  "pk": 8
},
{
  "fields": {
    "product": 1,
    "page": 18
  },
  "model": "myshop.productpage",
  "pk": 1
},
{
  "fields": {
    "product": 2,
    "page": 18
  },
  "model": "myshop.productpage",
  "pk": 2
},
{
  "fields": {
    "product": 2,
    "page": 18
  },
  "model": "myshop.productpage",
  "pk": 3
},
{
  "fields": {
    "product": 3,
    "page": 18
  },
  "model": "myshop.productpage",
  "pk": 4
},
{
  "fields": {
    "product": 5,
    "page": 18
  },
  "model": "myshop.productpage",
  "pk": 5
},
{
  "fields": {
    "product": 6,
    "page": 18
  },
  "model": "myshop.productpage",
  "pk": 6
},
{
  "fields": {
    "product": 7,
    "page": 18
  },
  "model": "myshop.productpage",
  "pk": 7
},
{
  "fields": {
    "product": 8,
    "page": 18
  },
  "model": "myshop.productpage",
  "pk": 8
},
{
  "fields": {
    "product": 12,
    "page": 18
  },
  "model": "myshop.productpage",
  "pk": 9
},
{
  "fields": {
    "product": 15,
    "page": 18
  },
  "model": "myshop.productpage",
  "pk": 10
},
{
  "fields": {
    "product": 16,
    "page": 18
  },
  "model": "myshop.productpage",
  "pk": 11
},
{
  "fields": {
    "product": 12,
    "page": 18
  },
  "model": "myshop.productpage",
  "pk": 12
},
{
  "fields": {
    "product": 14,
    "page": 18
  },
  "model": "myshop.productpage",
  "pk": 13
},
{
  "fields": {
    "product": 20,
    "page": 18
  },
  "model": "myshop.productpage",
  "pk": 14
},
{
  "fields": {
    "product": 25,
    "page": 18
  },
  "model": "myshop.productpage",
  "pk": 15
},
{
  "fields": {
    "product": 26,
    "page": 18
  },
  "model": "myshop.productpage",
  "pk": 16
},
{
  "fields": {
    "product": 27,
    "page": 18
  },
  "model": "myshop.productpage",
  "pk": 17
},
{
  "fields": {
    "product": 28,
    "page": 18
  },
  "model": "myshop.productpage",
  "pk": 18
},
{
  "fields": {
    "product": 29,
    "page": 18
  },
  "model": "myshop.productpage",
  "pk": 19
},
{
  "fields": {
    "product": 31,
    "page": 18
  },
  "model": "myshop.productpage",
  "pk": 22
},
{
  "fields": {
    "product": 31,
    "page": 18
  },
  "model": "myshop.productpage",
  "pk": 23
},
{
  "fields": {
    "product": 32,
    "page": 18
  },
  "model": "myshop.productpage",
  "pk": 24
},
{
  "fields": {
    "product": 31,
    "page": 18
  },
  "model": "myshop.productpage",
  "pk": 25
},
{
  "fields": {
    "product": 33,
    "page": 18
  },
  "model": "myshop.productpage",
  "pk": 26
},
{
  "fields": {
    "product": 25,
    "page": 18
  },
  "model": "myshop.productpage",
  "pk": 27
},
{
  "fields": {
    "product": 26,
    "page": 18
  },
  "model": "myshop.productpage",
  "pk": 28
},
{
  "fields": {
    "product": 27,
    "page": 18
  },
  "model": "myshop.productpage",
  "pk": 29
},
{
  "fields": {
    "product": 28,
    "page": 18
  },
  "model": "myshop.productpage",
  "pk": 30
},
{
  "fields": {
    "product": 29,
    "page": 18
  },
  "model": "myshop.productpage",
  "pk": 31
},
{
  "fields": {
    "product": 34,
    "page": 18
  },
  "model": "myshop.productpage",
  "pk": 32
},
{
  "fields": {
    "product": 35,
    "page": 18
  },
  "model": "myshop.productpage",
  "pk": 33
},
{
  "fields": {
    "product": 36,
    "page": 18
  },
  "model": "myshop.productpage",
  "pk": 34
},
{
  "fields": {
    "product": 38,
    "page": 18
  },
  "model": "myshop.productpage",
  "pk": 35
},
{
  "fields": {
    "product": 40,
    "page": 18
  },
  "model": "myshop.productpage",
  "pk": 36
},
{
  "fields": {
    "product": 41,
    "page": 18
  },
  "model": "myshop.productpage",
  "pk": 37
},
{
  "fields": {
    "product": 43,
    "page": 18
  },
  "model": "myshop.productpage",
  "pk": 38
},
{
  "fields": {
    "product": 44,
    "page": 18
  },
  "model": "myshop.productpage",
  "pk": 39
},
{
  "fields": {
    "product": 45,
    "page": 20
  },
  "model": "myshop.productpage",
  "pk": 41
},
{
  "fields": {
    "product": 46,
    "page": 20
  },
  "model": "myshop.productpage",
  "pk": 42
},
{
  "fields": {
    "product": 46,
    "page": 20
  },
  "model": "myshop.productpage",
  "pk": 43
},
{
  "fields": {
    "product": 2,
    "page": 18
  },
  "model": "myshop.productpage",
  "pk": 45
},
{
  "fields": {
    "product": 3,
    "page": 18
  },
  "model": "myshop.productpage",
  "pk": 47
},
{
  "fields": {
    "product": 2,
    "page": 18
  },
  "model": "myshop.productpage",
  "pk": 48
},
{
  "fields": {
    "product": 3,
    "page": 18
  },
  "model": "myshop.productpage",
  "pk": 49
},
{
  "fields": {
    "product": 13,
    "page": 18
  },
  "model": "myshop.productpage",
  "pk": 50
},
{
  "fields": {
    "product": 11,
    "page": 18
  },
  "model": "myshop.productpage",
  "pk": 51
},
{
  "fields": {
    "product": 10,
    "page": 18
  },
  "model": "myshop.productpage",
  "pk": 52
},
{
  "fields": {
    "product": 9,
    "page": 18
  },
  "model": "myshop.productpage",
  "pk": 53
},
{
  "fields": {
    "product": 13,
    "page": 18
  },
  "model": "myshop.productpage",
  "pk": 54
},
{
  "fields": {
    "product": 2,
    "page": 18
  },
  "model": "myshop.productpage",
  "pk": 58
},
{
  "fields": {
    "product": 2,
    "page": 18
  },
  "model": "myshop.productpage",
  "pk": 59
},
{
  "fields": {
    "product": 2,
    "page": 22
  },
  "model": "myshop.productpage",
  "pk": 60
},
{
  "fields": {
    "product": 3,
    "page": 22
  },
  "model": "myshop.productpage",
  "pk": 61
},
{
  "fields": {
    "product": 4,
    "page": 22
  },
  "model": "myshop.productpage",
  "pk": 62
},
{
  "fields": {
    "product": 5,
    "page": 22
  },
  "model": "myshop.productpage",
  "pk": 63
},
{
  "fields": {
    "product": 6,
    "page": 22
  },
  "model": "myshop.productpage",
  "pk": 64
},
{
  "fields": {
    "product": 7,
    "page": 22
  },
  "model": "myshop.productpage",
  "pk": 65
},
{
  "fields": {
    "product": 8,
    "page": 22
  },
  "model": "myshop.productpage",
  "pk": 66
},
{
  "fields": {
    "product": 9,
    "page": 22
  },
  "model": "myshop.productpage",
  "pk": 67
},
{
  "fields": {
    "product": 10,
    "page": 22
  },
  "model": "myshop.productpage",
  "pk": 68
},
{
  "fields": {
    "product": 11,
    "page": 22
  },
  "model": "myshop.productpage",
  "pk": 69
},
{
  "fields": {
    "product": 12,
    "page": 22
  },
  "model": "myshop.productpage",
  "pk": 70
},
{
  "fields": {
    "product": 13,
    "page": 22
  },
  "model": "myshop.productpage",
  "pk": 71
},
{
  "fields": {
    "product": 14,
    "page": 22
  },
  "model": "myshop.productpage",
  "pk": 72
},
{
  "fields": {
    "product": 15,
    "page": 22
  },
  "model": "myshop.productpage",
  "pk": 73
},
{
  "fields": {
    "product": 16,
    "page": 22
  },
  "model": "myshop.productpage",
  "pk": 74
},
{
  "fields": {
    "product": 17,
    "page": 22
  },
  "model": "myshop.productpage",
  "pk": 75
},
{
  "fields": {
    "product": 18,
    "page": 22
  },
  "model": "myshop.productpage",
  "pk": 76
},
{
  "fields": {
    "product": 19,
    "page": 22
  },
  "model": "myshop.productpage",
  "pk": 77
},
{
  "fields": {
    "product": 20,
    "page": 22
  },
  "model": "myshop.productpage",
  "pk": 78
},
{
  "fields": {
    "product": 21,
    "page": 22
  },
  "model": "myshop.productpage",
  "pk": 79
},
{
  "fields": {
    "product": 22,
    "page": 22
  },
  "model": "myshop.productpage",
  "pk": 80
},
{
  "fields": {
    "product": 23,
    "page": 22
  },
  "model": "myshop.productpage",
  "pk": 81
},
{
  "fields": {
    "product": 24,
    "page": 22
  },
  "model": "myshop.productpage",
  "pk": 82
},
{
  "fields": {
    "product": 25,
    "page": 22
  },
  "model": "myshop.productpage",
  "pk": 83
},
{
  "fields": {
    "product": 26,
    "page": 22
  },
  "model": "myshop.productpage",
  "pk": 84
},
{
  "fields": {
    "product": 27,
    "page": 22
  },
  "model": "myshop.productpage",
  "pk": 85
},
{
  "fields": {
    "product": 28,
    "page": 22
  },
  "model": "myshop.productpage",
  "pk": 86
},
{
  "fields": {
    "product": 29,
    "page": 22
  },
  "model": "myshop.productpage",
  "pk": 87
},
{
  "fields": {
    "product": 31,
    "page": 22
  },
  "model": "myshop.productpage",
  "pk": 88
},
{
  "fields": {
    "product": 32,
    "page": 22
  },
  "model": "myshop.productpage",
  "pk": 89
},
{
  "fields": {
    "product": 33,
    "page": 22
  },
  "model": "myshop.productpage",
  "pk": 90
},
{
  "fields": {
    "product": 34,
    "page": 22
  },
  "model": "myshop.productpage",
  "pk": 91
},
{
  "fields": {
    "product": 35,
    "page": 22
  },
  "model": "myshop.productpage",
  "pk": 92
},
{
  "fields": {
    "product": 36,
    "page": 22
  },
  "model": "myshop.productpage",
  "pk": 93
},
{
  "fields": {
    "product": 38,
    "page": 22
  },
  "model": "myshop.productpage",
  "pk": 94
},
{
  "fields": {
    "product": 40,
    "page": 22
  },
  "model": "myshop.productpage",
  "pk": 95
},
{
  "fields": {
    "product": 41,
    "page": 22
  },
  "model": "myshop.productpage",
  "pk": 96
},
{
  "fields": {
    "product": 43,
    "page": 22
  },
  "model": "myshop.productpage",
  "pk": 98
},
{
  "fields": {
    "product": 44,
    "page": 22
  },
  "model": "myshop.productpage",
  "pk": 99
},
{
  "fields": {
    "product": 1,
    "page": 22
  },
  "model": "myshop.productpage",
  "pk": 100
},
{
  "fields": {
    "product": 45,
    "page": 22
  },
  "model": "myshop.productpage",
  "pk": 101
},
{
  "fields": {
    "product": 46,
    "page": 22
  },
  "model": "myshop.productpage",
  "pk": 102
},
{
  "fields": {
    "product": 4,
    "page": 22
  },
  "model": "myshop.productpage",
  "pk": 103
},
{
  "fields": {
    "product": 17,
    "page": 22
  },
  "model": "myshop.productpage",
  "pk": 104
},
{
  "fields": {
    "product": 18,
    "page": 22
  },
  "model": "myshop.productpage",
  "pk": 105
},
{
  "fields": {
    "product": 19,
    "page": 22
  },
  "model": "myshop.productpage",
  "pk": 106
},
{
  "fields": {
    "product": 21,
    "page": 22
  },
  "model": "myshop.productpage",
  "pk": 107
},
{
  "fields": {
    "product": 21,
    "page": 22
  },
  "model": "myshop.productpage",
  "pk": 108
},
{
  "fields": {
    "product": 22,
    "page": 22
  },
  "model": "myshop.productpage",
  "pk": 109
},
{
  "fields": {
    "product": 23,
    "page": 22
  },
  "model": "myshop.productpage",
  "pk": 110
},
{
  "fields": {
    "product": 23,
    "page": 18
  },
  "model": "myshop.productpage",
  "pk": 111
},
{
  "fields": {
    "product": 24,
    "page": 22
  },
  "model": "myshop.productpage",
  "pk": 112
},
{
  "fields": {
    "product": 24,
    "page": 18
  },
  "model": "myshop.productpage",
  "pk": 113
},
{
  "fields": {
    "product": 4,
    "page": 22
  },
  "model": "myshop.productpage",
  "pk": 114
},
{
  "fields": {
    "product": 4,
    "page": 18
  },
  "model": "myshop.productpage",
  "pk": 115
},
{
  "fields": {
    "product": 15,
    "page": 22
  },
  "model": "myshop.productpage",
  "pk": 116
},
{
  "fields": {
    "product": 15,
    "page": 18
  },
  "model": "myshop.productpage",
  "pk": 117
},
{
  "fields": {
    "product": 16,
    "page": 22
  },
  "model": "myshop.productpage",
  "pk": 118
},
{
  "fields": {
    "product": 16,
    "page": 18
  },
  "model": "myshop.productpage",
  "pk": 119
},
{
  "fields": {
    "product": 16,
    "page": 22
  },
  "model": "myshop.productpage",
  "pk": 120
},
{
  "fields": {
    "product": 16,
    "page": 18
  },
  "model": "myshop.productpage",
  "pk": 121
},
{
  "fields": {
    "product": 17,
    "page": 22
  },
  "model": "myshop.productpage",
  "pk": 122
},
{
  "fields": {
    "product": 17,
    "page": 18
  },
  "model": "myshop.productpage",
  "pk": 123
},
{
  "fields": {
    "product": 18,
    "page": 22
  },
  "model": "myshop.productpage",
  "pk": 124
},
{
  "fields": {
    "product": 18,
    "page": 18
  },
  "model": "myshop.productpage",
  "pk": 125
},
{
  "fields": {
    "product": 19,
    "page": 22
  },
  "model": "myshop.productpage",
  "pk": 126
},
{
  "fields": {
    "product": 19,
    "page": 18
  },
  "model": "myshop.productpage",
  "pk": 127
},
{
  "fields": {
    "product": 21,
    "page": 22
  },
  "model": "myshop.productpage",
  "pk": 128
},
{
  "fields": {
    "product": 21,
    "page": 18
  },
  "model": "myshop.productpage",
  "pk": 129
},
{
  "fields": {
    "product": 22,
    "page": 22
  },
  "model": "myshop.productpage",
  "pk": 130
},
{
  "fields": {
    "product": 22,
    "page": 18
  },
  "model": "myshop.productpage",
  "pk": 131
},
{
  "fields": {
    "product": 47,
    "page": 22
  },
  "model": "myshop.productpage",
  "pk": 132
},
{
  "fields": {
    "product": 47,
    "page": 20
  },
  "model": "myshop.productpage",
  "pk": 133
},
{
  "fields": {
    "product": 47,
    "page": 22
  },
  "model": "myshop.productpage",
  "pk": 134
},
{
  "fields": {
    "product": 47,
    "page": 20
  },
  "model": "myshop.productpage",
  "pk": 135
},
{
  "fields": {
    "product": 48,
    "page": 22
  },
  "model": "myshop.productpage",
  "pk": 136
},
{
  "fields": {
    "product": 48,
    "page": 20
  },
  "model": "myshop.productpage",
  "pk": 137
},
{
  "fields": {
    "product": 49,
    "page": 22
  },
  "model": "myshop.productpage",
  "pk": 138
},
{
  "fields": {
    "product": 49,
    "page": 20
  },
  "model": "myshop.productpage",
  "pk": 139
},
{
  "fields": {
    "product": 50,
    "page": 22
  },
  "model": "myshop.productpage",
  "pk": 140
},
{
  "fields": {
    "product": 50,
    "page": 20
  },
  "model": "myshop.productpage",
  "pk": 141
},
{
  "fields": {
    "product": 50,
    "page": 22
  },
  "model": "myshop.productpage",
  "pk": 142
},
{
  "fields": {
    "product": 50,
    "page": 20
  },
  "model": "myshop.productpage",
  "pk": 143
},
{
  "fields": {
    "product": 50,
    "page": 22
  },
  "model": "myshop.productpage",
  "pk": 144
},
{
  "fields": {
    "product": 50,
    "page": 20
  },
  "model": "myshop.productpage",
  "pk": 145
},
{
  "fields": {
    "product": 50,
    "page": 22
  },
  "model": "myshop.productpage",
  "pk": 146
},
{
  "fields": {
    "product": 50,
    "page": 20
  },
  "model": "myshop.productpage",
  "pk": 147
},
{
  "fields": {
    "product": 50,
    "page": 22
  },
  "model": "myshop.productpage",
  "pk": 148
},
{
  "fields": {
    "product": 50,
    "page": 20
  },
  "model": "myshop.productpage",
  "pk": 149
},
{
  "fields": {
    "product": 51,
    "page": 22
  },
  "model": "myshop.productpage",
  "pk": 150
},
{
  "fields": {
    "product": 51,
    "page": 20
  },
  "model": "myshop.productpage",
  "pk": 151
},
{
  "fields": {
    "product": 1,
    "image": 8,
    "order": 0
  },
  "model": "myshop.productimage",
  "pk": 1
},
{
  "fields": {
    "product": 2,
    "image": 9,
    "order": 0
  },
  "model": "myshop.productimage",
  "pk": 2
},
{
  "fields": {
    "product": 3,
    "image": 10,
    "order": 0
  },
  "model": "myshop.productimage",
  "pk": 3
},
{
  "fields": {
    "product": 5,
    "image": 12,
    "order": 0
  },
  "model": "myshop.productimage",
  "pk": 4
},
{
  "fields": {
    "product": 6,
    "image": 13,
    "order": 0
  },
  "model": "myshop.productimage",
  "pk": 5
},
{
  "fields": {
    "product": 7,
    "image": 14,
    "order": 0
  },
  "model": "myshop.productimage",
  "pk": 6
},
{
  "fields": {
    "product": 8,
    "image": 15,
    "order": 0
  },
  "model": "myshop.productimage",
  "pk": 7
},
{
  "fields": {
    "product": 12,
    "image": 19,
    "order": 0
  },
  "model": "myshop.productimage",
  "pk": 8
},
{
  "fields": {
    "product": 15,
    "image": 24,
    "order": 0
  },
  "model": "myshop.productimage",
  "pk": 9
},
{
  "fields": {
    "product": 16,
    "image": 26,
    "order": 0
  },
  "model": "myshop.productimage",
  "pk": 10
},
{
  "fields": {
    "product": 14,
    "image": 44,
    "order": 0
  },
  "model": "myshop.productimage",
  "pk": 11
},
{
  "fields": {
    "product": 20,
    "image": 22,
    "order": 0
  },
  "model": "myshop.productimage",
  "pk": 12
},
{
  "fields": {
    "product": 25,
    "image": 30,
    "order": 0
  },
  "model": "myshop.productimage",
  "pk": 13
},
{
  "fields": {
    "product": 26,
    "image": 31,
    "order": 0
  },
  "model": "myshop.productimage",
  "pk": 14
},
{
  "fields": {
    "product": 27,
    "image": 32,
    "order": 0
  },
  "model": "myshop.productimage",
  "pk": 15
},
{
  "fields": {
    "product": 28,
    "image": 35,
    "order": 0
  },
  "model": "myshop.productimage",
  "pk": 16
},
{
  "fields": {
    "product": 29,
    "image": 36,
    "order": 0
  },
  "model": "myshop.productimage",
  "pk": 17
},
{
  "fields": {
    "product": 31,
    "image": 33,
    "order": 0
  },
  "model": "myshop.productimage",
  "pk": 19
},
{
  "fields": {
    "product": 32,
    "image": 34,
    "order": 0
  },
  "model": "myshop.productimage",
  "pk": 20
},
{
  "fields": {
    "product": 33,
    "image": 37,
    "order": 0
  },
  "model": "myshop.productimage",
  "pk": 21
},
{
  "fields": {
    "product": 34,
    "image": 38,
    "order": 0
  },
  "model": "myshop.productimage",
  "pk": 22
},
{
  "fields": {
    "product": 35,
    "image": 39,
    "order": 0
  },
  "model": "myshop.productimage",
  "pk": 23
},
{
  "fields": {
    "product": 36,
    "image": 40,
    "order": 0
  },
  "model": "myshop.productimage",
  "pk": 24
},
{
  "fields": {
    "product": 38,
    "image": 41,
    "order": 0
  },
  "model": "myshop.productimage",
  "pk": 25
},
{
  "fields": {
    "product": 40,
    "image": 42,
    "order": 0
  },
  "model": "myshop.productimage",
  "pk": 26
},
{
  "fields": {
    "product": 41,
    "image": 46,
    "order": 0
  },
  "model": "myshop.productimage",
  "pk": 27
},
{
  "fields": {
    "product": 43,
    "image": 43,
    "order": 0
  },
  "model": "myshop.productimage",
  "pk": 28
},
{
  "fields": {
    "product": 44,
    "image": 47,
    "order": 0
  },
  "model": "myshop.productimage",
  "pk": 29
},
{
  "fields": {
    "product": 45,
    "image": 50,
    "order": 1
  },
  "model": "myshop.productimage",
  "pk": 30
},
{
  "fields": {
    "product": 45,
    "image": 51,
    "order": 2
  },
  "model": "myshop.productimage",
  "pk": 31
},
{
  "fields": {
    "product": 46,
    "image": 52,
    "order": 1
  },
  "model": "myshop.productimage",
  "pk": 32
},
{
  "fields": {
    "product": 46,
    "image": 53,
    "order": 2
  },
  "model": "myshop.productimage",
  "pk": 33
},
{
  "fields": {
    "product": 46,
    "image": 54,
    "order": 3
  },
  "model": "myshop.productimage",
  "pk": 34
},
{
  "fields": {
    "product": 46,
    "image": 55,
    "order": 4
  },
  "model": "myshop.productimage",
  "pk": 35
},
{
  "fields": {
    "product": 11,
    "image": 18,
    "order": 1
  },
  "model": "myshop.productimage",
  "pk": 36
},
{
  "fields": {
    "product": 10,
    "image": 17,
    "order": 1
  },
  "model": "myshop.productimage",
  "pk": 37
},
{
  "fields": {
    "product": 9,
    "image": 16,
    "order": 1
  },
  "model": "myshop.productimage",
  "pk": 38
},
{
  "fields": {
    "product": 13,
    "image": 21,
    "order": 1
  },
  "model": "myshop.productimage",
  "pk": 39
},
{
  "fields": {
    "product": 4,
    "image": 11,
    "order": 1
  },
  "model": "myshop.productimage",
  "pk": 40
},
{
  "fields": {
    "product": 17,
    "image": 27,
    "order": 1
  },
  "model": "myshop.productimage",
  "pk": 41
},
{
  "fields": {
    "product": 18,
    "image": 28,
    "order": 1
  },
  "model": "myshop.productimage",
  "pk": 42
},
{
  "fields": {
    "product": 19,
    "image": 29,
    "order": 1
  },
  "model": "myshop.productimage",
  "pk": 43
},
{
  "fields": {
    "product": 21,
    "image": 23,
    "order": 1
  },
  "model": "myshop.productimage",
  "pk": 44
},
{
  "fields": {
    "product": 22,
    "image": 25,
    "order": 1
  },
  "model": "myshop.productimage",
  "pk": 45
},
{
  "fields": {
    "product": 23,
    "image": 56,
    "order": 1
  },
  "model": "myshop.productimage",
  "pk": 46
},
{
  "fields": {
    "product": 24,
    "image": 57,
    "order": 1
  },
  "model": "myshop.productimage",
  "pk": 47
},
{
  "fields": {
    "product": 47,
    "image": 58,
    "order": 1
  },
  "model": "myshop.productimage",
  "pk": 48
},
{
  "fields": {
    "product": 47,
    "image": 59,
    "order": 2
  },
  "model": "myshop.productimage",
  "pk": 49
},
{
  "fields": {
    "product": 47,
    "image": 60,
    "order": 3
  },
  "model": "myshop.productimage",
  "pk": 50
},
{
  "fields": {
    "product": 47,
    "image": 61,
    "order": 4
  },
  "model": "myshop.productimage",
  "pk": 51
},
{
  "fields": {
    "product": 47,
    "image": 62,
    "order": 5
  },
  "model": "myshop.productimage",
  "pk": 52
},
{
  "fields": {
    "product": 47,
    "image": 63,
    "order": 6
  },
  "model": "myshop.productimage",
  "pk": 53
},
{
  "fields": {
    "product": 48,
    "image": 64,
    "order": 1
  },
  "model": "myshop.productimage",
  "pk": 54
},
{
  "fields": {
    "product": 49,
    "image": 67,
    "order": 1
  },
  "model": "myshop.productimage",
  "pk": 55
},
{
  "fields": {
    "product": 49,
    "image": 68,
    "order": 2
  },
  "model": "myshop.productimage",
  "pk": 56
},
{
  "fields": {
    "product": 50,
    "image": 77,
    "order": 1
  },
  "model": "myshop.productimage",
  "pk": 63
},
{
  "fields": {
    "product": 50,
    "image": 78,
    "order": 2
  },
  "model": "myshop.productimage",
  "pk": 64
},
{
  "fields": {
    "product": 51,
    "image": 79,
    "order": 1
  },
  "model": "myshop.productimage",
  "pk": 65
},
{
  "fields": {
    "product": 51,
    "image": 80,
    "order": 2
  },
  "model": "myshop.productimage",
  "pk": 66
},
{
  "fields": {
    "product": 51,
    "image": 81,
    "order": 3
  },
  "model": "myshop.productimage",
  "pk": 67
},
{
  "fields": {
    "product": 51,
    "image": 82,
    "order": 4
  },
  "model": "myshop.productimage",
  "pk": 68
},
{
  "fields": {
    "name": "SDHC Card 4GB",
    "created_at": "2015-12-02T17:12:41.618Z",
    "updated_at": "2015-12-03T12:02:06.058Z",
    "order": 8,
    "active": true,
    "manufacturer": 1,
    "slug": "sdhc-card-4gb",
    "polymorphic_ctype": [
      "myshop",
      "smartcard"
    ]
  },
  "model": "myshop.product",
  "pk": 1
},
{
  "fields": {
    "name": "SDHC Card 8GB",
    "created_at": "2015-12-02T17:12:41.620Z",
    "updated_at": "2015-12-03T10:15:24.242Z",
    "order": 9,
    "active": true,
    "manufacturer": 1,
    "slug": "sdhc-card-8gb",
    "polymorphic_ctype": [
      "myshop",
      "smartcard"
    ]
  },
  "model": "myshop.product",
  "pk": 2
},
{
  "fields": {
    "name": "SDHC Card 16GB",
    "created_at": "2015-12-02T17:12:41.621Z",
    "updated_at": "2015-12-03T08:24:26.427Z",
    "order": 10,
    "active": true,
    "manufacturer": 1,
    "slug": "sdhc-card-16gb",
    "polymorphic_ctype": [
      "myshop",
      "smartcard"
    ]
  },
  "model": "myshop.product",
  "pk": 3
},
{
  "fields": {
    "name": "SDHC Card 32GB",
    "created_at": "2015-12-02T17:12:41.622Z",
    "updated_at": "2015-12-03T12:07:10.676Z",
    "order": 11,
    "active": true,
    "manufacturer": 1,
    "slug": "sdhc-card-32gb",
    "polymorphic_ctype": [
      "myshop",
      "smartcard"
    ]
  },
  "model": "myshop.product",
  "pk": 4
},
{
  "fields": {
    "name": "SDXC Card 64GB",
    "created_at": "2015-12-02T17:12:41.623Z",
    "updated_at": "2015-12-02T17:12:41.624Z",
    "order": 12,
    "active": true,
    "manufacturer": 1,
    "slug": "sdxc-card-64gb",
    "polymorphic_ctype": [
      "myshop",
      "smartcard"
    ]
  },
  "model": "myshop.product",
  "pk": 5
},
{
  "fields": {
    "name": "EXTREME PLUS microSDHC 16GB",
    "created_at": "2015-12-02T17:12:41.625Z",
    "updated_at": "2015-12-02T17:12:41.625Z",
    "order": 13,
    "active": true,
    "manufacturer": 1,
    "slug": "extreme-plus-micro-sdhc-16gb",
    "polymorphic_ctype": [
      "myshop",
      "smartcard"
    ]
  },
  "model": "myshop.product",
  "pk": 6
},
{
  "fields": {
    "name": "EXTREME PLUS microSDHC 32GB",
    "created_at": "2015-12-02T17:12:41.626Z",
    "updated_at": "2015-12-02T17:12:41.626Z",
    "order": 14,
    "active": true,
    "manufacturer": 1,
    "slug": "extreme-plus-micro-sdhc-32gb",
    "polymorphic_ctype": [
      "myshop",
      "smartcard"
    ]
  },
  "model": "myshop.product",
  "pk": 7
},
{
  "fields": {
    "name": "EXTREME PLUS microSDXC 64GB",
    "created_at": "2015-12-02T17:12:41.627Z",
    "updated_at": "2015-12-02T17:12:41.627Z",
    "order": 15,
    "active": true,
    "manufacturer": 1,
    "slug": "extreme-plus-micro-sdxc-64gb",
    "polymorphic_ctype": [
      "myshop",
      "smartcard"
    ]
  },
  "model": "myshop.product",
  "pk": 8
},
{
  "fields": {
    "name": "EXTREME PLUS SDHC 16GB",
    "created_at": "2015-12-02T17:12:41.628Z",
    "updated_at": "2015-12-03T08:32:43.534Z",
    "order": 16,
    "active": true,
    "manufacturer": 1,
    "slug": "extreme-plus-sdhc-16gb",
    "polymorphic_ctype": [
      "myshop",
      "smartcard"
    ]
  },
  "model": "myshop.product",
  "pk": 9
},
{
  "fields": {
    "name": "EXTREME PLUS SDHC 32GB",
    "created_at": "2015-12-02T17:12:41.630Z",
    "updated_at": "2015-12-03T08:32:26.881Z",
    "order": 17,
    "active": true,
    "manufacturer": 1,
    "slug": "extreme-plus-sdhc-32gb",
    "polymorphic_ctype": [
      "myshop",
      "smartcard"
    ]
  },
  "model": "myshop.product",
  "pk": 10
},
{
  "fields": {
    "name": "EXTREME PLUS SDXC 64GB",
    "created_at": "2015-12-02T17:12:41.631Z",
    "updated_at": "2015-12-03T08:32:05.221Z",
    "order": 18,
    "active": true,
    "manufacturer": 1,
    "slug": "extreme-plus-sdhc-64gb",
    "polymorphic_ctype": [
      "myshop",
      "smartcard"
    ]
  },
  "model": "myshop.product",
  "pk": 11
},
{
  "fields": {
    "name": "Extreme PRO microSDHC 32GB",
    "created_at": "2015-12-02T17:12:41.632Z",
    "updated_at": "2015-12-02T17:12:41.633Z",
    "order": 19,
    "active": true,
    "manufacturer": 1,
    "slug": "extreme-pro-micro-sdhc-32gb",
    "polymorphic_ctype": [
      "myshop",
      "smartcard"
    ]
  },
  "model": "myshop.product",
  "pk": 12
},
{
  "fields": {
    "name": "Extreme PRO microSDXC 64GB",
    "created_at": "2015-12-02T17:12:41.634Z",
    "updated_at": "2015-12-03T08:34:00.626Z",
    "order": 20,
    "active": true,
    "manufacturer": 1,
    "slug": "extreme-pro-micro-sdxc-16gb",
    "polymorphic_ctype": [
      "myshop",
      "smartcard"
    ]
  },
  "model": "myshop.product",
  "pk": 13
},
{
  "fields": {
    "name": "Extreme PRO SDHC 16GB",
    "created_at": "2015-12-02T17:12:41.635Z",
    "updated_at": "2015-12-02T17:12:41.635Z",
    "order": 21,
    "active": true,
    "manufacturer": 1,
    "slug": "extreme-pro-sdhc-16gb",
    "polymorphic_ctype": [
      "myshop",
      "smartcard"
    ]
  },
  "model": "myshop.product",
  "pk": 14
},
{
  "fields": {
    "name": "Extreme PRO SDHC 32GB",
    "created_at": "2015-12-02T17:12:41.636Z",
    "updated_at": "2015-12-03T12:14:37.834Z",
    "order": 22,
    "active": true,
    "manufacturer": 1,
    "slug": "extreme-pro-sdhc-32gb",
    "polymorphic_ctype": [
      "myshop",
      "smartcard"
    ]
  },
  "model": "myshop.product",
  "pk": 15
},
{
  "fields": {
    "name": "Extreme PRO SDXC 64GB",
    "created_at": "2015-12-02T17:12:41.637Z",
    "updated_at": "2015-12-03T12:16:49.655Z",
    "order": 23,
    "active": true,
    "manufacturer": 1,
    "slug": "extreme-pro-sdxc-64gb",
    "polymorphic_ctype": [
      "myshop",
      "smartcard"
    ]
  },
  "model": "myshop.product",
  "pk": 16
},
{
  "fields": {
    "name": "Extreme PRO SDXC 128GB",
    "created_at": "2015-12-02T17:12:41.639Z",
    "updated_at": "2015-12-03T12:18:24.434Z",
    "order": 24,
    "active": true,
    "manufacturer": 1,
    "slug": "extreme-pro-sdxc-128gb",
    "polymorphic_ctype": [
      "myshop",
      "smartcard"
    ]
  },
  "model": "myshop.product",
  "pk": 17
},
{
  "fields": {
    "name": "Extreme PRO SDXC 256GB",
    "created_at": "2015-12-02T17:12:41.640Z",
    "updated_at": "2015-12-03T12:19:21.887Z",
    "order": 25,
    "active": true,
    "manufacturer": 1,
    "slug": "extreme-pro-sdxc-256gb",
    "polymorphic_ctype": [
      "myshop",
      "smartcard"
    ]
  },
  "model": "myshop.product",
  "pk": 18
},
{
  "fields": {
    "name": "Extreme PRO SDXC 512GB",
    "created_at": "2015-12-02T17:12:41.641Z",
    "updated_at": "2015-12-03T12:20:02.110Z",
    "order": 26,
    "active": true,
    "manufacturer": 1,
    "slug": "extreme-pro-sdxc-512gb",
    "polymorphic_ctype": [
      "myshop",
      "smartcard"
    ]
  },
  "model": "myshop.product",
  "pk": 19
},
{
  "fields": {
    "name": "Extreme PRO SDHC II 16GB",
    "created_at": "2015-12-02T17:12:41.642Z",
    "updated_at": "2015-12-02T17:12:41.642Z",
    "order": 27,
    "active": true,
    "manufacturer": 1,
    "slug": "extreme-pro-sdhc-II-16gb",
    "polymorphic_ctype": [
      "myshop",
      "smartcard"
    ]
  },
  "model": "myshop.product",
  "pk": 20
},
{
  "fields": {
    "name": "Extreme PRO SDHC II 32GB",
    "created_at": "2015-12-02T17:12:41.643Z",
    "updated_at": "2015-12-03T12:35:28.195Z",
    "order": 28,
    "active": true,
    "manufacturer": 1,
    "slug": "extreme-pro-sdhc-II-32gb",
    "polymorphic_ctype": [
      "myshop",
      "smartcard"
    ]
  },
  "model": "myshop.product",
  "pk": 21
},
{
  "fields": {
    "name": "Extreme PRO SDXC II 64GB",
    "created_at": "2015-12-02T17:12:41.645Z",
    "updated_at": "2015-12-03T12:35:58.335Z",
    "order": 29,
    "active": true,
    "manufacturer": 1,
    "slug": "extreme-pro-sdxc-II-64gb",
    "polymorphic_ctype": [
      "myshop",
      "smartcard"
    ]
  },
  "model": "myshop.product",
  "pk": 22
},
{
  "fields": {
    "name": "Micro SDHC 32GB",
    "created_at": "2015-12-02T17:12:41.646Z",
    "updated_at": "2015-12-03T11:16:57.465Z",
    "order": 30,
    "active": true,
    "manufacturer": 1,
    "slug": "micro-sdhc-32gb",
    "polymorphic_ctype": [
      "myshop",
      "smartcard"
    ]
  },
  "model": "myshop.product",
  "pk": 23
},
{
  "fields": {
    "name": "Micro SDHC 64GB",
    "created_at": "2015-12-02T17:12:41.647Z",
    "updated_at": "2015-12-03T11:17:49.061Z",
    "order": 31,
    "active": true,
    "manufacturer": 1,
    "slug": "micro-sdhc-64gb",
    "polymorphic_ctype": [
      "myshop",
      "smartcard"
    ]
  },
  "model": "myshop.product",
  "pk": 24
},
{
  "fields": {
    "name": "Ultra SDHC 8GB 40Mb/s",
    "created_at": "2015-12-02T17:12:41.649Z",
    "updated_at": "2015-12-02T17:12:41.650Z",
    "order": 32,
    "active": true,
    "manufacturer": 1,
    "slug": "ultra-hs-sdhc-8gb-40mbps",
    "polymorphic_ctype": [
      "myshop",
      "smartcard"
    ]
  },
  "model": "myshop.product",
  "pk": 25
},
{
  "fields": {
    "name": "Ultra SDHC 16GB 40MB/s",
    "created_at": "2015-12-02T17:12:41.652Z",
    "updated_at": "2015-12-02T17:12:41.653Z",
    "order": 33,
    "active": true,
    "manufacturer": 1,
    "slug": "ultra-hs-sdhc-16gb-40mbps",
    "polymorphic_ctype": [
      "myshop",
      "smartcard"
    ]
  },
  "model": "myshop.product",
  "pk": 26
},
{
  "fields": {
    "name": "Ultra SDHC 32GB 40Mb/s",
    "created_at": "2015-12-02T17:12:41.654Z",
    "updated_at": "2015-12-02T17:12:41.655Z",
    "order": 34,
    "active": true,
    "manufacturer": 1,
    "slug": "ultra-hs-sdhc-32gb-40mbps",
    "polymorphic_ctype": [
      "myshop",
      "smartcard"
    ]
  },
  "model": "myshop.product",
  "pk": 27
},
{
  "fields": {
    "name": "Ultra SDXC 64GB 40Mb/s",
    "created_at": "2015-12-02T17:12:41.656Z",
    "updated_at": "2015-12-02T17:12:41.656Z",
    "order": 35,
    "active": true,
    "manufacturer": 1,
    "slug": "ultra-hs-sdxc-64gb-40mbps",
    "polymorphic_ctype": [
      "myshop",
      "smartcard"
    ]
  },
  "model": "myshop.product",
  "pk": 28
},
{
  "fields": {
    "name": "Ultra SDXC 128GB 40Mb/s",
    "created_at": "2015-12-02T17:12:41.658Z",
    "updated_at": "2015-12-02T17:12:41.658Z",
    "order": 36,
    "active": true,
    "manufacturer": 1,
    "slug": "ultra-hs-sdxc-128gb-40mbps",
    "polymorphic_ctype": [
      "myshop",
      "smartcard"
    ]
  },
  "model": "myshop.product",
  "pk": 29
},
{
  "fields": {
    "name": "Ultra SDHC 16GB 30Mb/s",
    "created_at": "2015-12-02T17:12:41.659Z",
    "updated_at": "2015-12-02T17:12:41.660Z",
    "order": 38,
    "active": true,
    "manufacturer": 1,
    "slug": "ultra-sdhc-16gb-30mbps",
    "polymorphic_ctype": [
      "myshop",
      "smartcard"
    ]
  },
  "model": "myshop.product",
  "pk": 31
},
{
  "fields": {
    "name": "Ultra SDHC 32GB 30Mb/s",
    "created_at": "2015-12-02T17:12:41.661Z",
    "updated_at": "2015-12-02T17:12:41.661Z",
    "order": 39,
    "active": true,
    "manufacturer": 1,
    "slug": "ultra-sdhc-32gb-30mbps",
    "polymorphic_ctype": [
      "myshop",
      "smartcard"
    ]
  },
  "model": "myshop.product",
  "pk": 32
},
{
  "fields": {
    "name": "Ultra SDXC 64GB 30Mb/s",
    "created_at": "2015-12-02T17:12:41.662Z",
    "updated_at": "2015-12-02T17:12:41.663Z",
    "order": 40,
    "active": true,
    "manufacturer": 1,
    "slug": "ultra-sdxc-64gb-30mbps",
    "polymorphic_ctype": [
      "myshop",
      "smartcard"
    ]
  },
  "model": "myshop.product",
  "pk": 33
},
{
  "fields": {
    "name": "Ultra PLUS micro SDHC 16GB",
    "created_at": "2015-12-02T17:12:41.664Z",
    "updated_at": "2015-12-02T17:12:41.664Z",
    "order": 41,
    "active": true,
    "manufacturer": 1,
    "slug": "ultra-sdhc-micro-16gb",
    "polymorphic_ctype": [
      "myshop",
      "smartcard"
    ]
  },
  "model": "myshop.product",
  "pk": 34
},
{
  "fields": {
    "name": "Ultra PLUS micro SDHC 32GB",
    "created_at": "2015-12-02T17:12:41.665Z",
    "updated_at": "2015-12-02T17:12:41.665Z",
    "order": 42,
    "active": true,
    "manufacturer": 1,
    "slug": "ultra-sdhc-micro-32gb",
    "polymorphic_ctype": [
      "myshop",
      "smartcard"
    ]
  },
  "model": "myshop.product",
  "pk": 35
},
{
  "fields": {
    "name": "Ultra PLUS micro SDXC 64GB",
    "created_at": "2015-12-02T17:12:41.666Z",
    "updated_at": "2015-12-02T17:12:41.667Z",
    "order": 43,
    "active": true,
    "manufacturer": 1,
    "slug": "ultra-sdhc-micro-64gb",
    "polymorphic_ctype": [
      "myshop",
      "smartcard"
    ]
  },
  "model": "myshop.product",
  "pk": 36
},
{
  "fields": {
    "name": "Ultra PLUS micro SDXC 128GB",
    "created_at": "2015-12-02T17:12:41.668Z",
    "updated_at": "2015-12-02T17:12:41.668Z",
    "order": 45,
    "active": true,
    "manufacturer": 1,
    "slug": "ultra-sdxc-micro-128gb",
    "polymorphic_ctype": [
      "myshop",
      "smartcard"
    ]
  },
  "model": "myshop.product",
  "pk": 38
},
{
  "fields": {
    "name": "Ultra PLUS SDHC 16GB",
    "created_at": "2015-12-02T17:12:41.669Z",
    "updated_at": "2015-12-02T17:12:41.669Z",
    "order": 47,
    "active": true,
    "manufacturer": 1,
    "slug": "ultra-plus-sdhc-16gb",
    "polymorphic_ctype": [
      "myshop",
      "smartcard"
    ]
  },
  "model": "myshop.product",
  "pk": 40
},
{
  "fields": {
    "name": "Ultra PLUS SDHC 32GB",
    "created_at": "2015-12-02T17:12:41.671Z",
    "updated_at": "2015-12-02T17:12:41.671Z",
    "order": 48,
    "active": true,
    "manufacturer": 1,
    "slug": "ultra-plus-sdhc-32gb",
    "polymorphic_ctype": [
      "myshop",
      "smartcard"
    ]
  },
  "model": "myshop.product",
  "pk": 41
},
{
  "fields": {
    "name": "Ultra PLUS SDXC 64GB",
    "created_at": "2015-12-02T17:12:41.674Z",
    "updated_at": "2015-12-02T17:12:41.674Z",
    "order": 50,
    "active": true,
    "manufacturer": 1,
    "slug": "ultra-plus-sdxc-64gb",
    "polymorphic_ctype": [
      "myshop",
      "smartcard"
    ]
  },
  "model": "myshop.product",
  "pk": 43
},
{
  "fields": {
    "name": "Ultra PLUS SDXC 128GB",
    "created_at": "2015-12-02T17:12:41.676Z",
    "updated_at": "2015-12-02T17:12:41.676Z",
    "order": 51,
    "active": true,
    "manufacturer": 1,
    "slug": "ultra-plus-sdxc-128gb",
    "polymorphic_ctype": [
      "myshop",
      "smartcard"
    ]
  },
  "model": "myshop.product",
  "pk": 44
},
{
  "fields": {
    "name": "Kyocera Hydro Edge",
    "created_at": "2015-12-02T21:04:26.252Z",
    "updated_at": "2015-12-03T15:29:27.400Z",
    "order": 4,
    "active": true,
    "manufacturer": 2,
    "slug": "kyocera-hydro-edge",
    "polymorphic_ctype": [
      "myshop",
      "smartphonemodel"
    ]
  },
  "model": "myshop.product",
  "pk": 45
},
{
  "fields": {
    "name": "Nexus 4",
    "created_at": "2015-12-02T22:09:43.400Z",
    "updated_at": "2015-12-03T15:29:37.736Z",
    "order": 5,
    "active": true,
    "manufacturer": 3,
    "slug": "nexus-4",
    "polymorphic_ctype": [
      "myshop",
      "smartphonemodel"
    ]
  },
  "model": "myshop.product",
  "pk": 46
},
{
  "fields": {
    "name": "Galaxy S6 active",
    "created_at": "2015-12-03T16:03:53.228Z",
    "updated_at": "2015-12-03T16:10:31.006Z",
    "order": 3,
    "active": true,
    "manufacturer": 4,
    "slug": "galaxy-s6-active",
    "polymorphic_ctype": [
      "myshop",
      "smartphonemodel"
    ]
  },
  "model": "myshop.product",
  "pk": 47
},
{
  "fields": {
    "name": "Xperia TL",
    "created_at": "2015-12-03T16:17:44.459Z",
    "updated_at": "2015-12-03T16:21:46.150Z",
    "order": 6,
    "active": true,
    "manufacturer": 5,
    "slug": "xperia-tl",
    "polymorphic_ctype": [
      "myshop",
      "smartphonemodel"
    ]
  },
  "model": "myshop.product",
  "pk": 48
},
{
  "fields": {
    "name": "HTC Evo design 4G",
    "created_at": "2015-12-03T16:21:28.116Z",
    "updated_at": "2015-12-03T16:21:54.053Z",
    "order": 7,
    "active": true,
    "manufacturer": 6,
    "slug": "htc-evo-design-4g",
    "polymorphic_ctype": [
      "myshop",
      "smartphonemodel"
    ]
  },
  "model": "myshop.product",
  "pk": 49
},
{
  "fields": {
    "name": "Apple iPhone 5",
    "created_at": "2015-12-03T17:48:14.508Z",
    "updated_at": "2015-12-04T10:52:44.389Z",
    "order": 1,
    "active": true,
    "manufacturer": 7,
    "slug": "apple-iphone-5",
    "polymorphic_ctype": [
      "myshop",
      "smartphonemodel"
    ]
  },
  "model": "myshop.product",
  "pk": 50
},
{
  "fields": {
    "name": "Motorola Atrix",
    "created_at": "2015-12-04T11:00:29.894Z",
    "updated_at": "2015-12-04T11:00:48.141Z",
    "order": 2,
    "active": true,
    "manufacturer": 8,
    "slug": "motorola-atrix",
    "polymorphic_ctype": [
      "myshop",
      "smartphonemodel"
    ]
  },
  "model": "myshop.product",
  "pk": 51
},
{
  "fields": {
    "master": 2,
    "description": "<p>SanDisk SDHC and SDXC memory cards are great choices to capture and store your favorite pictures and videos on standard point and shoot cameras. SanDisk SDHC and SDXC memory cards are compatible with cameras, laptops, tablets, and other devices that support the SDHC and SDXC formats, and are capable of recording hours of HDvideo (720p).\u00a0</p>\n",
    "language_code": "en"
  },
  "model": "myshop.producttranslation",
  "pk": 1
},
{
  "fields": {
    "master": 2,
    "description": "<p>SanDisk SDHC and SDXC memory cards are great choices to capture and store your favorite pictures and videos on standard point and shoot cameras. SanDisk SDHC and SDXC memory cards are compatible with cameras, laptops, tablets, and other devices that support the SDHC and SDXC formats, and are capable of recording hours of HD&nbsp;video (720p).&nbsp;</p>\r\n",
    "language_code": "de"
  },
  "model": "myshop.producttranslation",
  "pk": 2
},
{
  "fields": {
    "master": 3,
    "description": "<p>SanDisk SDHC and SDXC memory cards are great choices to capture and store your favorite pictures and videos on standard point and shoot cameras. SanDisk SDHC and SDXC memory cards are compatible with cameras, laptops, tablets, and other devices that support the SDHC and SDXC formats, and are capable of recording hours of HDvideo (720p).\u00a0</p>\n",
    "language_code": "en"
  },
  "model": "myshop.producttranslation",
  "pk": 3
},
{
  "fields": {
    "master": 3,
    "description": "<p>SanDisk SDHC and SDXC memory cards are great choices to capture and store your favorite pictures and videos on standard point and shoot cameras. SanDisk SDHC and SDXC memory cards are compatible with cameras, laptops, tablets, and other devices that support the SDHC and SDXC formats, and are capable of recording hours of HD&nbsp;video (720p).&nbsp;</p>\r\n",
    "language_code": "de"
  },
  "model": "myshop.producttranslation",
  "pk": 4
},
{
  "fields": {
    "master": 4,
    "description": "<p>SanDisk SDHC and SDXC memory cards are great choices to capture and store your favorite pictures and videos on standard point and shoot cameras. SanDisk SDHC and SDXC memory cards are compatible with cameras, laptops, tablets, and other devices that support the SDHC and SDXC formats, and are capable of recording hours of HDvideo (720p).\u00a0</p>\n",
    "language_code": "en"
  },
  "model": "myshop.producttranslation",
  "pk": 5
},
{
  "fields": {
    "master": 4,
    "description": "<p>SanDisk SDHC and SDXC memory cards are great choices to capture and store your favorite pictures and videos on standard point and shoot cameras. SanDisk SDHC and SDXC memory cards are compatible with cameras, laptops, tablets, and other devices that support the SDHC and SDXC formats, and are capable of recording hours of HD&nbsp;video (720p).&nbsp;</p>\r\n",
    "language_code": "de"
  },
  "model": "myshop.producttranslation",
  "pk": 6
},
{
  "fields": {
    "master": 5,
    "description": "<p>SanDisk SDHC and SDXC memory cards are great choices to capture and store your favorite pictures and videos on standard point and shoot cameras. SanDisk SDHC and SDXC memory cards are compatible with cameras, laptops, tablets, and other devices that support the SDHC and SDXC formats, and are capable of recording hours of HDvideo (720p).\u00a0</p>\n",
    "language_code": "en"
  },
  "model": "myshop.producttranslation",
  "pk": 7
},
{
  "fields": {
    "master": 5,
    "description": "<p>SanDisk SDHC and SDXC memory cards are great choices to capture and store your favorite pictures and videos on standard point and shoot cameras. SanDisk SDHC and SDXC memory cards are compatible with cameras, laptops, tablets, and other devices that support the SDHC and SDXC formats, and are capable of recording hours of HDvideo (720p).\u00a0</p>\n",
    "language_code": "de"
  },
  "model": "myshop.producttranslation",
  "pk": 8
},
{
  "fields": {
    "master": 6,
    "description": "<p>Extreme sports require extreme readiness. SanDisk Extreme PLUS microSDHC and microSDXC UHS-I cards deliver the speed, capacity, durability, and quality you need to make sure your adventure is captured in stunning detail, even if you blink on the way down. Now rated UHS Speed Class 3 (U3)2, this fast, high-performing card teams up with your action camera to let you capture and share unforgettable extreme sports video. Available in capacities from 16GB to 64GB.</p>\n",
    "language_code": "en"
  },
  "model": "myshop.producttranslation",
  "pk": 9
},
{
  "fields": {
    "master": 6,
    "description": "<p>Extreme sports require extreme readiness. SanDisk Extreme PLUS microSDHC and microSDXC UHS-I cards deliver the speed, capacity, durability, and quality you need to make sure your adventure is captured in stunning detail, even if you blink on the way down. Now rated UHS Speed Class 3 (U3)2, this fast, high-performing card teams up with your action camera to let you capture and share unforgettable extreme sports video. Available in capacities from 16GB to 64GB.</p>\n",
    "language_code": "de"
  },
  "model": "myshop.producttranslation",
  "pk": 10
},
{
  "fields": {
    "master": 7,
    "description": "<p>Extreme sports require extreme readiness. SanDisk Extreme PLUS microSDHC and microSDXC UHS-I cards deliver the speed, capacity, durability, and quality you need to make sure your adventure is captured in stunning detail, even if you blink on the way down. Now rated UHS Speed Class 3 (U3)2, this fast, high-performing card teams up with your action camera to let you capture and share unforgettable extreme sports video. Available in capacities from 16GB to 64GB.</p>\n",
    "language_code": "en"
  },
  "model": "myshop.producttranslation",
  "pk": 11
},
{
  "fields": {
    "master": 7,
    "description": "<p>Extreme sports require extreme readiness. SanDisk Extreme PLUS microSDHC and microSDXC UHS-I cards deliver the speed, capacity, durability, and quality you need to make sure your adventure is captured in stunning detail, even if you blink on the way down. Now rated UHS Speed Class 3 (U3)2, this fast, high-performing card teams up with your action camera to let you capture and share unforgettable extreme sports video. Available in capacities from 16GB to 64GB.</p>\n",
    "language_code": "de"
  },
  "model": "myshop.producttranslation",
  "pk": 12
},
{
  "fields": {
    "master": 8,
    "description": "<p>Extreme sports require extreme readiness. SanDisk Extreme PLUS microSDHC and microSDXC UHS-I cards deliver the speed, capacity, durability, and quality you need to make sure your adventure is captured in stunning detail, even if you blink on the way down. Now rated UHS Speed Class 3 (U3)2, this fast, high-performing card teams up with your action camera to let you capture and share unforgettable extreme sports video. Available in capacities from 16GB to 64GB.</p>\n",
    "language_code": "en"
  },
  "model": "myshop.producttranslation",
  "pk": 13
},
{
  "fields": {
    "master": 8,
    "description": "<p>Extreme sports require extreme readiness. SanDisk Extreme PLUS microSDHC and microSDXC UHS-I cards deliver the speed, capacity, durability, and quality you need to make sure your adventure is captured in stunning detail, even if you blink on the way down. Now rated UHS Speed Class 3 (U3)2, this fast, high-performing card teams up with your action camera to let you capture and share unforgettable extreme sports video. Available in capacities from 16GB to 64GB.</p>\n",
    "language_code": "de"
  },
  "model": "myshop.producttranslation",
  "pk": 14
},
{
  "fields": {
    "master": 9,
    "description": "<p>SanDisk Extreme PLUS SDHC and SDXC UHS-I memory cards offer enough speed, capacity, and durability to meet the demands of advanced photographers and passionate shutterbugs alike. Ideal for use with advanced cameras and HD camcorders, this card offers data speeds up to ten times faster than an ordinary memory card1 ensuring you'll never miss the moment.</p>",
    "language_code": "en"
  },
  "model": "myshop.producttranslation",
  "pk": 15
},
{
  "fields": {
    "master": 9,
    "description": "<p>SanDisk Extreme PLUS SDHC and SDXC UHS-I memory cards offer enough speed, capacity, and durability to meet the demands of advanced photographers and passionate shutterbugs alike. Ideal for use with advanced cameras and HD camcorders, this card offers data speeds up to ten times faster than an ordinary memory card1 ensuring you&#39;ll never miss the moment.</p>\r\n",
    "language_code": "de"
  },
  "model": "myshop.producttranslation",
  "pk": 16
},
{
  "fields": {
    "master": 10,
    "description": "<p>SanDisk Extreme PLUS SDHC and SDXC UHS-I memory cards offer enough speed, capacity, and durability to meet the demands of advanced photographers and passionate shutterbugs alike. Ideal for use with advanced cameras and HD camcorders, this card offers data speeds up to ten times faster than an ordinary memory card1 ensuring you'll never miss the moment.</p>",
    "language_code": "en"
  },
  "model": "myshop.producttranslation",
  "pk": 17
},
{
  "fields": {
    "master": 10,
    "description": "<p>SanDisk Extreme PLUS SDHC and SDXC UHS-I memory cards offer enough speed, capacity, and durability to meet the demands of advanced photographers and passionate shutterbugs alike. Ideal for use with advanced cameras and HD camcorders, this card offers data speeds up to ten times faster than an ordinary memory card1 ensuring you&#39;ll never miss the moment.</p>\r\n",
    "language_code": "de"
  },
  "model": "myshop.producttranslation",
  "pk": 18
},
{
  "fields": {
    "master": 11,
    "description": "<p>SanDisk Extreme PLUS SDHC and SDXC UHS-I memory cards offer enough speed, capacity, and durability to meet the demands of advanced photographers and passionate shutterbugs alike. Ideal for use with advanced cameras and HD camcorders, this card offers data speeds up to ten times faster than an ordinary memory card1 ensuring you'll never miss the moment.</p>",
    "language_code": "en"
  },
  "model": "myshop.producttranslation",
  "pk": 19
},
{
  "fields": {
    "master": 11,
    "description": "<p>SanDisk Extreme PLUS SDHC and SDXC UHS-I memory cards offer enough speed, capacity, and durability to meet the demands of advanced photographers and passionate shutterbugs alike. Ideal for use with advanced cameras and HD camcorders, this card offers data speeds up to ten times faster than an ordinary memory card1 ensuring you&#39;ll never miss the moment.</p>\r\n",
    "language_code": "de"
  },
  "model": "myshop.producttranslation",
  "pk": 20
},
{
  "fields": {
    "master": 12,
    "description": "<p>SanDisk Extreme PRO microSDHC/microSDXC UHS-I memory cards now come with up to 64GB1 of storage for uncompromising smartphone, tablet and camera performance. Capture 4K Ultra HD and Full HD videos2 and enjoy transfer speeds of up to 95MB/s3 so you can shoot like a pro and still experience world-class responsiveness from your phone. Class 10 and UHS Speed Class 3 (U3)4 ratings mean your videos can meet today's highest resolution standards.</p>\n",
    "language_code": "en"
  },
  "model": "myshop.producttranslation",
  "pk": 21
},
{
  "fields": {
    "master": 12,
    "description": "<p>SanDisk Extreme PRO microSDHC/microSDXC UHS-I memory cards now come with up to 64GB1 of storage for uncompromising smartphone, tablet and camera performance. Capture 4K Ultra HD and Full HD videos2 and enjoy transfer speeds of up to 95MB/s3 so you can shoot like a pro and still experience world-class responsiveness from your phone. Class 10 and UHS Speed Class 3 (U3)4 ratings mean your videos can meet today's highest resolution standards.</p>\n",
    "language_code": "de"
  },
  "model": "myshop.producttranslation",
  "pk": 22
},
{
  "fields": {
    "master": 13,
    "description": "<p>SanDisk Extreme PRO microSDHC/microSDXC UHS-I memory cards now come with up to 64GB1 of storage for uncompromising smartphone, tablet and camera performance. Capture 4K Ultra HD and Full HD videos2 and enjoy transfer speeds of up to 95MB/s3 so you can shoot like a pro and still experience world-class responsiveness from your phone. Class 10 and UHS Speed Class 3 (U3)4 ratings mean your videos can meet today's highest resolution standards.</p>",
    "language_code": "en"
  },
  "model": "myshop.producttranslation",
  "pk": 23
},
{
  "fields": {
    "master": 13,
    "description": "<p>SanDisk Extreme PRO microSDHC/microSDXC UHS-I memory cards now come with up to 64GB1 of storage for uncompromising smartphone, tablet and camera performance. Capture 4K Ultra HD and Full HD videos2 and enjoy transfer speeds of up to 95MB/s3 so you can shoot like a pro and still experience world-class responsiveness from your phone. Class 10 and UHS Speed Class 3 (U3)4 ratings mean your videos can meet today&#39;s highest resolution standards.</p>\r\n",
    "language_code": "de"
  },
  "model": "myshop.producttranslation",
  "pk": 24
},
{
  "fields": {
    "master": 14,
    "description": "<p>With write speeds up to 90 MB/s1 and recording at the UHS Speed Class 3 (U3)2 . Our most powerful, highest capacity UHS-I SD memory card enables your DSLR, advanced digital or HD video camera3 to deliver high resolution, real-world color and stutter-free video. Transfer speeds up to 95 MB/s1 ensure that your data moves fast for a more efficient post-production workflow.</p>\n",
    "language_code": "en"
  },
  "model": "myshop.producttranslation",
  "pk": 25
},
{
  "fields": {
    "master": 14,
    "description": "<p>With write speeds up to 90 MB/s1 and recording at the UHS Speed Class 3 (U3)2 . Our most powerful, highest capacity UHS-I SD memory card enables your DSLR, advanced digital or HD video camera3 to deliver high resolution, real-world color and stutter-free video. Transfer speeds up to 95 MB/s1 ensure that your data moves fast for a more efficient post-production workflow.</p>\n",
    "language_code": "de"
  },
  "model": "myshop.producttranslation",
  "pk": 26
},
{
  "fields": {
    "master": 15,
    "description": "<p>With write speeds up to 90 MB/s1 and recording at the UHS Speed Class 3 (U3)2 . Our most powerful, highest capacity UHS-I SD memory card enables your DSLR, advanced digital or HD video camera3 to deliver high resolution, real-world color and stutter-free video. Transfer speeds up to 95 MB/s1 ensure that your data moves fast for a more efficient post-production workflow.</p>\n",
    "language_code": "en"
  },
  "model": "myshop.producttranslation",
  "pk": 27
},
{
  "fields": {
    "master": 15,
    "description": "<p>With write speeds up to 90 MB/s1 and recording at the UHS Speed Class 3 (U3)2 . Our most powerful, highest capacity UHS-I SD memory card enables your DSLR, advanced digital or HD video camera3 to deliver high resolution, real-world color and stutter-free video. Transfer speeds up to 95 MB/s1 ensure that your data moves fast for a more efficient post-production workflow.</p>\r\n",
    "language_code": "de"
  },
  "model": "myshop.producttranslation",
  "pk": 28
},
{
  "fields": {
    "master": 16,
    "description": "<p>With write speeds up to 90 MB/s1 and recording at the UHS Speed Class 3 (U3)2 . Our most powerful, highest capacity UHS-I SD memory card enables your DSLR, advanced digital or HD video camera3 to deliver high resolution, real-world color and stutter-free video. Transfer speeds up to 95 MB/s1 ensure that your data moves fast for a more efficient post-production workflow.</p>\n",
    "language_code": "en"
  },
  "model": "myshop.producttranslation",
  "pk": 29
},
{
  "fields": {
    "master": 16,
    "description": "<p>With write speeds up to 90 MB/s1 and recording at the UHS Speed Class 3 (U3)2 . Our most powerful, highest capacity UHS-I SD memory card enables your DSLR, advanced digital or HD video camera3 to deliver high resolution, real-world color and stutter-free video. Transfer speeds up to 95 MB/s1 ensure that your data moves fast for a more efficient post-production workflow.</p>\r\n",
    "language_code": "de"
  },
  "model": "myshop.producttranslation",
  "pk": 30
},
{
  "fields": {
    "master": 17,
    "description": "<p>With write speeds up to 90 MB/s1 and recording at the UHS Speed Class 3 (U3)2 . Our most powerful, highest capacity UHS-I SD memory card enables your DSLR, advanced digital or HD video camera3 to deliver high resolution, real-world color and stutter-free video. Transfer speeds up to 95 MB/s1 ensure that your data moves fast for a more efficient post-production workflow.</p>",
    "language_code": "en"
  },
  "model": "myshop.producttranslation",
  "pk": 31
},
{
  "fields": {
    "master": 17,
    "description": "<p>With write speeds up to 90 MB/s1 and recording at the UHS Speed Class 3 (U3)2 . Our most powerful, highest capacity UHS-I SD memory card enables your DSLR, advanced digital or HD video camera3 to deliver high resolution, real-world color and stutter-free video. Transfer speeds up to 95 MB/s1 ensure that your data moves fast for a more efficient post-production workflow.</p>\r\n",
    "language_code": "de"
  },
  "model": "myshop.producttranslation",
  "pk": 32
},
{
  "fields": {
    "master": 18,
    "description": "<p>With write speeds up to 90 MB/s1 and recording at the UHS Speed Class 3 (U3)2 . Our most powerful, highest capacity UHS-I SD memory card enables your DSLR, advanced digital or HD video camera3 to deliver high resolution, real-world color and stutter-free video. Transfer speeds up to 95 MB/s1 ensure that your data moves fast for a more efficient post-production workflow.</p>",
    "language_code": "en"
  },
  "model": "myshop.producttranslation",
  "pk": 33
},
{
  "fields": {
    "master": 18,
    "description": "<p>With write speeds up to 90 MB/s1 and recording at the UHS Speed Class 3 (U3)2 . Our most powerful, highest capacity UHS-I SD memory card enables your DSLR, advanced digital or HD video camera3 to deliver high resolution, real-world color and stutter-free video. Transfer speeds up to 95 MB/s1 ensure that your data moves fast for a more efficient post-production workflow.</p>\r\n",
    "language_code": "de"
  },
  "model": "myshop.producttranslation",
  "pk": 34
},
{
  "fields": {
    "master": 19,
    "description": "<p>With write speeds up to 90 MB/s1 and recording at the UHS Speed Class 3 (U3)2 . Our most powerful, highest capacity UHS-I SD memory card enables your DSLR, advanced digital or HD video camera3 to deliver high resolution, real-world color and stutter-free video. Transfer speeds up to 95 MB/s1 ensure that your data moves fast for a more efficient post-production workflow.</p>",
    "language_code": "en"
  },
  "model": "myshop.producttranslation",
  "pk": 35
},
{
  "fields": {
    "master": 19,
    "description": "<p>With write speeds up to 90 MB/s1 and recording at the UHS Speed Class 3 (U3)2 . Our most powerful, highest capacity UHS-I SD memory card enables your DSLR, advanced digital or HD video camera3 to deliver high resolution, real-world color and stutter-free video. Transfer speeds up to 95 MB/s1 ensure that your data moves fast for a more efficient post-production workflow.</p>\r\n",
    "language_code": "de"
  },
  "model": "myshop.producttranslation",
  "pk": 36
},
{
  "fields": {
    "master": 20,
    "description": "<p>Our fastest SDHC/SDXC memory cards, the SanDisk Extreme PRO SDHC/SDXC UHS-II Memory Cards offer uncompromising read and write speeds professional photographers and videographers require. This memory card delivers exceptional read speeds of up to 280MB/s1 for maximum efficiency and write speeds of up to 250MB/s1 to handle all your camera's advanced modes. Optimized for cameras that support the new UHS-II standard, the card has a UHS Speed Class 3 Rating, the highest available to support 4K, Full HD, and 3D video recording2. And with capacities from 16GB to 64GB3 you\u2019ll never have to worry about running out of space.</p>\n",
    "language_code": "en"
  },
  "model": "myshop.producttranslation",
  "pk": 37
},
{
  "fields": {
    "master": 20,
    "description": "<p>Our fastest SDHC/SDXC memory cards, the SanDisk Extreme PRO SDHC/SDXC UHS-II Memory Cards offer uncompromising read and write speeds professional photographers and videographers require. This memory card delivers exceptional read speeds of up to 280MB/s1 for maximum efficiency and write speeds of up to 250MB/s1 to handle all your camera's advanced modes. Optimized for cameras that support the new UHS-II standard, the card has a UHS Speed Class 3 Rating, the highest available to support 4K, Full HD, and 3D video recording2. And with capacities from 16GB to 64GB3 you\u2019ll never have to worry about running out of space.</p>\n",
    "language_code": "de"
  },
  "model": "myshop.producttranslation",
  "pk": 38
},
{
  "fields": {
    "master": 21,
    "description": "<p>Our fastest SDHC/SDXC memory cards, the SanDisk Extreme PRO SDHC/SDXC UHS-II Memory Cards offer uncompromising read and write speeds professional photographers and videographers require. This memory card delivers exceptional read speeds of up to 280MB/s1 for maximum efficiency and write speeds of up to 250MB/s1 to handle all your camera's advanced modes. Optimized for cameras that support the new UHS-II standard, the card has a UHS Speed Class 3 Rating, the highest available to support 4K, Full HD, and 3D video recording2. And with capacities from 16GB to 64GB3 you\u2019ll never have to worry about running out of space.</p>",
    "language_code": "en"
  },
  "model": "myshop.producttranslation",
  "pk": 39
},
{
  "fields": {
    "master": 21,
    "description": "<p>Our fastest SDHC/SDXC memory cards, the SanDisk Extreme PRO SDHC/SDXC UHS-II Memory Cards offer uncompromising read and write speeds professional photographers and videographers require. This memory card delivers exceptional read speeds of up to 280MB/s1 for maximum efficiency and write speeds of up to 250MB/s1 to handle all your camera&#39;s advanced modes. Optimized for cameras that support the new UHS-II standard, the card has a UHS Speed Class 3 Rating, the highest available to support 4K, Full HD, and 3D video recording2. And with capacities from 16GB to 64GB3 you&rsquo;ll never have to worry about running out of space.</p>\r\n",
    "language_code": "de"
  },
  "model": "myshop.producttranslation",
  "pk": 40
},
{
  "fields": {
    "master": 22,
    "description": "<p>Our fastest SDHC/SDXC memory cards, the SanDisk Extreme PRO SDHC/SDXC UHS-II Memory Cards offer uncompromising read and write speeds professional photographers and videographers require. This memory card delivers exceptional read speeds of up to 280MB/s1 for maximum efficiency and write speeds of up to 250MB/s1 to handle all your camera's advanced modes. Optimized for cameras that support the new UHS-II standard, the card has a UHS Speed Class 3 Rating, the highest available to support 4K, Full HD, and 3D video recording2. And with capacities from 16GB to 64GB3 you\u2019ll never have to worry about running out of space.</p>",
    "language_code": "en"
  },
  "model": "myshop.producttranslation",
  "pk": 41
},
{
  "fields": {
    "master": 22,
    "description": "<p>Our fastest SDHC/SDXC memory cards, the SanDisk Extreme PRO SDHC/SDXC UHS-II Memory Cards offer uncompromising read and write speeds professional photographers and videographers require. This memory card delivers exceptional read speeds of up to 280MB/s1 for maximum efficiency and write speeds of up to 250MB/s1 to handle all your camera&#39;s advanced modes. Optimized for cameras that support the new UHS-II standard, the card has a UHS Speed Class 3 Rating, the highest available to support 4K, Full HD, and 3D video recording2. And with capacities from 16GB to 64GB3 you&rsquo;ll never have to worry about running out of space.</p>\r\n",
    "language_code": "de"
  },
  "model": "myshop.producttranslation",
  "pk": 42
},
{
  "fields": {
    "master": 23,
    "description": "<p>Built to stand up to hours of Full HD1 video recording, the SanDisk High Endurance Video Monitoring microSDHC and microSDXC Memory Cards provide the capacity, performance and exceptional reliability today\u2019s home security and dash cams demand. They\u2019re also protected against extreme temperatures, shock, water and x-rays2, so you can be confident the evidence is there when you need it. SanDisk High Endurance Video Monitoring Cards are available in capacities of 32GB and 64GB.</p>",
    "language_code": "en"
  },
  "model": "myshop.producttranslation",
  "pk": 43
},
{
  "fields": {
    "master": 23,
    "description": "<p>Built to stand up to hours of Full HD1 video recording, the SanDisk High Endurance Video Monitoring microSDHC and microSDXC Memory Cards provide the capacity, performance and exceptional reliability today&rsquo;s home security and dash cams demand. They&rsquo;re also protected against extreme temperatures, shock, water and x-rays2, so you can be confident the evidence is there when you need it. SanDisk High Endurance Video Monitoring Cards are available in capacities of 32GB and 64GB.</p>\r\n",
    "language_code": "de"
  },
  "model": "myshop.producttranslation",
  "pk": 44
},
{
  "fields": {
    "master": 24,
    "description": "<p>Built to stand up to hours of Full HD1 video recording, the SanDisk High Endurance Video Monitoring microSDHC and microSDXC Memory Cards provide the capacity, performance and exceptional reliability today\u2019s home security and dash cams demand. They\u2019re also protected against extreme temperatures, shock, water and x-rays2, so you can be confident the evidence is there when you need it. SanDisk High Endurance Video Monitoring Cards are available in capacities of 32GB and 64GB.</p>",
    "language_code": "en"
  },
  "model": "myshop.producttranslation",
  "pk": 45
},
{
  "fields": {
    "master": 24,
    "description": "<p>Built to stand up to hours of Full HD1 video recording, the SanDisk High Endurance Video Monitoring microSDHC and microSDXC Memory Cards provide the capacity, performance and exceptional reliability today&rsquo;s home security and dash cams demand. They&rsquo;re also protected against extreme temperatures, shock, water and x-rays2, so you can be confident the evidence is there when you need it. SanDisk High Endurance Video Monitoring Cards are available in capacities of 32GB and 64GB.</p>\r\n",
    "language_code": "de"
  },
  "model": "myshop.producttranslation",
  "pk": 46
},
{
  "fields": {
    "master": 25,
    "description": "<p>Store lots of photos and Full HD videos\u2014and transfer them quickly to your computer\u2014using SanDisk Ultra SDXC and SDHC UHS-I Memory Cards. Great for compact-to-midrange point-and-shoot digital cameras and camcorders, these memory cards offer read speeds of up to 40 MB/s and are twice as fast as ordinary SDHC cards, allowing you to take pictures and transfer files quickly. SanDisk Ultra SDXC and SDHC UHS-I Memory Cards come with up to 128 GB of storage and are resistant to water, extreme temperatures, x-rays, and shocks. A label allows you to note what's on the card for easy identification.</p>\n",
    "language_code": "en"
  },
  "model": "myshop.producttranslation",
  "pk": 47
},
{
  "fields": {
    "master": 25,
    "description": "<p>Store lots of photos and Full HD videos\u2014and transfer them quickly to your computer\u2014using SanDisk Ultra SDXC and SDHC UHS-I Memory Cards. Great for compact-to-midrange point-and-shoot digital cameras and camcorders, these memory cards offer read speeds of up to 40 MB/s and are twice as fast as ordinary SDHC cards, allowing you to take pictures and transfer files quickly. SanDisk Ultra SDXC and SDHC UHS-I Memory Cards come with up to 128 GB of storage and are resistant to water, extreme temperatures, x-rays, and shocks. A label allows you to note what's on the card for easy identification.</p>\n",
    "language_code": "de"
  },
  "model": "myshop.producttranslation",
  "pk": 48
},
{
  "fields": {
    "master": 26,
    "description": "<p>Store lots of photos and Full HD videos\u2014and transfer them quickly to your computer\u2014using SanDisk Ultra SDXC and SDHC UHS-I Memory Cards. Great for compact-to-midrange point-and-shoot digital cameras and camcorders, these memory cards offer read speeds of up to 40 MB/s and are twice as fast as ordinary SDHC cards, allowing you to take pictures and transfer files quickly. SanDisk Ultra SDXC and SDHC UHS-I Memory Cards come with up to 128 GB of storage and are resistant to water, extreme temperatures, x-rays, and shocks. A label allows you to note what's on the card for easy identification.</p>\n",
    "language_code": "en"
  },
  "model": "myshop.producttranslation",
  "pk": 49
},
{
  "fields": {
    "master": 26,
    "description": "<p>Store lots of photos and Full HD videos\u2014and transfer them quickly to your computer\u2014using SanDisk Ultra SDXC and SDHC UHS-I Memory Cards. Great for compact-to-midrange point-and-shoot digital cameras and camcorders, these memory cards offer read speeds of up to 40 MB/s and are twice as fast as ordinary SDHC cards, allowing you to take pictures and transfer files quickly. SanDisk Ultra SDXC and SDHC UHS-I Memory Cards come with up to 128 GB of storage and are resistant to water, extreme temperatures, x-rays, and shocks. A label allows you to note what's on the card for easy identification.</p>\n",
    "language_code": "de"
  },
  "model": "myshop.producttranslation",
  "pk": 50
},
{
  "fields": {
    "master": 27,
    "description": "<p>Store lots of photos and Full HD videos\u2014and transfer them quickly to your computer\u2014using SanDisk Ultra SDXC and SDHC UHS-I Memory Cards. Great for compact-to-midrange point-and-shoot digital cameras and camcorders, these memory cards offer read speeds of up to 40 MB/s and are twice as fast as ordinary SDHC cards, allowing you to take pictures and transfer files quickly. SanDisk Ultra SDXC and SDHC UHS-I Memory Cards come with up to 128 GB of storage and are resistant to water, extreme temperatures, x-rays, and shocks. A label allows you to note what's on the card for easy identification.</p>\n",
    "language_code": "en"
  },
  "model": "myshop.producttranslation",
  "pk": 51
},
{
  "fields": {
    "master": 27,
    "description": "<p>Store lots of photos and Full HD videos\u2014and transfer them quickly to your computer\u2014using SanDisk Ultra SDXC and SDHC UHS-I Memory Cards. Great for compact-to-midrange point-and-shoot digital cameras and camcorders, these memory cards offer read speeds of up to 40 MB/s and are twice as fast as ordinary SDHC cards, allowing you to take pictures and transfer files quickly. SanDisk Ultra SDXC and SDHC UHS-I Memory Cards come with up to 128 GB of storage and are resistant to water, extreme temperatures, x-rays, and shocks. A label allows you to note what's on the card for easy identification.</p>\n",
    "language_code": "de"
  },
  "model": "myshop.producttranslation",
  "pk": 52
},
{
  "fields": {
    "master": 28,
    "description": "<p>Store lots of photos and Full HD videos\u2014and transfer them quickly to your computer\u2014using SanDisk Ultra SDXC and SDHC UHS-I Memory Cards. Great for compact-to-midrange point-and-shoot digital cameras and camcorders, these memory cards offer read speeds of up to 40 MB/s and are twice as fast as ordinary SDHC cards, allowing you to take pictures and transfer files quickly. SanDisk Ultra SDXC and SDHC UHS-I Memory Cards come with up to 128 GB of storage and are resistant to water, extreme temperatures, x-rays, and shocks. A label allows you to note what's on the card for easy identification.</p>\n",
    "language_code": "en"
  },
  "model": "myshop.producttranslation",
  "pk": 53
},
{
  "fields": {
    "master": 28,
    "description": "<p>Store lots of photos and Full HD videos\u2014and transfer them quickly to your computer\u2014using SanDisk Ultra SDXC and SDHC UHS-I Memory Cards. Great for compact-to-midrange point-and-shoot digital cameras and camcorders, these memory cards offer read speeds of up to 40 MB/s and are twice as fast as ordinary SDHC cards, allowing you to take pictures and transfer files quickly. SanDisk Ultra SDXC and SDHC UHS-I Memory Cards come with up to 128 GB of storage and are resistant to water, extreme temperatures, x-rays, and shocks. A label allows you to note what's on the card for easy identification.</p>\n",
    "language_code": "de"
  },
  "model": "myshop.producttranslation",
  "pk": 54
},
{
  "fields": {
    "master": 29,
    "description": "<p>Store lots of photos and Full HD videos\u2014and transfer them quickly to your computer\u2014using SanDisk Ultra SDXC and SDHC UHS-I Memory Cards. Great for compact-to-midrange point-and-shoot digital cameras and camcorders, these memory cards offer read speeds of up to 40 MB/s and are twice as fast as ordinary SDHC cards, allowing you to take pictures and transfer files quickly. SanDisk Ultra SDXC and SDHC UHS-I Memory Cards come with up to 128 GB of storage and are resistant to water, extreme temperatures, x-rays, and shocks. A label allows you to note what's on the card for easy identification.</p>\n",
    "language_code": "en"
  },
  "model": "myshop.producttranslation",
  "pk": 55
},
{
  "fields": {
    "master": 29,
    "description": "<p>Store lots of photos and Full HD videos\u2014and transfer them quickly to your computer\u2014using SanDisk Ultra SDXC and SDHC UHS-I Memory Cards. Great for compact-to-midrange point-and-shoot digital cameras and camcorders, these memory cards offer read speeds of up to 40 MB/s and are twice as fast as ordinary SDHC cards, allowing you to take pictures and transfer files quickly. SanDisk Ultra SDXC and SDHC UHS-I Memory Cards come with up to 128 GB of storage and are resistant to water, extreme temperatures, x-rays, and shocks. A label allows you to note what's on the card for easy identification.</p>\n",
    "language_code": "de"
  },
  "model": "myshop.producttranslation",
  "pk": 56
},
{
  "fields": {
    "master": 31,
    "description": "<p>Take better pictures and Full HD videos with your compact to mid-range point and shoot camera or camcorder. With SanDisk Ultra\u00ae UHS-I cards you\u2019ll benefit from faster downloads and better performance to capture and store up to 64GB of high quality pictures and Full HD video. Take advantage of ultra-fast read speeds of up to 30MB/s to save time moving photos and videos from the card to your computer.</p>\n",
    "language_code": "en"
  },
  "model": "myshop.producttranslation",
  "pk": 57
},
{
  "fields": {
    "master": 31,
    "description": "<p>Take better pictures and Full HD videos with your compact to mid-range point and shoot camera or camcorder. With SanDisk Ultra\u00ae UHS-I cards you\u2019ll benefit from faster downloads and better performance to capture and store up to 64GB of high quality pictures and Full HD video. Take advantage of ultra-fast read speeds of up to 30MB/s to save time moving photos and videos from the card to your computer.</p>\n",
    "language_code": "de"
  },
  "model": "myshop.producttranslation",
  "pk": 58
},
{
  "fields": {
    "master": 32,
    "description": "<p>Take better pictures and Full HD videos with your compact to mid-range point and shoot camera or camcorder. With SanDisk Ultra\u00ae UHS-I cards you\u2019ll benefit from faster downloads and better performance to capture and store up to 64GB of high quality pictures and Full HD video. Take advantage of ultra-fast read speeds of up to 30MB/s to save time moving photos and videos from the card to your computer.</p>\n",
    "language_code": "en"
  },
  "model": "myshop.producttranslation",
  "pk": 59
},
{
  "fields": {
    "master": 32,
    "description": "<p>Take better pictures and Full HD videos with your compact to mid-range point and shoot camera or camcorder. With SanDisk Ultra\u00ae UHS-I cards you\u2019ll benefit from faster downloads and better performance to capture and store up to 64GB of high quality pictures and Full HD video. Take advantage of ultra-fast read speeds of up to 30MB/s to save time moving photos and videos from the card to your computer.</p>\n",
    "language_code": "de"
  },
  "model": "myshop.producttranslation",
  "pk": 60
},
{
  "fields": {
    "master": 33,
    "description": "<p>Take better pictures and Full HD videos with your compact to mid-range point and shoot camera or camcorder. With SanDisk Ultra\u00ae UHS-I cards you\u2019ll benefit from faster downloads and better performance to capture and store up to 64GB of high quality pictures and Full HD video. Take advantage of ultra-fast read speeds of up to 30MB/s to save time moving photos and videos from the card to your computer.</p>\n",
    "language_code": "en"
  },
  "model": "myshop.producttranslation",
  "pk": 61
},
{
  "fields": {
    "master": 33,
    "description": "<p>Take better pictures and Full HD videos with your compact to mid-range point and shoot camera or camcorder. With SanDisk Ultra\u00ae UHS-I cards you\u2019ll benefit from faster downloads and better performance to capture and store up to 64GB of high quality pictures and Full HD video. Take advantage of ultra-fast read speeds of up to 30MB/s to save time moving photos and videos from the card to your computer.</p>\n",
    "language_code": "de"
  },
  "model": "myshop.producttranslation",
  "pk": 62
},
{
  "fields": {
    "master": 34,
    "description": "<p>Shoot and save more high-quality photos and Full HD video2 on your Android smartphone or tablet with SanDisk Ultra PLUS microSDHC\u2122 and microSDXC\u2122 UHS-I Cards. With storage capacities up to 128GB3, you can take more photos and videos without worrying about running out of space.</p>\n",
    "language_code": "en"
  },
  "model": "myshop.producttranslation",
  "pk": 63
},
{
  "fields": {
    "master": 34,
    "description": "<p>Shoot and save more high-quality photos and Full HD video2 on your Android smartphone or tablet with SanDisk Ultra PLUS microSDHC\u2122 and microSDXC\u2122 UHS-I Cards. With storage capacities up to 128GB3, you can take more photos and videos without worrying about running out of space.</p>\n",
    "language_code": "de"
  },
  "model": "myshop.producttranslation",
  "pk": 64
},
{
  "fields": {
    "master": 35,
    "description": "<p>Shoot and save more high-quality photos and Full HD video2 on your Android smartphone or tablet with SanDisk Ultra PLUS microSDHC\u2122 and microSDXC\u2122 UHS-I Cards. With storage capacities up to 128GB3, you can take more photos and videos without worrying about running out of space.</p>\n",
    "language_code": "en"
  },
  "model": "myshop.producttranslation",
  "pk": 65
},
{
  "fields": {
    "master": 35,
    "description": "<p>Shoot and save more high-quality photos and Full HD video2 on your Android smartphone or tablet with SanDisk Ultra PLUS microSDHC\u2122 and microSDXC\u2122 UHS-I Cards. With storage capacities up to 128GB3, you can take more photos and videos without worrying about running out of space.</p>\n",
    "language_code": "de"
  },
  "model": "myshop.producttranslation",
  "pk": 66
},
{
  "fields": {
    "master": 36,
    "description": "<p>Shoot and save more high-quality photos and Full HD video on your Android smartphone or tablet with SanDisk Ultra PLUS microSDHC\u2122 and microSDXC\u2122 UHS-I Cards. With storage capacities up to 128GB3, you can take more photos and videos without worrying about running out of space.</p>\n",
    "language_code": "en"
  },
  "model": "myshop.producttranslation",
  "pk": 67
},
{
  "fields": {
    "master": 36,
    "description": "<p>Shoot and save more high-quality photos and Full HD video on your Android smartphone or tablet with SanDisk Ultra PLUS microSDHC\u2122 and microSDXC\u2122 UHS-I Cards. With storage capacities up to 128GB3, you can take more photos and videos without worrying about running out of space.</p>\n",
    "language_code": "de"
  },
  "model": "myshop.producttranslation",
  "pk": 68
},
{
  "fields": {
    "master": 38,
    "description": "<p>Shoot and save more high-quality photos and Full HD video on your Android smartphone or tablet with SanDisk Ultra PLUS microSDHC\u2122 and microSDXC\u2122 UHS-I Cards. With storage capacities up to 128GB3, you can take more photos and videos without worrying about running out of space.</p>\n",
    "language_code": "en"
  },
  "model": "myshop.producttranslation",
  "pk": 69
},
{
  "fields": {
    "master": 38,
    "description": "<p>Shoot and save more high-quality photos and Full HD video on your Android smartphone or tablet with SanDisk Ultra PLUS microSDHC\u2122 and microSDXC\u2122 UHS-I Cards. With storage capacities up to 128GB3, you can take more photos and videos without worrying about running out of space.</p>\n",
    "language_code": "de"
  },
  "model": "myshop.producttranslation",
  "pk": 70
},
{
  "fields": {
    "master": 40,
    "description": "<p>Store lots of photos and Full HD videos\u2014and transfer them quickly to your computer\u2014using SanDisk Ultra PLUS SDXC and SDHC UHS-I Memory Cards. Great for compact-to-midrange point-and-shoot digital cameras and camcorders, these memory cards offer read speeds of up to 48 MB/s and are twice as fast as ordinary SDHC cards, allowing you to take pictures and transfer files quickly. SanDisk Ultra PLUS SDXC and SDHC UHS-I Memory Cards come with up to 128 GB of storage and are resistant to water, extreme temperatures, x-rays, and shocks. A label allows you to note what's on the card for easy identification.</p>\n",
    "language_code": "en"
  },
  "model": "myshop.producttranslation",
  "pk": 71
},
{
  "fields": {
    "master": 40,
    "description": "<p>Store lots of photos and Full HD videos\u2014and transfer them quickly to your computer\u2014using SanDisk Ultra PLUS SDXC and SDHC UHS-I Memory Cards. Great for compact-to-midrange point-and-shoot digital cameras and camcorders, these memory cards offer read speeds of up to 48 MB/s and are twice as fast as ordinary SDHC cards, allowing you to take pictures and transfer files quickly. SanDisk Ultra PLUS SDXC and SDHC UHS-I Memory Cards come with up to 128 GB of storage and are resistant to water, extreme temperatures, x-rays, and shocks. A label allows you to note what's on the card for easy identification.</p>\n",
    "language_code": "de"
  },
  "model": "myshop.producttranslation",
  "pk": 72
},
{
  "fields": {
    "master": 41,
    "description": "<p>Store lots of photos and Full HD videos\u2014and transfer them quickly to your computer\u2014using SanDisk Ultra PLUS SDXC and SDHC UHS-I Memory Cards. Great for compact-to-midrange point-and-shoot digital cameras and camcorders, these memory cards offer read speeds of up to 48 MB/s and are twice as fast as ordinary SDHC cards, allowing you to take pictures and transfer files quickly. SanDisk Ultra PLUS SDXC and SDHC UHS-I Memory Cards come with up to 128 GB of storage and are resistant to water, extreme temperatures, x-rays, and shocks. A label allows you to note what's on the card for easy identification.</p>\n",
    "language_code": "en"
  },
  "model": "myshop.producttranslation",
  "pk": 73
},
{
  "fields": {
    "master": 41,
    "description": "<p>Store lots of photos and Full HD videos\u2014and transfer them quickly to your computer\u2014using SanDisk Ultra PLUS SDXC and SDHC UHS-I Memory Cards. Great for compact-to-midrange point-and-shoot digital cameras and camcorders, these memory cards offer read speeds of up to 48 MB/s and are twice as fast as ordinary SDHC cards, allowing you to take pictures and transfer files quickly. SanDisk Ultra PLUS SDXC and SDHC UHS-I Memory Cards come with up to 128 GB of storage and are resistant to water, extreme temperatures, x-rays, and shocks. A label allows you to note what's on the card for easy identification.</p>\n",
    "language_code": "de"
  },
  "model": "myshop.producttranslation",
  "pk": 74
},
{
  "fields": {
    "master": 43,
    "description": "<p>Store lots of photos and Full HD videos\u2014and transfer them quickly to your computer\u2014using SanDisk Ultra PLUS SDXC and SDHC UHS-I Memory Cards. Great for compact-to-midrange point-and-shoot digital cameras and camcorders, these memory cards offer read speeds of up to 48 MB/s and are twice as fast as ordinary SDHC cards, allowing you to take pictures and transfer files quickly. SanDisk Ultra PLUS SDXC and SDHC UHS-I Memory Cards come with up to 128 GB of storage and are resistant to water, extreme temperatures, x-rays, and shocks. A label allows you to note what's on the card for easy identification.</p>\n",
    "language_code": "en"
  },
  "model": "myshop.producttranslation",
  "pk": 77
},
{
  "fields": {
    "master": 43,
    "description": "<p>Store lots of photos and Full HD videos\u2014and transfer them quickly to your computer\u2014using SanDisk Ultra PLUS SDXC and SDHC UHS-I Memory Cards. Great for compact-to-midrange point-and-shoot digital cameras and camcorders, these memory cards offer read speeds of up to 48 MB/s and are twice as fast as ordinary SDHC cards, allowing you to take pictures and transfer files quickly. SanDisk Ultra PLUS SDXC and SDHC UHS-I Memory Cards come with up to 128 GB of storage and are resistant to water, extreme temperatures, x-rays, and shocks. A label allows you to note what's on the card for easy identification.</p>\n",
    "language_code": "de"
  },
  "model": "myshop.producttranslation",
  "pk": 78
},
{
  "fields": {
    "master": 44,
    "description": "<p>Store lots of photos and Full HD videos\u2014and transfer them quickly to your computer\u2014using SanDisk Ultra PLUS SDXC and SDHC UHS-I Memory Cards. Great for compact-to-midrange point-and-shoot digital cameras and camcorders, these memory cards offer read speeds of up to 48 MB/s and are twice as fast as ordinary SDHC cards, allowing you to take pictures and transfer files quickly. SanDisk Ultra PLUS SDXC and SDHC UHS-I Memory Cards come with up to 128 GB of storage and are resistant to water, extreme temperatures, x-rays, and shocks. A label allows you to note what's on the card for easy identification.</p>\n",
    "language_code": "en"
  },
  "model": "myshop.producttranslation",
  "pk": 79
},
{
  "fields": {
    "master": 44,
    "description": "<p>Store lots of photos and Full HD videos\u2014and transfer them quickly to your computer\u2014using SanDisk Ultra PLUS SDXC and SDHC UHS-I Memory Cards. Great for compact-to-midrange point-and-shoot digital cameras and camcorders, these memory cards offer read speeds of up to 48 MB/s and are twice as fast as ordinary SDHC cards, allowing you to take pictures and transfer files quickly. SanDisk Ultra PLUS SDXC and SDHC UHS-I Memory Cards come with up to 128 GB of storage and are resistant to water, extreme temperatures, x-rays, and shocks. A label allows you to note what's on the card for easy identification.</p>\n",
    "language_code": "de"
  },
  "model": "myshop.producttranslation",
  "pk": 80
},
{
  "fields": {
    "master": 1,
    "description": "<p>SanDisk SDHC and SDXC memory cards are great choices to capture and store your favorite pictures and videos on standard point and shoot cameras. SanDisk SDHC and SDXC memory cards are compatible with cameras, laptops, tablets, and other devices that support the SDHC and SDXC formats, and are capable of recording hours of HDvideo (720p).\u00a0</p>\n",
    "language_code": "en"
  },
  "model": "myshop.producttranslation",
  "pk": 81
},
{
  "fields": {
    "master": 1,
    "description": "<p>SanDisk SDHC and SDXC memory cards are great choices to capture and store your favorite pictures and videos on standard point and shoot cameras. SanDisk SDHC and SDXC memory cards are compatible with cameras, laptops, tablets, and other devices that support the SDHC and SDXC formats, and are capable of recording hours of HDvideo (720p).\u00a0</p>\n",
    "language_code": "de"
  },
  "model": "myshop.producttranslation",
  "pk": 82
},
{
  "fields": {
    "master": 45,
    "description": "<p>The Kyocera Hydro Edge is the second-generation of Kyocera&#39;s popular Hydro Series of phones. It is certified IP57 waterproof and has Kyocera&#39;s proprietary Smart Sonic Receiver technology, all at an affordable price-point for pre- or post-paid customers on the Sprint and Boost Mobile networks.</p>\r\n",
    "language_code": "de"
  },
  "model": "myshop.producttranslation",
  "pk": 83
},
{
  "fields": {
    "master": 46,
    "description": "<p>Nexus 4 is the new smartphone from Google. With cutting edge hardware, the latest version of Android, and access to your favorite entertainment on Google Play -- Nexus 4 puts the best of Google in the palm of your hand. Available in 8 GB or 16 GB.</p>\r\n",
    "language_code": "de"
  },
  "model": "myshop.producttranslation",
  "pk": 84
},
{
  "fields": {
    "master": 47,
    "description": "<p>With its ruggedized design, you can confidently take the Galaxy S6 active on the road, to a jobsite or anywhere else work takes you. With Samsung KNOX&trade;, you can protect all your files from viruses and hackers with built-in, defense-grade security. And with an ultra-fast processor and multi-tasking technology, your teams can get a lot more done.</p>\r\n",
    "language_code": "de"
  },
  "model": "myshop.producttranslation",
  "pk": 85
},
{
  "fields": {
    "master": 48,
    "description": "<p>Your greatest moments, from life to phone to big screen, in beautifully vivid detail. The Xperia&trade; TL&rsquo;s HD Reality Display lets you see everything sharper, faster, better. See your photos like never before with the &ldquo;Album&rdquo; app. Videos and pictures are crisp in every detail with no jagged edges or blurry faces. Your memories have never been more beautiful.</p>\r\n",
    "language_code": "de"
  },
  "model": "myshop.producttranslation",
  "pk": 86
},
{
  "fields": {
    "master": 49,
    "description": "<p>The HTC EVO Design 4G&trade; stands out from the crowd, inside and out&mdash;and because it&#39;s a world phone, it&#39;s always ready to jet.</p>\r\n\r\n<p>A phone that thinks like you<br />\r\nHTC Sense&trade; lets you do more in fewer steps with a logical and friendly experience that brings everything you care about right to the surface.</p>\r\n\r\n<p>Leave your bulky point and shoot at home<br />\r\nThe HTC EVO Design 4G has a 5 MP camera with HD video recording&mdash;and the F2.2 lens gets great shots, even in low light. A 1.3 MP front-facing camera can help snap perfect profile pics.</p>\r\n\r\n<p>Be entertained&mdash; anytime, anywhere<br />\r\nHTC Watch&trade; lets you watch shows and movies on the go. The HTC EVO Design 4G is an entertainment machine, for everything from books to games to music.</p>\r\n\r\n<p>Put a spring in your step<br />\r\nThe HTC EVO Design 4G is fast. Its snappy 1.2 GHz processor combined with Sprint&#39;s 4G speeds will help you make things happen.</p>\r\n",
    "language_code": "de"
  },
  "model": "myshop.producttranslation",
  "pk": 87
},
{
  "fields": {
    "master": 50,
    "description": "<p>iPhone 5s comes in two storage sizes: 16GB and 32GB. The term &ldquo;GB&rdquo; stands for gigabytes. The more gigabytes you have, the more content you can store on your iPhone, such as apps, games, photos, HD videos, music, and movies. For example, if you have a large music or photo library or lots of apps, it&rsquo;s a good idea to consider an iPhone with a larger storage capacity. If you rarely download apps or you don&rsquo;t take many photos or videos, an iPhone with a smaller capacity may be better for you. When deciding which size to choose, be sure to consider how your storage needs may change over time. Check the storage capacity of your current iPhone and see how much storage you&rsquo;re using.</p>\r\n",
    "language_code": "de"
  },
  "model": "myshop.producttranslation",
  "pk": 88
},
{
  "fields": {
    "master": 50,
    "description": "<p>iPhone 5s comes in two storage sizes: 16GB and 32GB. The term &ldquo;GB&rdquo; stands for gigabytes. The more gigabytes you have, the more content you can store on your iPhone, such as apps, games, photos, HD videos, music, and movies. For example, if you have a large music or photo library or lots of apps, it&rsquo;s a good idea to consider an iPhone with a larger storage capacity. If you rarely download apps or you don&rsquo;t take many photos or videos, an iPhone with a smaller capacity may be better for you. When deciding which size to choose, be sure to consider how your storage needs may change over time. Check the storage capacity of your current iPhone and see how much storage you&rsquo;re using.</p>\r\n",
    "language_code": "en"
  },
  "model": "myshop.producttranslation",
  "pk": 89
},
{
  "fields": {
    "master": 51,
    "description": "<p>MOTOROLA ATRIX 4G gives you dual-core processing power and the revolutionary webtop application. With webtop and a compatible Motorola docking station, sold separately, you can surf the Internet with a full Firefox browser, create and edit docs, or access multimedia on a large screen almost anywhere.</p>\r\n",
    "language_code": "de"
  },
  "model": "myshop.producttranslation",
  "pk": 90
},
{
  "fields": {
    "card_type": "SDHC",
    "storage": 4,
    "product_code": "1041",
    "speed": "4",
    "unit_price": 3.99
  },
  "model": "myshop.smartcard",
  "pk": 1
},
{
  "fields": {
    "card_type": "SDHC",
    "storage": 8,
    "product_code": "1001",
    "speed": "4",
    "unit_price": 5.99
  },
  "model": "myshop.smartcard",
  "pk": 2
},
{
  "fields": {
    "card_type": "SDHC",
    "storage": 16,
    "product_code": "1002",
    "speed": "4",
    "unit_price": 7.99
  },
  "model": "myshop.smartcard",
  "pk": 3
},
{
  "fields": {
    "card_type": "SDHC",
    "storage": 32,
    "product_code": "1003",
    "speed": "4",
    "unit_price": 9.99
  },
  "model": "myshop.smartcard",
  "pk": 4
},
{
  "fields": {
    "card_type": "SDXC",
    "storage": 64,
    "product_code": "1004",
    "speed": "4",
    "unit_price": 13.99
  },
  "model": "myshop.smartcard",
  "pk": 5
},
{
  "fields": {
    "card_type": "micro SDHC",
    "storage": 16,
    "product_code": "1005",
    "speed": "80",
    "unit_price": 8.49
  },
  "model": "myshop.smartcard",
  "pk": 6
},
{
  "fields": {
    "card_type": "micro SDHC",
    "storage": 32,
    "product_code": "1006",
    "speed": "80",
    "unit_price": 11.49
  },
  "model": "myshop.smartcard",
  "pk": 7
},
{
  "fields": {
    "card_type": "micro SDXC",
    "storage": 64,
    "product_code": "1007",
    "speed": "80",
    "unit_price": 14.49
  },
  "model": "myshop.smartcard",
  "pk": 8
},
{
  "fields": {
    "card_type": "SDHC",
    "storage": 16,
    "product_code": "1008",
    "speed": "80",
    "unit_price": 8.49
  },
  "model": "myshop.smartcard",
  "pk": 9
},
{
  "fields": {
    "card_type": "SDHC",
    "storage": 32,
    "product_code": "1009",
    "speed": "80",
    "unit_price": 10.49
  },
  "model": "myshop.smartcard",
  "pk": 10
},
{
  "fields": {
    "card_type": "SDXC",
    "storage": 64,
    "product_code": "1010",
    "speed": "80",
    "unit_price": 13.79
  },
  "model": "myshop.smartcard",
  "pk": 11
},
{
  "fields": {
    "card_type": "micro SDXC",
    "storage": 32,
    "product_code": "1011",
    "speed": "95",
    "unit_price": 12.99
  },
  "model": "myshop.smartcard",
  "pk": 12
},
{
  "fields": {
    "card_type": "SDXC",
    "storage": 64,
    "product_code": "1012",
    "speed": "95",
    "unit_price": 16.99
  },
  "model": "myshop.smartcard",
  "pk": 13
},
{
  "fields": {
    "card_type": "SDHC",
    "storage": 16,
    "product_code": "1013",
    "speed": "95",
    "unit_price": 9.99
  },
  "model": "myshop.smartcard",
  "pk": 14
},
{
  "fields": {
    "card_type": "SDHC",
    "storage": 32,
    "product_code": "1014",
    "speed": "95",
    "unit_price": 13.99
  },
  "model": "myshop.smartcard",
  "pk": 15
},
{
  "fields": {
    "card_type": "micro SDXC",
    "storage": 64,
    "product_code": "1015",
    "speed": "95",
    "unit_price": 17.99
  },
  "model": "myshop.smartcard",
  "pk": 16
},
{
  "fields": {
    "card_type": "SDXC",
    "storage": 128,
    "product_code": "1016",
    "speed": "95",
    "unit_price": 24.99
  },
  "model": "myshop.smartcard",
  "pk": 17
},
{
  "fields": {
    "card_type": "SDXC",
    "storage": 256,
    "product_code": "1017",
    "speed": "95",
    "unit_price": 36.99
  },
  "model": "myshop.smartcard",
  "pk": 18
},
{
  "fields": {
    "card_type": "SDXC",
    "storage": 512,
    "product_code": "1018",
    "speed": "95",
    "unit_price": 63.99
  },
  "model": "myshop.smartcard",
  "pk": 19
},
{
  "fields": {
    "card_type": "SDHC II",
    "storage": 16,
    "product_code": "1019",
    "speed": "280",
    "unit_price": 11.59
  },
  "model": "myshop.smartcard",
  "pk": 20
},
{
  "fields": {
    "card_type": "SDHC II",
    "storage": 16,
    "product_code": "1020",
    "speed": "280",
    "unit_price": 15.59
  },
  "model": "myshop.smartcard",
  "pk": 21
},
{
  "fields": {
    "card_type": "SDHC II",
    "storage": 64,
    "product_code": "1021",
    "speed": "280",
    "unit_price": 21.59
  },
  "model": "myshop.smartcard",
  "pk": 22
},
{
  "fields": {
    "card_type": "micro SDHC",
    "storage": 32,
    "product_code": "1022",
    "speed": "20",
    "unit_price": 8.39
  },
  "model": "myshop.smartcard",
  "pk": 23
},
{
  "fields": {
    "card_type": "micro SDHC",
    "storage": 64,
    "product_code": "1023",
    "speed": "20",
    "unit_price": 12.89
  },
  "model": "myshop.smartcard",
  "pk": 24
},
{
  "fields": {
    "card_type": "SDHC",
    "storage": 8,
    "product_code": "1024",
    "speed": "40",
    "unit_price": 7.99
  },
  "model": "myshop.smartcard",
  "pk": 25
},
{
  "fields": {
    "card_type": "SDHC",
    "storage": 16,
    "product_code": "1025",
    "speed": "40",
    "unit_price": 11.99
  },
  "model": "myshop.smartcard",
  "pk": 26
},
{
  "fields": {
    "card_type": "SDHC",
    "storage": 32,
    "product_code": "1026",
    "speed": "40",
    "unit_price": 16.99
  },
  "model": "myshop.smartcard",
  "pk": 27
},
{
  "fields": {
    "card_type": "SDHC",
    "storage": 64,
    "product_code": "1027",
    "speed": "40",
    "unit_price": 23.99
  },
  "model": "myshop.smartcard",
  "pk": 28
},
{
  "fields": {
    "card_type": "SDHC",
    "storage": 128,
    "product_code": "1028",
    "speed": "40",
    "unit_price": 29.99
  },
  "model": "myshop.smartcard",
  "pk": 29
},
{
  "fields": {
    "card_type": "SDHC",
    "storage": 16,
    "product_code": "1029",
    "speed": "30",
    "unit_price": 11.99
  },
  "model": "myshop.smartcard",
  "pk": 31
},
{
  "fields": {
    "card_type": "SDHC",
    "storage": 32,
    "product_code": "1030",
    "speed": "30",
    "unit_price": 15.99
  },
  "model": "myshop.smartcard",
  "pk": 32
},
{
  "fields": {
    "card_type": "SDXC",
    "storage": 64,
    "product_code": "1031",
    "speed": "30",
    "unit_price": 19.99
  },
  "model": "myshop.smartcard",
  "pk": 33
},
{
  "fields": {
    "card_type": "micro SDHC",
    "storage": 16,
    "product_code": "1032",
    "speed": "48",
    "unit_price": 7.89
  },
  "model": "myshop.smartcard",
  "pk": 34
},
{
  "fields": {
    "card_type": "micro SDHC",
    "storage": 32,
    "product_code": "1033",
    "speed": "48",
    "unit_price": 11.79
  },
  "model": "myshop.smartcard",
  "pk": 35
},
{
  "fields": {
    "card_type": "micro SDHC",
    "storage": 32,
    "product_code": "1034",
    "speed": "48",
    "unit_price": 18.79
  },
  "model": "myshop.smartcard",
  "pk": 36
},
{
  "fields": {
    "card_type": "micro SDHC",
    "storage": 128,
    "product_code": "1035",
    "speed": "48",
    "unit_price": 26.79
  },
  "model": "myshop.smartcard",
  "pk": 38
},
{
  "fields": {
    "card_type": "SDHC",
    "storage": 16,
    "product_code": "1036",
    "speed": "48",
    "unit_price": 9.65
  },
  "model": "myshop.smartcard",
  "pk": 40
},
{
  "fields": {
    "card_type": "SDHC",
    "storage": 32,
    "product_code": "1037",
    "speed": "48",
    "unit_price": 12.68
  },
  "model": "myshop.smartcard",
  "pk": 41
},
{
  "fields": {
    "card_type": "SDHC",
    "storage": 64,
    "product_code": "1039",
    "speed": "48",
    "unit_price": 26.15
  },
  "model": "myshop.smartcard",
  "pk": 43
},
{
  "fields": {
    "card_type": "SDXC",
    "storage": 128,
    "product_code": "1040",
    "speed": "48",
    "unit_price": 34.55
  },
  "model": "myshop.smartcard",
  "pk": 44
},
{
  "fields": {
    "name": "Android 4.1"
  },
  "model": "myshop.operatingsystem",
  "pk": 1
},
{
  "fields": {
    "name": "Android 5.0"
  },
  "model": "myshop.operatingsystem",
  "pk": 2
},
{
  "fields": {
    "name": "Android 2.3"
  },
  "model": "myshop.operatingsystem",
  "pk": 3
},
{
  "fields": {
    "name": "iOS 7"
  },
  "model": "myshop.operatingsystem",
  "pk": 4
},
{
  "fields": {
    "operating_system": 4,
    "weight": "112",
    "wifi_connectivity": 1,
    "ram_storage": 2048,
    "screen_size": "4",
    "battery_capacity": 1900,
    "bluetooth": 1,
    "width": "58.6",
    "battery_type": 2,
    "height": "123.8",
    "gps": true
  },
  "model": "myshop.smartphonemodel",
  "pk": 50
},
{
  "fields": {
    "operating_system": 3,
    "weight": "135",
    "wifi_connectivity": 1,
    "ram_storage": 1024,
    "screen_size": "4",
    "battery_capacity": 1930,
    "bluetooth": 1,
    "width": "63.5",
    "battery_type": 2,
    "height": "117.7",
    "gps": true
  },
  "model": "myshop.smartphonemodel",
  "pk": 51
},
{
  "fields": {
    "operating_system": 2,
    "weight": "170",
    "wifi_connectivity": 1,
    "ram_storage": 2048,
    "screen_size": "5.1",
    "battery_capacity": 3500,
    "bluetooth": 1,
    "width": "73.4",
    "battery_type": 2,
    "height": "146.8",
    "gps": true
  },
  "model": "myshop.smartphonemodel",
  "pk": 47
},
{
  "fields": {
    "operating_system": 1,
    "weight": "127.5",
    "wifi_connectivity": 1,
    "ram_storage": 1024,
    "screen_size": "4",
    "battery_capacity": 1600,
    "bluetooth": 1,
    "width": "63.5",
    "battery_type": 2,
    "height": "124.4",
    "gps": true
  },
  "model": "myshop.smartphonemodel",
  "pk": 45
},
{
  "fields": {
    "operating_system": 1,
    "weight": "139",
    "wifi_connectivity": 1,
    "ram_storage": 2048,
    "screen_size": "4.7",
    "battery_capacity": 2100,
    "bluetooth": 1,
    "width": "68.7",
    "battery_type": 1,
    "height": "133.9",
    "gps": true
  },
  "model": "myshop.smartphonemodel",
  "pk": 46
},
{
  "fields": {
    "operating_system": 3,
    "weight": "139",
    "wifi_connectivity": 1,
    "ram_storage": 1000,
    "screen_size": "4.6",
    "battery_capacity": 1450,
    "bluetooth": 1,
    "width": "67.3",
    "battery_type": 1,
    "height": "129.4",
    "gps": true
  },
  "model": "myshop.smartphonemodel",
  "pk": 48
},
{
  "fields": {
    "operating_system": 3,
    "weight": "130",
    "wifi_connectivity": 1,
    "ram_storage": 2048,
    "screen_size": "4",
    "battery_capacity": 1520,
    "bluetooth": 1,
    "width": "62",
    "battery_type": 2,
    "height": "122",
    "gps": true
  },
  "model": "myshop.smartphonemodel",
  "pk": 49
},
{
  "fields": {
    "product": 45,
    "product_code": "1101",
    "storage": 0,
    "unit_price": 139.0
  },
  "model": "myshop.smartphone",
  "pk": 1
},
{
  "fields": {
    "product": 46,
    "product_code": "1102",
    "storage": 8192,
    "unit_price": 399.0
  },
  "model": "myshop.smartphone",
  "pk": 2
},
{
  "fields": {
    "product": 46,
    "product_code": "1103",
    "storage": 16384,
    "unit_price": 469.0
  },
  "model": "myshop.smartphone",
  "pk": 3
},
{
  "fields": {
    "product": 47,
    "product_code": "1121",
    "storage": 32,
    "unit_price": 589.0
  },
  "model": "myshop.smartphone",
  "pk": 4
},
{
  "fields": {
    "product": 48,
    "product_code": "1131",
    "storage": 10,
    "unit_price": 125.0
  },
  "model": "myshop.smartphone",
  "pk": 5
},
{
  "fields": {
    "product": 49,
    "product_code": "1141",
    "storage": 0,
    "unit_price": 129.0
  },
  "model": "myshop.smartphone",
  "pk": 6
},
{
  "fields": {
    "product": 50,
    "product_code": "12016",
    "storage": 16,
    "unit_price": 239.0
  },
  "model": "myshop.smartphone",
  "pk": 7
},
{
  "fields": {
    "product": 50,
    "product_code": "12032",
    "storage": 32,
    "unit_price": 299.0
  },
  "model": "myshop.smartphone",
  "pk": 8
},
{
  "fields": {
    "product": 51,
    "product_code": "1204",
    "storage": 0,
    "unit_price": 199.0
  },
  "model": "myshop.smartphone",
  "pk": 9
}
]
