[
{
  "fields": {
    "username": "admin",
    "first_name": "Admin",
    "last_name": "The Superuser",
    "is_active": true,
    "is_superuser": true,
    "is_staff": true,
    "last_login": "2016-01-15T15:50:28.474Z",
    "groups": [],
    "user_permissions": [],
    "password": "pbkdf2_sha256$20000$iWdcn2JqTNNS$+U/9huSYkftyY9PPCDVZTC7UN1GKkw4+wRCU9U5tLqM=",
    "email": "admin@example.com",
    "date_joined": "2015-10-16T13:01:57.437Z"
  },
  "model": "email_auth.user",
  "pk": 1
},
{
  "fields": {
    "clipboard": 1,
    "user": [
      "admin"
    ],
    "language": "en"
  },
  "model": "cms.usersettings",
  "pk": 1
},
{
  "fields": {
    "slot": "clipboard",
    "default_width": null
  },
  "model": "cms.placeholder",
  "pk": 1
},
{
  "fields": {
    "slot": "Static Footer",
    "default_width": null
  },
  "model": "cms.placeholder",
  "pk": 6
},
{
  "fields": {
    "slot": "Static Footer",
    "default_width": null
  },
  "model": "cms.placeholder",
  "pk": 7
},
{
  "fields": {
    "slot": "Product Detail",
    "default_width": null
  },
  "model": "cms.placeholder",
  "pk": 8
},
{
  "fields": {
    "slot": "Product Detail",
    "default_width": null
  },
  "model": "cms.placeholder",
  "pk": 9
},
{
  "fields": {
    "slot": "Product Detail",
    "default_width": null
  },
  "model": "cms.placeholder",
  "pk": 10
},
{
  "fields": {
    "slot": "Product Detail",
    "default_width": null
  },
  "model": "cms.placeholder",
  "pk": 11
},
{
  "fields": {
    "slot": "Product Detail",
    "default_width": null
  },
  "model": "cms.placeholder",
  "pk": 12
},
{
  "fields": {
    "slot": "Breadcrumb",
    "default_width": null
  },
  "model": "cms.placeholder",
  "pk": 13
},
{
  "fields": {
    "slot": "Main Content Container",
    "default_width": null
  },
  "model": "cms.placeholder",
  "pk": 14
},
{
  "fields": {
    "slot": "Breadcrumb",
    "default_width": null
  },
  "model": "cms.placeholder",
  "pk": 15
},
{
  "fields": {
    "slot": "Main Content Container",
    "default_width": null
  },
  "model": "cms.placeholder",
  "pk": 16
},
{
  "fields": {
    "slot": "Product Detail",
    "default_width": null
  },
  "model": "cms.placeholder",
  "pk": 17
},
{
  "fields": {
    "slot": "Breadcrumb",
    "default_width": null
  },
  "model": "cms.placeholder",
  "pk": 18
},
{
  "fields": {
    "slot": "Main Content Container",
    "default_width": null
  },
  "model": "cms.placeholder",
  "pk": 19
},
{
  "fields": {
    "slot": "Breadcrumb",
    "default_width": null
  },
  "model": "cms.placeholder",
  "pk": 20
},
{
  "fields": {
    "slot": "Main Content Container",
    "default_width": null
  },
  "model": "cms.placeholder",
  "pk": 21
},
{
  "fields": {
    "slot": "Breadcrumb",
    "default_width": null
  },
  "model": "cms.placeholder",
  "pk": 22
},
{
  "fields": {
    "slot": "Main Content Container",
    "default_width": null
  },
  "model": "cms.placeholder",
  "pk": 23
},
{
  "fields": {
    "slot": "Breadcrumb",
    "default_width": null
  },
  "model": "cms.placeholder",
  "pk": 24
},
{
  "fields": {
    "slot": "Main Content Container",
    "default_width": null
  },
  "model": "cms.placeholder",
  "pk": 25
},
{
  "fields": {
    "slot": "Breadcrumb",
    "default_width": null
  },
  "model": "cms.placeholder",
  "pk": 26
},
{
  "fields": {
    "slot": "Main Content Container",
    "default_width": null
  },
  "model": "cms.placeholder",
  "pk": 27
},
{
  "fields": {
    "slot": "Breadcrumb",
    "default_width": null
  },
  "model": "cms.placeholder",
  "pk": 28
},
{
  "fields": {
    "slot": "Main Content Container",
    "default_width": null
  },
  "model": "cms.placeholder",
  "pk": 29
},
{
  "fields": {
    "slot": "Breadcrumb",
    "default_width": null
  },
  "model": "cms.placeholder",
  "pk": 30
},
{
  "fields": {
    "slot": "Main Content Container",
    "default_width": null
  },
  "model": "cms.placeholder",
  "pk": 31
},
{
  "fields": {
    "slot": "Breadcrumb",
    "default_width": null
  },
  "model": "cms.placeholder",
  "pk": 32
},
{
  "fields": {
    "slot": "Main Content Container",
    "default_width": null
  },
  "model": "cms.placeholder",
  "pk": 33
},
{
  "fields": {
    "slot": "Breadcrumb",
    "default_width": null
  },
  "model": "cms.placeholder",
  "pk": 34
},
{
  "fields": {
    "slot": "Main Content Container",
    "default_width": null
  },
  "model": "cms.placeholder",
  "pk": 35
},
{
  "fields": {
    "slot": "Breadcrumb",
    "default_width": null
  },
  "model": "cms.placeholder",
  "pk": 36
},
{
  "fields": {
    "slot": "Main Content Container",
    "default_width": null
  },
  "model": "cms.placeholder",
  "pk": 37
},
{
  "fields": {
    "slot": "Breadcrumb",
    "default_width": null
  },
  "model": "cms.placeholder",
  "pk": 38
},
{
  "fields": {
    "slot": "Main Content Container",
    "default_width": null
  },
  "model": "cms.placeholder",
  "pk": 39
},
{
  "fields": {
    "slot": "Breadcrumb",
    "default_width": null
  },
  "model": "cms.placeholder",
  "pk": 40
},
{
  "fields": {
    "slot": "Main Content Container",
    "default_width": null
  },
  "model": "cms.placeholder",
  "pk": 41
},
{
  "fields": {
    "slot": "Product Detail",
    "default_width": null
  },
  "model": "cms.placeholder",
  "pk": 42
},
{
  "fields": {
    "slot": "Product Detail",
    "default_width": null
  },
  "model": "cms.placeholder",
  "pk": 43
},
{
  "fields": {
    "slot": "Product Detail",
    "default_width": null
  },
  "model": "cms.placeholder",
  "pk": 44
},
{
  "fields": {
    "slot": "Breadcrumb",
    "default_width": null
  },
  "model": "cms.placeholder",
  "pk": 45
},
{
  "fields": {
    "slot": "Main Content Container",
    "default_width": null
  },
  "model": "cms.placeholder",
  "pk": 46
},
{
  "fields": {
    "slot": "Breadcrumb",
    "default_width": null
  },
  "model": "cms.placeholder",
  "pk": 47
},
{
  "fields": {
    "slot": "Main Content Container",
    "default_width": null
  },
  "model": "cms.placeholder",
  "pk": 48
},
{
  "fields": {
    "changed_date": "2015-11-13T09:20:53.470Z",
    "language": "de",
    "parent": null,
    "numchild": 1,
    "creation_date": "2015-11-01T00:05:30.475Z",
    "depth": 1,
    "position": 0,
    "path": "000L",
    "placeholder": 14,
    "plugin_type": "BootstrapRowPlugin"
  },
  "model": "cms.cmsplugin",
  "pk": 11
},
{
  "fields": {
    "changed_date": "2015-11-13T09:20:47.385Z",
    "language": "de",
    "parent": 11,
    "numchild": 1,
    "creation_date": "2015-11-01T00:05:36.180Z",
    "depth": 2,
    "position": 0,
    "path": "000L0001",
    "placeholder": 14,
    "plugin_type": "BootstrapColumnPlugin"
  },
  "model": "cms.cmsplugin",
  "pk": 12
},
{
  "fields": {
    "changed_date": "2015-11-13T09:20:47.395Z",
    "language": "de",
    "parent": 12,
    "numchild": 0,
    "creation_date": "2015-11-02T14:46:52.664Z",
    "depth": 3,
    "position": 0,
    "path": "000L00010001",
    "placeholder": 14,
    "plugin_type": "ShopCartPlugin"
  },
  "model": "cms.cmsplugin",
  "pk": 16
},
{
  "fields": {
    "changed_date": "2015-11-13T09:20:53.503Z",
    "language": "de",
    "parent": null,
    "numchild": 2,
    "creation_date": "2015-11-03T10:32:50.862Z",
    "depth": 1,
    "position": 1,
    "path": "000M",
    "placeholder": 14,
    "plugin_type": "BootstrapRowPlugin"
  },
  "model": "cms.cmsplugin",
  "pk": 21
},
{
  "fields": {
    "changed_date": "2015-11-13T09:20:53.423Z",
    "language": "de",
    "parent": 21,
    "numchild": 1,
    "creation_date": "2015-11-03T10:32:56.109Z",
    "depth": 2,
    "position": 0,
    "path": "000M0001",
    "placeholder": 14,
    "plugin_type": "BootstrapColumnPlugin"
  },
  "model": "cms.cmsplugin",
  "pk": 22
},
{
  "fields": {
    "changed_date": "2015-11-13T09:20:53.441Z",
    "language": "de",
    "parent": 21,
    "numchild": 1,
    "creation_date": "2015-11-03T10:32:56.205Z",
    "depth": 2,
    "position": 1,
    "path": "000M0002",
    "placeholder": 14,
    "plugin_type": "BootstrapColumnPlugin"
  },
  "model": "cms.cmsplugin",
  "pk": 23
},
{
  "fields": {
    "changed_date": "2015-11-29T11:58:48.738Z",
    "language": "de",
    "parent": 22,
    "numchild": 0,
    "creation_date": "2015-11-03T10:46:46.928Z",
    "depth": 3,
    "position": 0,
    "path": "000M00010001",
    "placeholder": 14,
    "plugin_type": "BootstrapButtonPlugin"
  },
  "model": "cms.cmsplugin",
  "pk": 25
},
{
  "fields": {
    "changed_date": "2015-11-03T11:52:03.644Z",
    "language": "de",
    "parent": null,
    "numchild": 2,
    "creation_date": "2015-11-03T11:51:58.053Z",
    "depth": 1,
    "position": 0,
    "path": "0005",
    "placeholder": 19,
    "plugin_type": "SimpleWrapperPlugin"
  },
  "model": "cms.cmsplugin",
  "pk": 34
},
{
  "fields": {
    "changed_date": "2015-11-03T11:52:43.427Z",
    "language": "de",
    "parent": 34,
    "numchild": 1,
    "creation_date": "2015-11-03T11:52:31.490Z",
    "depth": 2,
    "position": 0,
    "path": "00050001",
    "placeholder": 19,
    "plugin_type": "SegmentPlugin"
  },
  "model": "cms.cmsplugin",
  "pk": 35
},
{
  "fields": {
    "changed_date": "2015-11-03T11:53:03.305Z",
    "language": "de",
    "parent": 34,
    "numchild": 1,
    "creation_date": "2015-11-03T11:52:57.955Z",
    "depth": 2,
    "position": 1,
    "path": "00050002",
    "placeholder": 19,
    "plugin_type": "SegmentPlugin"
  },
  "model": "cms.cmsplugin",
  "pk": 36
},
{
  "fields": {
    "changed_date": "2015-11-03T12:00:27.189Z",
    "language": "de",
    "parent": 35,
    "numchild": 1,
    "creation_date": "2015-11-03T12:00:22.464Z",
    "depth": 3,
    "position": 0,
    "path": "000500010001",
    "placeholder": 19,
    "plugin_type": "BootstrapRowPlugin"
  },
  "model": "cms.cmsplugin",
  "pk": 40
},
{
  "fields": {
    "changed_date": "2015-11-03T12:39:39.339Z",
    "language": "de",
    "parent": 40,
    "numchild": 1,
    "creation_date": "2015-11-03T12:00:27.233Z",
    "depth": 4,
    "position": 0,
    "path": "0005000100010001",
    "placeholder": 19,
    "plugin_type": "BootstrapColumnPlugin"
  },
  "model": "cms.cmsplugin",
  "pk": 41
},
{
  "fields": {
    "changed_date": "2015-11-03T12:01:57.057Z",
    "language": "de",
    "parent": 41,
    "numchild": 3,
    "creation_date": "2015-11-03T12:01:52.087Z",
    "depth": 5,
    "position": 0,
    "path": "00050001000100010001",
    "placeholder": 19,
    "plugin_type": "ProcessBarPlugin"
  },
  "model": "cms.cmsplugin",
  "pk": 42
},
{
  "fields": {
    "changed_date": "2015-11-03T12:01:57.129Z",
    "language": "de",
    "parent": 42,
    "numchild": 3,
    "creation_date": "2015-11-03T12:01:57.069Z",
    "depth": 6,
    "position": 0,
    "path": "000500010001000100010001",
    "placeholder": 19,
    "plugin_type": "ProcessStepPlugin"
  },
  "model": "cms.cmsplugin",
  "pk": 43
},
{
  "fields": {
    "changed_date": "2015-11-03T12:01:57.207Z",
    "language": "de",
    "parent": 42,
    "numchild": 3,
    "creation_date": "2015-11-03T12:01:57.141Z",
    "depth": 6,
    "position": 1,
    "path": "000500010001000100010002",
    "placeholder": 19,
    "plugin_type": "ProcessStepPlugin"
  },
  "model": "cms.cmsplugin",
  "pk": 44
},
{
  "fields": {
    "changed_date": "2015-11-03T15:48:45.622Z",
    "language": "de",
    "parent": 42,
    "numchild": 6,
    "creation_date": "2015-11-03T12:01:57.216Z",
    "depth": 6,
    "position": 2,
    "path": "000500010001000100010003",
    "placeholder": 19,
    "plugin_type": "ProcessStepPlugin"
  },
  "model": "cms.cmsplugin",
  "pk": 45
},
{
  "fields": {
    "changed_date": "2015-11-03T12:05:01.922Z",
    "language": "de",
    "parent": 43,
    "numchild": 1,
    "creation_date": "2015-11-03T12:03:13.411Z",
    "depth": 7,
    "position": 0,
    "path": "0005000100010001000100010001",
    "placeholder": 19,
    "plugin_type": "SegmentPlugin"
  },
  "model": "cms.cmsplugin",
  "pk": 46
},
{
  "fields": {
    "changed_date": "2015-11-03T12:03:45.815Z",
    "language": "de",
    "parent": 43,
    "numchild": 1,
    "creation_date": "2015-11-03T12:03:40.516Z",
    "depth": 7,
    "position": 1,
    "path": "0005000100010001000100010002",
    "placeholder": 19,
    "plugin_type": "SegmentPlugin"
  },
  "model": "cms.cmsplugin",
  "pk": 47
},
{
  "fields": {
    "changed_date": "2015-11-03T12:04:43.217Z",
    "language": "de",
    "parent": 47,
    "numchild": 0,
    "creation_date": "2015-11-03T12:04:17.682Z",
    "depth": 8,
    "position": 0,
    "path": "00050001000100010001000100020001",
    "placeholder": 19,
    "plugin_type": "GuestFormPlugin"
  },
  "model": "cms.cmsplugin",
  "pk": 48
},
{
  "fields": {
    "changed_date": "2015-11-03T12:05:37.599Z",
    "language": "de",
    "parent": 46,
    "numchild": 0,
    "creation_date": "2015-11-03T12:05:35.165Z",
    "depth": 8,
    "position": 0,
    "path": "00050001000100010001000100010001",
    "placeholder": 19,
    "plugin_type": "CustomerFormPlugin"
  },
  "model": "cms.cmsplugin",
  "pk": 49
},
{
  "fields": {
    "changed_date": "2015-11-03T12:06:41.610Z",
    "language": "de",
    "parent": 43,
    "numchild": 0,
    "creation_date": "2015-11-03T12:06:29.969Z",
    "depth": 7,
    "position": 2,
    "path": "0005000100010001000100010003",
    "placeholder": 19,
    "plugin_type": "ProcessNextStepPlugin"
  },
  "model": "cms.cmsplugin",
  "pk": 50
},
{
  "fields": {
    "changed_date": "2015-11-03T12:07:48.050Z",
    "language": "de",
    "parent": 44,
    "numchild": 0,
    "creation_date": "2015-11-03T12:07:45.248Z",
    "depth": 7,
    "position": 0,
    "path": "0005000100010001000100020001",
    "placeholder": 19,
    "plugin_type": "ShippingAddressFormPlugin"
  },
  "model": "cms.cmsplugin",
  "pk": 52
},
{
  "fields": {
    "changed_date": "2015-11-03T12:08:18.992Z",
    "language": "de",
    "parent": 44,
    "numchild": 0,
    "creation_date": "2015-11-03T12:08:16.160Z",
    "depth": 7,
    "position": 1,
    "path": "0005000100010001000100020002",
    "placeholder": 19,
    "plugin_type": "BillingAddressFormPlugin"
  },
  "model": "cms.cmsplugin",
  "pk": 53
},
{
  "fields": {
    "changed_date": "2015-11-03T12:08:39.018Z",
    "language": "de",
    "parent": 44,
    "numchild": 0,
    "creation_date": "2015-11-03T12:08:38.948Z",
    "depth": 7,
    "position": 2,
    "path": "0005000100010001000100020003",
    "placeholder": 19,
    "plugin_type": "ProcessNextStepPlugin"
  },
  "model": "cms.cmsplugin",
  "pk": 54
},
{
  "fields": {
    "changed_date": "2015-11-03T12:09:32.700Z",
    "language": "de",
    "parent": 45,
    "numchild": 0,
    "creation_date": "2015-11-03T12:09:28.368Z",
    "depth": 7,
    "position": 0,
    "path": "0005000100010001000100030001",
    "placeholder": 19,
    "plugin_type": "ShopCartPlugin"
  },
  "model": "cms.cmsplugin",
  "pk": 55
},
{
  "fields": {
    "changed_date": "2015-11-03T12:10:31.289Z",
    "language": "de",
    "parent": 45,
    "numchild": 0,
    "creation_date": "2015-11-03T12:10:27.667Z",
    "depth": 7,
    "position": 1,
    "path": "0005000100010001000100030002",
    "placeholder": 19,
    "plugin_type": "PaymentMethodFormPlugin"
  },
  "model": "cms.cmsplugin",
  "pk": 56
},
{
  "fields": {
    "changed_date": "2015-11-03T12:10:59.815Z",
    "language": "de",
    "parent": 45,
    "numchild": 0,
    "creation_date": "2015-11-03T12:10:56.492Z",
    "depth": 7,
    "position": 2,
    "path": "0005000100010001000100030003",
    "placeholder": 19,
    "plugin_type": "ShippingMethodFormPlugin"
  },
  "model": "cms.cmsplugin",
  "pk": 57
},
{
  "fields": {
    "changed_date": "2015-11-03T12:11:33.354Z",
    "language": "de",
    "parent": 45,
    "numchild": 0,
    "creation_date": "2015-11-03T12:11:30.640Z",
    "depth": 7,
    "position": 3,
    "path": "0005000100010001000100030004",
    "placeholder": 19,
    "plugin_type": "ExtraAnnotationFormPlugin"
  },
  "model": "cms.cmsplugin",
  "pk": 58
},
{
  "fields": {
    "changed_date": "2015-11-03T12:15:04.340Z",
    "language": "de",
    "parent": 45,
    "numchild": 0,
    "creation_date": "2015-11-03T12:12:11.300Z",
    "depth": 7,
    "position": 4,
    "path": "0005000100010001000100030005",
    "placeholder": 19,
    "plugin_type": "AcceptConditionFormPlugin"
  },
  "model": "cms.cmsplugin",
  "pk": 59
},
{
  "fields": {
    "changed_date": "2015-11-03T15:49:26.829Z",
    "language": "de",
    "parent": 45,
    "numchild": 0,
    "creation_date": "2015-11-03T15:12:48.394Z",
    "depth": 7,
    "position": 5,
    "path": "0005000100010001000100030007",
    "placeholder": 19,
    "plugin_type": "ShopProceedButton"
  },
  "model": "cms.cmsplugin",
  "pk": 132
},
{
  "fields": {
    "changed_date": "2015-11-13T09:20:53.451Z",
    "language": "de",
    "parent": 23,
    "numchild": 0,
    "creation_date": "2015-11-03T16:29:17.878Z",
    "depth": 3,
    "position": 0,
    "path": "000M00020001",
    "placeholder": 14,
    "plugin_type": "BootstrapButtonPlugin"
  },
  "model": "cms.cmsplugin",
  "pk": 181
},
{
  "fields": {
    "changed_date": "2016-01-15T07:57:09.425Z",
    "language": "de",
    "parent": 600,
    "numchild": 2,
    "creation_date": "2015-11-05T11:08:54.064Z",
    "depth": 2,
    "position": 0,
    "path": "001C0001",
    "placeholder": 23,
    "plugin_type": "BootstrapRowPlugin"
  },
  "model": "cms.cmsplugin",
  "pk": 200
},
{
  "fields": {
    "changed_date": "2016-01-15T07:57:09.369Z",
    "language": "de",
    "parent": 200,
    "numchild": 1,
    "creation_date": "2015-11-05T11:09:02.696Z",
    "depth": 3,
    "position": 0,
    "path": "001C00010001",
    "placeholder": 23,
    "plugin_type": "BootstrapColumnPlugin"
  },
  "model": "cms.cmsplugin",
  "pk": 201
},
{
  "fields": {
    "changed_date": "2016-01-15T07:57:09.389Z",
    "language": "de",
    "parent": 200,
    "numchild": 1,
    "creation_date": "2015-11-05T11:09:02.802Z",
    "depth": 3,
    "position": 1,
    "path": "001C00010002",
    "placeholder": 23,
    "plugin_type": "BootstrapColumnPlugin"
  },
  "model": "cms.cmsplugin",
  "pk": 202
},
{
  "fields": {
    "changed_date": "2016-01-15T07:57:09.398Z",
    "language": "de",
    "parent": 202,
    "numchild": 0,
    "creation_date": "2015-11-05T12:07:15.175Z",
    "depth": 4,
    "position": 0,
    "path": "001C000100020001",
    "placeholder": 23,
    "plugin_type": "TextPlugin"
  },
  "model": "cms.cmsplugin",
  "pk": 212
},
{
  "fields": {
    "changed_date": "2015-11-12T12:34:10.803Z",
    "language": "de",
    "parent": null,
    "numchild": 1,
    "creation_date": "2015-11-12T12:34:05.647Z",
    "depth": 1,
    "position": 0,
    "path": "000B",
    "placeholder": 31,
    "plugin_type": "BootstrapRowPlugin"
  },
  "model": "cms.cmsplugin",
  "pk": 238
},
{
  "fields": {
    "changed_date": "2015-11-12T12:34:10.919Z",
    "language": "de",
    "parent": 238,
    "numchild": 1,
    "creation_date": "2015-11-12T12:34:10.821Z",
    "depth": 2,
    "position": 0,
    "path": "000B0001",
    "placeholder": 31,
    "plugin_type": "BootstrapColumnPlugin"
  },
  "model": "cms.cmsplugin",
  "pk": 239
},
{
  "fields": {
    "changed_date": "2015-11-12T12:36:15.006Z",
    "language": "de",
    "parent": 239,
    "numchild": 0,
    "creation_date": "2015-11-12T12:36:11.833Z",
    "depth": 3,
    "position": 0,
    "path": "000B00010001",
    "placeholder": 31,
    "plugin_type": "ShopOrderViewsPlugin"
  },
  "model": "cms.cmsplugin",
  "pk": 242
},
{
  "fields": {
    "changed_date": "2015-11-12T12:37:32.455Z",
    "language": "de",
    "parent": null,
    "numchild": 1,
    "creation_date": "2015-11-12T12:34:05.647Z",
    "depth": 1,
    "position": 0,
    "path": "000C",
    "placeholder": 33,
    "plugin_type": "BootstrapRowPlugin"
  },
  "model": "cms.cmsplugin",
  "pk": 243
},
{
  "fields": {
    "changed_date": "2015-11-12T12:37:32.492Z",
    "language": "de",
    "parent": 243,
    "numchild": 1,
    "creation_date": "2015-11-12T12:34:10.821Z",
    "depth": 2,
    "position": 0,
    "path": "000C0001",
    "placeholder": 33,
    "plugin_type": "BootstrapColumnPlugin"
  },
  "model": "cms.cmsplugin",
  "pk": 244
},
{
  "fields": {
    "changed_date": "2015-11-12T12:37:32.516Z",
    "language": "de",
    "parent": 244,
    "numchild": 0,
    "creation_date": "2015-11-12T12:36:11.833Z",
    "depth": 3,
    "position": 0,
    "path": "000C00010001",
    "placeholder": 33,
    "plugin_type": "ShopOrderViewsPlugin"
  },
  "model": "cms.cmsplugin",
  "pk": 245
},
{
  "fields": {
    "changed_date": "2016-01-15T15:57:30.649Z",
    "language": "en",
    "parent": 764,
    "numchild": 1,
    "creation_date": "2015-11-12T12:34:05.647Z",
    "depth": 2,
    "position": 0,
    "path": "001P0001",
    "placeholder": 31,
    "plugin_type": "BootstrapRowPlugin"
  },
  "model": "cms.cmsplugin",
  "pk": 246
},
{
  "fields": {
    "changed_date": "2016-01-15T15:57:41.758Z",
    "language": "en",
    "parent": 246,
    "numchild": 1,
    "creation_date": "2015-11-12T12:34:10.821Z",
    "depth": 3,
    "position": 0,
    "path": "001P00010001",
    "placeholder": 31,
    "plugin_type": "BootstrapColumnPlugin"
  },
  "model": "cms.cmsplugin",
  "pk": 247
},
{
  "fields": {
    "changed_date": "2016-01-15T15:57:30.625Z",
    "language": "en",
    "parent": 247,
    "numchild": 0,
    "creation_date": "2015-11-12T12:36:11.833Z",
    "depth": 4,
    "position": 0,
    "path": "001P000100010001",
    "placeholder": 31,
    "plugin_type": "ShopOrderViewsPlugin"
  },
  "model": "cms.cmsplugin",
  "pk": 248
},
{
  "fields": {
    "changed_date": "2015-11-12T23:20:22.375Z",
    "language": "de",
    "parent": null,
    "numchild": 1,
    "creation_date": "2015-11-12T23:20:16.339Z",
    "depth": 1,
    "position": 0,
    "path": "000F",
    "placeholder": 35,
    "plugin_type": "BootstrapRowPlugin"
  },
  "model": "cms.cmsplugin",
  "pk": 258
},
{
  "fields": {
    "changed_date": "2015-11-12T23:20:22.476Z",
    "language": "de",
    "parent": 258,
    "numchild": 2,
    "creation_date": "2015-11-12T23:20:22.388Z",
    "depth": 2,
    "position": 0,
    "path": "000F0001",
    "placeholder": 35,
    "plugin_type": "BootstrapColumnPlugin"
  },
  "model": "cms.cmsplugin",
  "pk": 259
},
{
  "fields": {
    "changed_date": "2015-11-12T23:23:23.520Z",
    "language": "de",
    "parent": 259,
    "numchild": 0,
    "creation_date": "2015-11-12T23:21:08.149Z",
    "depth": 3,
    "position": 1,
    "path": "000F00010001",
    "placeholder": 35,
    "plugin_type": "ShopOrderViewsPlugin"
  },
  "model": "cms.cmsplugin",
  "pk": 260
},
{
  "fields": {
    "changed_date": "2015-11-12T23:23:33.264Z",
    "language": "de",
    "parent": 259,
    "numchild": 0,
    "creation_date": "2015-11-12T23:22:41.214Z",
    "depth": 3,
    "position": 0,
    "path": "000F00010002",
    "placeholder": 35,
    "plugin_type": "TextPlugin"
  },
  "model": "cms.cmsplugin",
  "pk": 264
},
{
  "fields": {
    "changed_date": "2015-11-12T23:23:50.494Z",
    "language": "de",
    "parent": null,
    "numchild": 1,
    "creation_date": "2015-11-12T23:20:16.339Z",
    "depth": 1,
    "position": 0,
    "path": "000G",
    "placeholder": 37,
    "plugin_type": "BootstrapRowPlugin"
  },
  "model": "cms.cmsplugin",
  "pk": 265
},
{
  "fields": {
    "changed_date": "2015-11-12T23:23:50.531Z",
    "language": "de",
    "parent": 265,
    "numchild": 2,
    "creation_date": "2015-11-12T23:20:22.388Z",
    "depth": 2,
    "position": 0,
    "path": "000G0001",
    "placeholder": 37,
    "plugin_type": "BootstrapColumnPlugin"
  },
  "model": "cms.cmsplugin",
  "pk": 266
},
{
  "fields": {
    "changed_date": "2015-11-12T23:23:50.559Z",
    "language": "de",
    "parent": 266,
    "numchild": 0,
    "creation_date": "2015-11-12T23:21:08.149Z",
    "depth": 3,
    "position": 1,
    "path": "000G00010001",
    "placeholder": 37,
    "plugin_type": "ShopOrderViewsPlugin"
  },
  "model": "cms.cmsplugin",
  "pk": 267
},
{
  "fields": {
    "changed_date": "2015-11-12T23:23:50.619Z",
    "language": "de",
    "parent": 266,
    "numchild": 0,
    "creation_date": "2015-11-12T23:22:41.214Z",
    "depth": 3,
    "position": 0,
    "path": "000G00010002",
    "placeholder": 37,
    "plugin_type": "TextPlugin"
  },
  "model": "cms.cmsplugin",
  "pk": 268
},
{
  "fields": {
    "changed_date": "2015-11-13T00:07:25.166Z",
    "language": "de",
    "parent": null,
    "numchild": 1,
    "creation_date": "2015-11-13T00:07:20.154Z",
    "depth": 1,
    "position": 0,
    "path": "000H",
    "placeholder": 39,
    "plugin_type": "BootstrapRowPlugin"
  },
  "model": "cms.cmsplugin",
  "pk": 269
},
{
  "fields": {
    "changed_date": "2015-11-13T00:07:25.259Z",
    "language": "de",
    "parent": 269,
    "numchild": 1,
    "creation_date": "2015-11-13T00:07:25.179Z",
    "depth": 2,
    "position": 0,
    "path": "000H0001",
    "placeholder": 39,
    "plugin_type": "BootstrapColumnPlugin"
  },
  "model": "cms.cmsplugin",
  "pk": 270
},
{
  "fields": {
    "changed_date": "2015-11-13T00:15:20.381Z",
    "language": "de",
    "parent": 270,
    "numchild": 0,
    "creation_date": "2015-11-13T00:07:38.103Z",
    "depth": 3,
    "position": 0,
    "path": "000H00010001",
    "placeholder": 39,
    "plugin_type": "TextPlugin"
  },
  "model": "cms.cmsplugin",
  "pk": 271
},
{
  "fields": {
    "changed_date": "2015-11-13T00:15:30.999Z",
    "language": "de",
    "parent": null,
    "numchild": 1,
    "creation_date": "2015-11-13T00:07:20.154Z",
    "depth": 1,
    "position": 0,
    "path": "000I",
    "placeholder": 41,
    "plugin_type": "BootstrapRowPlugin"
  },
  "model": "cms.cmsplugin",
  "pk": 272
},
{
  "fields": {
    "changed_date": "2015-11-13T00:15:31.036Z",
    "language": "de",
    "parent": 272,
    "numchild": 1,
    "creation_date": "2015-11-13T00:07:25.179Z",
    "depth": 2,
    "position": 0,
    "path": "000I0001",
    "placeholder": 41,
    "plugin_type": "BootstrapColumnPlugin"
  },
  "model": "cms.cmsplugin",
  "pk": 273
},
{
  "fields": {
    "changed_date": "2015-11-13T00:15:31.182Z",
    "language": "de",
    "parent": 273,
    "numchild": 0,
    "creation_date": "2015-11-13T00:07:38.103Z",
    "depth": 3,
    "position": 0,
    "path": "000I00010001",
    "placeholder": 41,
    "plugin_type": "TextPlugin"
  },
  "model": "cms.cmsplugin",
  "pk": 274
},
{
  "fields": {
    "changed_date": "2015-11-13T07:58:30.114Z",
    "language": "de",
    "parent": 36,
    "numchild": 3,
    "creation_date": "2015-11-13T07:58:26.829Z",
    "depth": 3,
    "position": 0,
    "path": "000500020001",
    "placeholder": 19,
    "plugin_type": "BootstrapRowPlugin"
  },
  "model": "cms.cmsplugin",
  "pk": 275
},
{
  "fields": {
    "changed_date": "2015-11-13T07:58:30.241Z",
    "language": "de",
    "parent": 275,
    "numchild": 1,
    "creation_date": "2015-11-13T07:58:30.141Z",
    "depth": 4,
    "position": 0,
    "path": "0005000200010001",
    "placeholder": 19,
    "plugin_type": "BootstrapColumnPlugin"
  },
  "model": "cms.cmsplugin",
  "pk": 276
},
{
  "fields": {
    "changed_date": "2015-11-13T07:58:30.352Z",
    "language": "de",
    "parent": 275,
    "numchild": 1,
    "creation_date": "2015-11-13T07:58:30.251Z",
    "depth": 4,
    "position": 1,
    "path": "0005000200010002",
    "placeholder": 19,
    "plugin_type": "BootstrapColumnPlugin"
  },
  "model": "cms.cmsplugin",
  "pk": 277
},
{
  "fields": {
    "changed_date": "2015-11-13T07:58:30.463Z",
    "language": "de",
    "parent": 275,
    "numchild": 1,
    "creation_date": "2015-11-13T07:58:30.362Z",
    "depth": 4,
    "position": 2,
    "path": "0005000200010003",
    "placeholder": 19,
    "plugin_type": "BootstrapColumnPlugin"
  },
  "model": "cms.cmsplugin",
  "pk": 278
},
{
  "fields": {
    "changed_date": "2015-11-13T08:00:10.309Z",
    "language": "de",
    "parent": 276,
    "numchild": 0,
    "creation_date": "2015-11-13T07:59:27.855Z",
    "depth": 5,
    "position": 0,
    "path": "00050002000100010001",
    "placeholder": 19,
    "plugin_type": "ShopAuthenticationPlugin"
  },
  "model": "cms.cmsplugin",
  "pk": 279
},
{
  "fields": {
    "changed_date": "2015-11-13T08:02:03.881Z",
    "language": "de",
    "parent": 277,
    "numchild": 0,
    "creation_date": "2015-11-13T08:01:15.285Z",
    "depth": 5,
    "position": 0,
    "path": "00050002000100020001",
    "placeholder": 19,
    "plugin_type": "ShopAuthenticationPlugin"
  },
  "model": "cms.cmsplugin",
  "pk": 281
},
{
  "fields": {
    "changed_date": "2015-11-13T08:02:54.346Z",
    "language": "de",
    "parent": 278,
    "numchild": 0,
    "creation_date": "2015-11-13T08:01:42.825Z",
    "depth": 5,
    "position": 0,
    "path": "00050002000100030001",
    "placeholder": 19,
    "plugin_type": "ShopAuthenticationPlugin"
  },
  "model": "cms.cmsplugin",
  "pk": 282
},
{
  "fields": {
    "changed_date": "2015-11-13T08:48:04.662Z",
    "language": "de",
    "parent": null,
    "numchild": 2,
    "creation_date": "2015-11-03T11:51:58.053Z",
    "depth": 1,
    "position": 0,
    "path": "000K",
    "placeholder": 21,
    "plugin_type": "SimpleWrapperPlugin"
  },
  "model": "cms.cmsplugin",
  "pk": 283
},
{
  "fields": {
    "changed_date": "2015-11-13T08:48:04.687Z",
    "language": "de",
    "parent": 283,
    "numchild": 1,
    "creation_date": "2015-11-03T11:52:31.490Z",
    "depth": 2,
    "position": 0,
    "path": "000K0001",
    "placeholder": 21,
    "plugin_type": "SegmentPlugin"
  },
  "model": "cms.cmsplugin",
  "pk": 284
},
{
  "fields": {
    "changed_date": "2015-11-13T08:48:04.713Z",
    "language": "de",
    "parent": 284,
    "numchild": 1,
    "creation_date": "2015-11-03T12:00:22.464Z",
    "depth": 3,
    "position": 0,
    "path": "000K00010001",
    "placeholder": 21,
    "plugin_type": "BootstrapRowPlugin"
  },
  "model": "cms.cmsplugin",
  "pk": 285
},
{
  "fields": {
    "changed_date": "2015-11-13T08:48:04.753Z",
    "language": "de",
    "parent": 285,
    "numchild": 1,
    "creation_date": "2015-11-03T12:00:27.233Z",
    "depth": 4,
    "position": 0,
    "path": "000K000100010001",
    "placeholder": 21,
    "plugin_type": "BootstrapColumnPlugin"
  },
  "model": "cms.cmsplugin",
  "pk": 286
},
{
  "fields": {
    "changed_date": "2015-11-13T08:48:04.777Z",
    "language": "de",
    "parent": 286,
    "numchild": 3,
    "creation_date": "2015-11-03T12:01:52.087Z",
    "depth": 5,
    "position": 0,
    "path": "000K0001000100010001",
    "placeholder": 21,
    "plugin_type": "ProcessBarPlugin"
  },
  "model": "cms.cmsplugin",
  "pk": 287
},
{
  "fields": {
    "changed_date": "2015-11-13T08:48:04.802Z",
    "language": "de",
    "parent": 287,
    "numchild": 3,
    "creation_date": "2015-11-03T12:01:57.069Z",
    "depth": 6,
    "position": 0,
    "path": "000K00010001000100010001",
    "placeholder": 21,
    "plugin_type": "ProcessStepPlugin"
  },
  "model": "cms.cmsplugin",
  "pk": 288
},
{
  "fields": {
    "changed_date": "2015-11-13T08:48:04.827Z",
    "language": "de",
    "parent": 288,
    "numchild": 1,
    "creation_date": "2015-11-03T12:03:13.411Z",
    "depth": 7,
    "position": 0,
    "path": "000K000100010001000100010001",
    "placeholder": 21,
    "plugin_type": "SegmentPlugin"
  },
  "model": "cms.cmsplugin",
  "pk": 289
},
{
  "fields": {
    "changed_date": "2015-11-13T08:48:04.851Z",
    "language": "de",
    "parent": 289,
    "numchild": 0,
    "creation_date": "2015-11-03T12:05:35.165Z",
    "depth": 8,
    "position": 0,
    "path": "000K0001000100010001000100010001",
    "placeholder": 21,
    "plugin_type": "CustomerFormPlugin"
  },
  "model": "cms.cmsplugin",
  "pk": 290
},
{
  "fields": {
    "changed_date": "2015-11-13T08:48:04.882Z",
    "language": "de",
    "parent": 288,
    "numchild": 1,
    "creation_date": "2015-11-03T12:03:40.516Z",
    "depth": 7,
    "position": 1,
    "path": "000K000100010001000100010002",
    "placeholder": 21,
    "plugin_type": "SegmentPlugin"
  },
  "model": "cms.cmsplugin",
  "pk": 291
},
{
  "fields": {
    "changed_date": "2015-11-13T08:48:04.920Z",
    "language": "de",
    "parent": 291,
    "numchild": 0,
    "creation_date": "2015-11-03T12:04:17.682Z",
    "depth": 8,
    "position": 0,
    "path": "000K0001000100010001000100020001",
    "placeholder": 21,
    "plugin_type": "GuestFormPlugin"
  },
  "model": "cms.cmsplugin",
  "pk": 292
},
{
  "fields": {
    "changed_date": "2015-11-13T08:48:04.955Z",
    "language": "de",
    "parent": 288,
    "numchild": 0,
    "creation_date": "2015-11-03T12:06:29.969Z",
    "depth": 7,
    "position": 2,
    "path": "000K000100010001000100010003",
    "placeholder": 21,
    "plugin_type": "ProcessNextStepPlugin"
  },
  "model": "cms.cmsplugin",
  "pk": 293
},
{
  "fields": {
    "changed_date": "2015-11-13T08:48:04.989Z",
    "language": "de",
    "parent": 287,
    "numchild": 3,
    "creation_date": "2015-11-03T12:01:57.141Z",
    "depth": 6,
    "position": 1,
    "path": "000K00010001000100010002",
    "placeholder": 21,
    "plugin_type": "ProcessStepPlugin"
  },
  "model": "cms.cmsplugin",
  "pk": 294
},
{
  "fields": {
    "changed_date": "2015-11-13T08:48:05.016Z",
    "language": "de",
    "parent": 294,
    "numchild": 0,
    "creation_date": "2015-11-03T12:07:45.248Z",
    "depth": 7,
    "position": 0,
    "path": "000K000100010001000100020001",
    "placeholder": 21,
    "plugin_type": "ShippingAddressFormPlugin"
  },
  "model": "cms.cmsplugin",
  "pk": 295
},
{
  "fields": {
    "changed_date": "2015-11-13T08:48:05.052Z",
    "language": "de",
    "parent": 294,
    "numchild": 0,
    "creation_date": "2015-11-03T12:08:16.160Z",
    "depth": 7,
    "position": 1,
    "path": "000K000100010001000100020002",
    "placeholder": 21,
    "plugin_type": "BillingAddressFormPlugin"
  },
  "model": "cms.cmsplugin",
  "pk": 296
},
{
  "fields": {
    "changed_date": "2015-11-13T08:48:05.080Z",
    "language": "de",
    "parent": 294,
    "numchild": 0,
    "creation_date": "2015-11-03T12:08:38.948Z",
    "depth": 7,
    "position": 2,
    "path": "000K000100010001000100020003",
    "placeholder": 21,
    "plugin_type": "ProcessNextStepPlugin"
  },
  "model": "cms.cmsplugin",
  "pk": 297
},
{
  "fields": {
    "changed_date": "2015-11-13T08:48:05.107Z",
    "language": "de",
    "parent": 287,
    "numchild": 6,
    "creation_date": "2015-11-03T12:01:57.216Z",
    "depth": 6,
    "position": 2,
    "path": "000K00010001000100010003",
    "placeholder": 21,
    "plugin_type": "ProcessStepPlugin"
  },
  "model": "cms.cmsplugin",
  "pk": 298
},
{
  "fields": {
    "changed_date": "2015-11-13T08:48:05.137Z",
    "language": "de",
    "parent": 298,
    "numchild": 0,
    "creation_date": "2015-11-03T12:09:28.368Z",
    "depth": 7,
    "position": 0,
    "path": "000K000100010001000100030001",
    "placeholder": 21,
    "plugin_type": "ShopCartPlugin"
  },
  "model": "cms.cmsplugin",
  "pk": 299
},
{
  "fields": {
    "changed_date": "2015-11-13T08:48:05.166Z",
    "language": "de",
    "parent": 298,
    "numchild": 0,
    "creation_date": "2015-11-03T12:10:27.667Z",
    "depth": 7,
    "position": 1,
    "path": "000K000100010001000100030002",
    "placeholder": 21,
    "plugin_type": "PaymentMethodFormPlugin"
  },
  "model": "cms.cmsplugin",
  "pk": 300
},
{
  "fields": {
    "changed_date": "2015-11-13T08:48:05.194Z",
    "language": "de",
    "parent": 298,
    "numchild": 0,
    "creation_date": "2015-11-03T12:10:56.492Z",
    "depth": 7,
    "position": 2,
    "path": "000K000100010001000100030003",
    "placeholder": 21,
    "plugin_type": "ShippingMethodFormPlugin"
  },
  "model": "cms.cmsplugin",
  "pk": 301
},
{
  "fields": {
    "changed_date": "2015-11-13T08:48:05.226Z",
    "language": "de",
    "parent": 298,
    "numchild": 0,
    "creation_date": "2015-11-03T12:11:30.640Z",
    "depth": 7,
    "position": 3,
    "path": "000K000100010001000100030004",
    "placeholder": 21,
    "plugin_type": "ExtraAnnotationFormPlugin"
  },
  "model": "cms.cmsplugin",
  "pk": 302
},
{
  "fields": {
    "changed_date": "2015-11-13T08:48:05.254Z",
    "language": "de",
    "parent": 298,
    "numchild": 0,
    "creation_date": "2015-11-03T12:12:11.300Z",
    "depth": 7,
    "position": 4,
    "path": "000K000100010001000100030005",
    "placeholder": 21,
    "plugin_type": "AcceptConditionFormPlugin"
  },
  "model": "cms.cmsplugin",
  "pk": 303
},
{
  "fields": {
    "changed_date": "2015-11-13T08:48:05.281Z",
    "language": "de",
    "parent": 298,
    "numchild": 0,
    "creation_date": "2015-11-03T15:12:48.394Z",
    "depth": 7,
    "position": 5,
    "path": "000K000100010001000100030006",
    "placeholder": 21,
    "plugin_type": "ShopProceedButton"
  },
  "model": "cms.cmsplugin",
  "pk": 304
},
{
  "fields": {
    "changed_date": "2015-11-13T08:48:05.310Z",
    "language": "de",
    "parent": 283,
    "numchild": 1,
    "creation_date": "2015-11-03T11:52:57.955Z",
    "depth": 2,
    "position": 1,
    "path": "000K0002",
    "placeholder": 21,
    "plugin_type": "SegmentPlugin"
  },
  "model": "cms.cmsplugin",
  "pk": 305
},
{
  "fields": {
    "changed_date": "2015-11-13T08:48:05.337Z",
    "language": "de",
    "parent": 305,
    "numchild": 3,
    "creation_date": "2015-11-13T07:58:26.829Z",
    "depth": 3,
    "position": 0,
    "path": "000K00020001",
    "placeholder": 21,
    "plugin_type": "BootstrapRowPlugin"
  },
  "model": "cms.cmsplugin",
  "pk": 306
},
{
  "fields": {
    "changed_date": "2015-11-13T08:48:05.377Z",
    "language": "de",
    "parent": 306,
    "numchild": 1,
    "creation_date": "2015-11-13T07:58:30.141Z",
    "depth": 4,
    "position": 0,
    "path": "000K000200010001",
    "placeholder": 21,
    "plugin_type": "BootstrapColumnPlugin"
  },
  "model": "cms.cmsplugin",
  "pk": 307
},
{
  "fields": {
    "changed_date": "2015-11-13T08:48:05.402Z",
    "language": "de",
    "parent": 307,
    "numchild": 0,
    "creation_date": "2015-11-13T07:59:27.855Z",
    "depth": 5,
    "position": 0,
    "path": "000K0002000100010001",
    "placeholder": 21,
    "plugin_type": "ShopAuthenticationPlugin"
  },
  "model": "cms.cmsplugin",
  "pk": 308
},
{
  "fields": {
    "changed_date": "2015-11-13T08:48:05.443Z",
    "language": "de",
    "parent": 306,
    "numchild": 1,
    "creation_date": "2015-11-13T07:58:30.251Z",
    "depth": 4,
    "position": 1,
    "path": "000K000200010002",
    "placeholder": 21,
    "plugin_type": "BootstrapColumnPlugin"
  },
  "model": "cms.cmsplugin",
  "pk": 309
},
{
  "fields": {
    "changed_date": "2015-11-13T08:48:05.471Z",
    "language": "de",
    "parent": 309,
    "numchild": 0,
    "creation_date": "2015-11-13T08:01:15.285Z",
    "depth": 5,
    "position": 0,
    "path": "000K0002000100020001",
    "placeholder": 21,
    "plugin_type": "ShopAuthenticationPlugin"
  },
  "model": "cms.cmsplugin",
  "pk": 310
},
{
  "fields": {
    "changed_date": "2015-11-13T08:48:05.525Z",
    "language": "de",
    "parent": 306,
    "numchild": 1,
    "creation_date": "2015-11-13T07:58:30.362Z",
    "depth": 4,
    "position": 2,
    "path": "000K000200010003",
    "placeholder": 21,
    "plugin_type": "BootstrapColumnPlugin"
  },
  "model": "cms.cmsplugin",
  "pk": 311
},
{
  "fields": {
    "changed_date": "2015-11-13T08:48:05.554Z",
    "language": "de",
    "parent": 311,
    "numchild": 0,
    "creation_date": "2015-11-13T08:01:42.825Z",
    "depth": 5,
    "position": 0,
    "path": "000K0002000100030001",
    "placeholder": 21,
    "plugin_type": "ShopAuthenticationPlugin"
  },
  "model": "cms.cmsplugin",
  "pk": 312
},
{
  "fields": {
    "changed_date": "2015-11-25T16:17:25.965Z",
    "language": "de",
    "parent": null,
    "numchild": 1,
    "creation_date": "2015-11-25T16:17:20.985Z",
    "depth": 1,
    "position": 0,
    "path": "000T",
    "placeholder": 46,
    "plugin_type": "BootstrapRowPlugin"
  },
  "model": "cms.cmsplugin",
  "pk": 342
},
{
  "fields": {
    "changed_date": "2015-11-25T16:17:26.063Z",
    "language": "de",
    "parent": 342,
    "numchild": 1,
    "creation_date": "2015-11-25T16:17:25.980Z",
    "depth": 2,
    "position": 0,
    "path": "000T0001",
    "placeholder": 46,
    "plugin_type": "BootstrapColumnPlugin"
  },
  "model": "cms.cmsplugin",
  "pk": 343
},
{
  "fields": {
    "changed_date": "2015-11-25T16:17:51.669Z",
    "language": "de",
    "parent": 343,
    "numchild": 0,
    "creation_date": "2015-11-25T16:17:48.923Z",
    "depth": 3,
    "position": 0,
    "path": "000T00010001",
    "placeholder": 46,
    "plugin_type": "ShopCatalogPlugin"
  },
  "model": "cms.cmsplugin",
  "pk": 344
},
{
  "fields": {
    "changed_date": "2015-11-25T16:18:01.611Z",
    "language": "de",
    "parent": null,
    "numchild": 1,
    "creation_date": "2015-11-25T16:17:20.985Z",
    "depth": 1,
    "position": 0,
    "path": "000U",
    "placeholder": 48,
    "plugin_type": "BootstrapRowPlugin"
  },
  "model": "cms.cmsplugin",
  "pk": 345
},
{
  "fields": {
    "changed_date": "2015-11-25T16:18:01.643Z",
    "language": "de",
    "parent": 345,
    "numchild": 1,
    "creation_date": "2015-11-25T16:17:25.980Z",
    "depth": 2,
    "position": 0,
    "path": "000U0001",
    "placeholder": 48,
    "plugin_type": "BootstrapColumnPlugin"
  },
  "model": "cms.cmsplugin",
  "pk": 346
},
{
  "fields": {
    "changed_date": "2015-11-25T16:18:01.666Z",
    "language": "de",
    "parent": 346,
    "numchild": 0,
    "creation_date": "2015-11-25T16:17:48.923Z",
    "depth": 3,
    "position": 0,
    "path": "000U00010001",
    "placeholder": 48,
    "plugin_type": "ShopCatalogPlugin"
  },
  "model": "cms.cmsplugin",
  "pk": 347
},
{
  "fields": {
    "changed_date": "2016-01-15T07:57:09.379Z",
    "language": "de",
    "parent": 201,
    "numchild": 0,
    "creation_date": "2015-11-25T17:34:43.289Z",
    "depth": 4,
    "position": 0,
    "path": "001C000100010001",
    "placeholder": 23,
    "plugin_type": "BootstrapImagePlugin"
  },
  "model": "cms.cmsplugin",
  "pk": 348
},
{
  "fields": {
    "changed_date": "2016-01-15T08:23:58.497Z",
    "language": "en",
    "parent": 622,
    "numchild": 1,
    "creation_date": "2015-11-01T00:05:30.475Z",
    "depth": 2,
    "position": 0,
    "path": "001I0001",
    "placeholder": 14,
    "plugin_type": "BootstrapRowPlugin"
  },
  "model": "cms.cmsplugin",
  "pk": 359
},
{
  "fields": {
    "changed_date": "2016-01-15T08:23:56.306Z",
    "language": "en",
    "parent": 359,
    "numchild": 1,
    "creation_date": "2015-11-01T00:05:36.180Z",
    "depth": 3,
    "position": 0,
    "path": "001I00010001",
    "placeholder": 14,
    "plugin_type": "BootstrapColumnPlugin"
  },
  "model": "cms.cmsplugin",
  "pk": 360
},
{
  "fields": {
    "changed_date": "2016-01-15T08:23:56.316Z",
    "language": "en",
    "parent": 360,
    "numchild": 0,
    "creation_date": "2015-11-02T14:46:52.664Z",
    "depth": 4,
    "position": 0,
    "path": "001I000100010001",
    "placeholder": 14,
    "plugin_type": "ShopCartPlugin"
  },
  "model": "cms.cmsplugin",
  "pk": 361
},
{
  "fields": {
    "changed_date": "2016-01-15T08:23:58.517Z",
    "language": "en",
    "parent": 622,
    "numchild": 2,
    "creation_date": "2015-11-03T10:32:50.862Z",
    "depth": 2,
    "position": 1,
    "path": "001I0002",
    "placeholder": 14,
    "plugin_type": "BootstrapRowPlugin"
  },
  "model": "cms.cmsplugin",
  "pk": 362
},
{
  "fields": {
    "changed_date": "2016-01-15T08:23:58.440Z",
    "language": "en",
    "parent": 362,
    "numchild": 1,
    "creation_date": "2015-11-03T10:32:56.109Z",
    "depth": 3,
    "position": 0,
    "path": "001I00020001",
    "placeholder": 14,
    "plugin_type": "BootstrapColumnPlugin"
  },
  "model": "cms.cmsplugin",
  "pk": 363
},
{
  "fields": {
    "changed_date": "2016-01-15T08:23:58.450Z",
    "language": "en",
    "parent": 363,
    "numchild": 0,
    "creation_date": "2015-11-03T10:46:46.928Z",
    "depth": 4,
    "position": 0,
    "path": "001I000200010001",
    "placeholder": 14,
    "plugin_type": "BootstrapButtonPlugin"
  },
  "model": "cms.cmsplugin",
  "pk": 364
},
{
  "fields": {
    "changed_date": "2016-01-15T08:23:58.462Z",
    "language": "en",
    "parent": 362,
    "numchild": 1,
    "creation_date": "2015-11-03T10:32:56.205Z",
    "depth": 3,
    "position": 1,
    "path": "001I00020002",
    "placeholder": 14,
    "plugin_type": "BootstrapColumnPlugin"
  },
  "model": "cms.cmsplugin",
  "pk": 365
},
{
  "fields": {
    "changed_date": "2016-01-15T08:23:58.471Z",
    "language": "en",
    "parent": 365,
    "numchild": 0,
    "creation_date": "2015-11-03T16:29:17.878Z",
    "depth": 4,
    "position": 0,
    "path": "001I000200020001",
    "placeholder": 14,
    "plugin_type": "BootstrapButtonPlugin"
  },
  "model": "cms.cmsplugin",
  "pk": 366
},
{
  "fields": {
    "changed_date": "2016-01-15T08:25:01.220Z",
    "language": "en",
    "parent": 632,
    "numchild": 1,
    "creation_date": "2015-11-03T11:52:31.490Z",
    "depth": 2,
    "position": 0,
    "path": "001K0001",
    "placeholder": 19,
    "plugin_type": "SegmentPlugin"
  },
  "model": "cms.cmsplugin",
  "pk": 376
},
{
  "fields": {
    "changed_date": "2016-01-15T08:24:59.018Z",
    "language": "en",
    "parent": 376,
    "numchild": 1,
    "creation_date": "2015-11-03T12:00:22.464Z",
    "depth": 3,
    "position": 0,
    "path": "001K00010001",
    "placeholder": 19,
    "plugin_type": "BootstrapRowPlugin"
  },
  "model": "cms.cmsplugin",
  "pk": 377
},
{
  "fields": {
    "changed_date": "2016-01-15T08:24:59.030Z",
    "language": "en",
    "parent": 377,
    "numchild": 1,
    "creation_date": "2015-11-03T12:00:27.233Z",
    "depth": 4,
    "position": 0,
    "path": "001K000100010001",
    "placeholder": 19,
    "plugin_type": "BootstrapColumnPlugin"
  },
  "model": "cms.cmsplugin",
  "pk": 378
},
{
  "fields": {
    "changed_date": "2016-01-15T08:24:59.044Z",
    "language": "en",
    "parent": 378,
    "numchild": 3,
    "creation_date": "2015-11-03T12:01:52.087Z",
    "depth": 5,
    "position": 0,
    "path": "001K0001000100010001",
    "placeholder": 19,
    "plugin_type": "ProcessBarPlugin"
  },
  "model": "cms.cmsplugin",
  "pk": 379
},
{
  "fields": {
    "changed_date": "2016-01-15T08:24:59.054Z",
    "language": "en",
    "parent": 379,
    "numchild": 3,
    "creation_date": "2015-11-03T12:01:57.069Z",
    "depth": 6,
    "position": 0,
    "path": "001K00010001000100010001",
    "placeholder": 19,
    "plugin_type": "ProcessStepPlugin"
  },
  "model": "cms.cmsplugin",
  "pk": 380
},
{
  "fields": {
    "changed_date": "2016-01-15T08:24:59.063Z",
    "language": "en",
    "parent": 380,
    "numchild": 1,
    "creation_date": "2015-11-03T12:03:13.411Z",
    "depth": 7,
    "position": 0,
    "path": "001K000100010001000100010001",
    "placeholder": 19,
    "plugin_type": "SegmentPlugin"
  },
  "model": "cms.cmsplugin",
  "pk": 381
},
{
  "fields": {
    "changed_date": "2016-01-15T08:24:59.075Z",
    "language": "en",
    "parent": 381,
    "numchild": 0,
    "creation_date": "2015-11-03T12:05:35.165Z",
    "depth": 8,
    "position": 0,
    "path": "001K0001000100010001000100010001",
    "placeholder": 19,
    "plugin_type": "CustomerFormPlugin"
  },
  "model": "cms.cmsplugin",
  "pk": 382
},
{
  "fields": {
    "changed_date": "2016-01-15T08:24:59.085Z",
    "language": "en",
    "parent": 380,
    "numchild": 1,
    "creation_date": "2015-11-03T12:03:40.516Z",
    "depth": 7,
    "position": 1,
    "path": "001K000100010001000100010002",
    "placeholder": 19,
    "plugin_type": "SegmentPlugin"
  },
  "model": "cms.cmsplugin",
  "pk": 383
},
{
  "fields": {
    "changed_date": "2016-01-15T08:24:59.094Z",
    "language": "en",
    "parent": 383,
    "numchild": 0,
    "creation_date": "2015-11-03T12:04:17.682Z",
    "depth": 8,
    "position": 0,
    "path": "001K0001000100010001000100020001",
    "placeholder": 19,
    "plugin_type": "GuestFormPlugin"
  },
  "model": "cms.cmsplugin",
  "pk": 384
},
{
  "fields": {
    "changed_date": "2016-01-15T08:24:59.103Z",
    "language": "en",
    "parent": 380,
    "numchild": 0,
    "creation_date": "2015-11-03T12:06:29.969Z",
    "depth": 7,
    "position": 2,
    "path": "001K000100010001000100010003",
    "placeholder": 19,
    "plugin_type": "ProcessNextStepPlugin"
  },
  "model": "cms.cmsplugin",
  "pk": 385
},
{
  "fields": {
    "changed_date": "2016-01-15T08:24:59.113Z",
    "language": "en",
    "parent": 379,
    "numchild": 3,
    "creation_date": "2015-11-03T12:01:57.141Z",
    "depth": 6,
    "position": 1,
    "path": "001K00010001000100010002",
    "placeholder": 19,
    "plugin_type": "ProcessStepPlugin"
  },
  "model": "cms.cmsplugin",
  "pk": 386
},
{
  "fields": {
    "changed_date": "2016-01-15T08:24:59.123Z",
    "language": "en",
    "parent": 386,
    "numchild": 0,
    "creation_date": "2015-11-03T12:07:45.248Z",
    "depth": 7,
    "position": 0,
    "path": "001K000100010001000100020001",
    "placeholder": 19,
    "plugin_type": "ShippingAddressFormPlugin"
  },
  "model": "cms.cmsplugin",
  "pk": 387
},
{
  "fields": {
    "changed_date": "2016-01-15T08:24:59.132Z",
    "language": "en",
    "parent": 386,
    "numchild": 0,
    "creation_date": "2015-11-03T12:08:16.160Z",
    "depth": 7,
    "position": 1,
    "path": "001K000100010001000100020002",
    "placeholder": 19,
    "plugin_type": "BillingAddressFormPlugin"
  },
  "model": "cms.cmsplugin",
  "pk": 388
},
{
  "fields": {
    "changed_date": "2016-01-15T08:24:59.141Z",
    "language": "en",
    "parent": 386,
    "numchild": 0,
    "creation_date": "2015-11-03T12:08:38.948Z",
    "depth": 7,
    "position": 2,
    "path": "001K000100010001000100020003",
    "placeholder": 19,
    "plugin_type": "ProcessNextStepPlugin"
  },
  "model": "cms.cmsplugin",
  "pk": 389
},
{
  "fields": {
    "changed_date": "2016-01-15T08:24:59.152Z",
    "language": "en",
    "parent": 379,
    "numchild": 6,
    "creation_date": "2015-11-03T12:01:57.216Z",
    "depth": 6,
    "position": 2,
    "path": "001K00010001000100010003",
    "placeholder": 19,
    "plugin_type": "ProcessStepPlugin"
  },
  "model": "cms.cmsplugin",
  "pk": 390
},
{
  "fields": {
    "changed_date": "2016-01-15T08:24:59.161Z",
    "language": "en",
    "parent": 390,
    "numchild": 0,
    "creation_date": "2015-11-03T12:09:28.368Z",
    "depth": 7,
    "position": 0,
    "path": "001K000100010001000100030001",
    "placeholder": 19,
    "plugin_type": "ShopCartPlugin"
  },
  "model": "cms.cmsplugin",
  "pk": 391
},
{
  "fields": {
    "changed_date": "2016-01-15T08:24:59.173Z",
    "language": "en",
    "parent": 390,
    "numchild": 0,
    "creation_date": "2015-11-03T12:10:27.667Z",
    "depth": 7,
    "position": 1,
    "path": "001K000100010001000100030002",
    "placeholder": 19,
    "plugin_type": "PaymentMethodFormPlugin"
  },
  "model": "cms.cmsplugin",
  "pk": 392
},
{
  "fields": {
    "changed_date": "2016-01-15T08:24:59.184Z",
    "language": "en",
    "parent": 390,
    "numchild": 0,
    "creation_date": "2015-11-03T12:10:56.492Z",
    "depth": 7,
    "position": 2,
    "path": "001K000100010001000100030003",
    "placeholder": 19,
    "plugin_type": "ShippingMethodFormPlugin"
  },
  "model": "cms.cmsplugin",
  "pk": 393
},
{
  "fields": {
    "changed_date": "2016-01-15T08:24:59.194Z",
    "language": "en",
    "parent": 390,
    "numchild": 0,
    "creation_date": "2015-11-03T12:11:30.640Z",
    "depth": 7,
    "position": 3,
    "path": "001K000100010001000100030004",
    "placeholder": 19,
    "plugin_type": "ExtraAnnotationFormPlugin"
  },
  "model": "cms.cmsplugin",
  "pk": 394
},
{
  "fields": {
    "changed_date": "2016-01-15T11:27:50.190Z",
    "language": "en",
    "parent": 390,
    "numchild": 1,
    "creation_date": "2015-11-03T12:12:11.300Z",
    "depth": 7,
    "position": 4,
    "path": "001K000100010001000100030005",
    "placeholder": 19,
    "plugin_type": "AcceptConditionFormPlugin"
  },
  "model": "cms.cmsplugin",
  "pk": 395
},
{
  "fields": {
    "changed_date": "2016-01-15T10:21:46.654Z",
    "language": "en",
    "parent": 390,
    "numchild": 0,
    "creation_date": "2015-11-03T15:12:48.394Z",
    "depth": 7,
    "position": 5,
    "path": "001K000100010001000100030006",
    "placeholder": 19,
    "plugin_type": "ShopProceedButton"
  },
  "model": "cms.cmsplugin",
  "pk": 396
},
{
  "fields": {
    "changed_date": "2016-01-15T08:25:01.237Z",
    "language": "en",
    "parent": 632,
    "numchild": 1,
    "creation_date": "2015-11-03T11:52:57.955Z",
    "depth": 2,
    "position": 1,
    "path": "001K0002",
    "placeholder": 19,
    "plugin_type": "SegmentPlugin"
  },
  "model": "cms.cmsplugin",
  "pk": 397
},
{
  "fields": {
    "changed_date": "2016-01-15T08:25:01.135Z",
    "language": "en",
    "parent": 397,
    "numchild": 3,
    "creation_date": "2015-11-13T07:58:26.829Z",
    "depth": 3,
    "position": 0,
    "path": "001K00020001",
    "placeholder": 19,
    "plugin_type": "BootstrapRowPlugin"
  },
  "model": "cms.cmsplugin",
  "pk": 398
},
{
  "fields": {
    "changed_date": "2016-01-15T08:25:01.144Z",
    "language": "en",
    "parent": 398,
    "numchild": 1,
    "creation_date": "2015-11-13T07:58:30.141Z",
    "depth": 4,
    "position": 0,
    "path": "001K000200010001",
    "placeholder": 19,
    "plugin_type": "BootstrapColumnPlugin"
  },
  "model": "cms.cmsplugin",
  "pk": 399
},
{
  "fields": {
    "changed_date": "2016-01-15T08:25:01.154Z",
    "language": "en",
    "parent": 399,
    "numchild": 0,
    "creation_date": "2015-11-13T07:59:27.855Z",
    "depth": 5,
    "position": 0,
    "path": "001K0002000100010001",
    "placeholder": 19,
    "plugin_type": "ShopAuthenticationPlugin"
  },
  "model": "cms.cmsplugin",
  "pk": 400
},
{
  "fields": {
    "changed_date": "2016-01-15T08:25:01.164Z",
    "language": "en",
    "parent": 398,
    "numchild": 1,
    "creation_date": "2015-11-13T07:58:30.251Z",
    "depth": 4,
    "position": 1,
    "path": "001K000200010002",
    "placeholder": 19,
    "plugin_type": "BootstrapColumnPlugin"
  },
  "model": "cms.cmsplugin",
  "pk": 401
},
{
  "fields": {
    "changed_date": "2016-01-15T08:25:01.175Z",
    "language": "en",
    "parent": 401,
    "numchild": 0,
    "creation_date": "2015-11-13T08:01:15.285Z",
    "depth": 5,
    "position": 0,
    "path": "001K0002000100020001",
    "placeholder": 19,
    "plugin_type": "ShopAuthenticationPlugin"
  },
  "model": "cms.cmsplugin",
  "pk": 402
},
{
  "fields": {
    "changed_date": "2016-01-15T08:25:01.185Z",
    "language": "en",
    "parent": 398,
    "numchild": 1,
    "creation_date": "2015-11-13T07:58:30.362Z",
    "depth": 4,
    "position": 2,
    "path": "001K000200010003",
    "placeholder": 19,
    "plugin_type": "BootstrapColumnPlugin"
  },
  "model": "cms.cmsplugin",
  "pk": 403
},
{
  "fields": {
    "changed_date": "2016-01-15T08:25:01.196Z",
    "language": "en",
    "parent": 403,
    "numchild": 0,
    "creation_date": "2015-11-13T08:01:42.825Z",
    "depth": 5,
    "position": 0,
    "path": "001K0002000100030001",
    "placeholder": 19,
    "plugin_type": "ShopAuthenticationPlugin"
  },
  "model": "cms.cmsplugin",
  "pk": 404
},
{
  "fields": {
    "changed_date": "2015-12-01T21:56:57.232Z",
    "language": "de",
    "parent": null,
    "numchild": 1,
    "creation_date": "2015-11-01T00:05:30.475Z",
    "depth": 1,
    "position": 0,
    "path": "0015",
    "placeholder": 16,
    "plugin_type": "BootstrapRowPlugin"
  },
  "model": "cms.cmsplugin",
  "pk": 557
},
{
  "fields": {
    "changed_date": "2015-12-01T21:56:57.271Z",
    "language": "de",
    "parent": 557,
    "numchild": 1,
    "creation_date": "2015-11-01T00:05:36.180Z",
    "depth": 2,
    "position": 0,
    "path": "00150001",
    "placeholder": 16,
    "plugin_type": "BootstrapColumnPlugin"
  },
  "model": "cms.cmsplugin",
  "pk": 558
},
{
  "fields": {
    "changed_date": "2015-12-01T21:56:57.299Z",
    "language": "de",
    "parent": 558,
    "numchild": 0,
    "creation_date": "2015-11-02T14:46:52.664Z",
    "depth": 3,
    "position": 0,
    "path": "001500010001",
    "placeholder": 16,
    "plugin_type": "ShopCartPlugin"
  },
  "model": "cms.cmsplugin",
  "pk": 559
},
{
  "fields": {
    "changed_date": "2015-12-01T21:56:57.323Z",
    "language": "de",
    "parent": null,
    "numchild": 2,
    "creation_date": "2015-11-03T10:32:50.862Z",
    "depth": 1,
    "position": 1,
    "path": "0016",
    "placeholder": 16,
    "plugin_type": "BootstrapRowPlugin"
  },
  "model": "cms.cmsplugin",
  "pk": 560
},
{
  "fields": {
    "changed_date": "2015-12-01T21:56:57.356Z",
    "language": "de",
    "parent": 560,
    "numchild": 1,
    "creation_date": "2015-11-03T10:32:56.109Z",
    "depth": 2,
    "position": 0,
    "path": "00160001",
    "placeholder": 16,
    "plugin_type": "BootstrapColumnPlugin"
  },
  "model": "cms.cmsplugin",
  "pk": 561
},
{
  "fields": {
    "changed_date": "2015-12-01T21:56:57.379Z",
    "language": "de",
    "parent": 561,
    "numchild": 0,
    "creation_date": "2015-11-03T10:46:46.928Z",
    "depth": 3,
    "position": 0,
    "path": "001600010001",
    "placeholder": 16,
    "plugin_type": "BootstrapButtonPlugin"
  },
  "model": "cms.cmsplugin",
  "pk": 562
},
{
  "fields": {
    "changed_date": "2015-12-01T21:56:57.415Z",
    "language": "de",
    "parent": 560,
    "numchild": 1,
    "creation_date": "2015-11-03T10:32:56.205Z",
    "depth": 2,
    "position": 1,
    "path": "00160002",
    "placeholder": 16,
    "plugin_type": "BootstrapColumnPlugin"
  },
  "model": "cms.cmsplugin",
  "pk": 563
},
{
  "fields": {
    "changed_date": "2015-12-01T21:56:57.438Z",
    "language": "de",
    "parent": 563,
    "numchild": 0,
    "creation_date": "2015-11-03T16:29:17.878Z",
    "depth": 3,
    "position": 0,
    "path": "001600020001",
    "placeholder": 16,
    "plugin_type": "BootstrapButtonPlugin"
  },
  "model": "cms.cmsplugin",
  "pk": 564
},
{
  "fields": {
    "changed_date": "2016-01-15T08:11:16.837Z",
    "language": "en",
    "parent": 607,
    "numchild": 2,
    "creation_date": "2015-11-05T11:08:54.064Z",
    "depth": 2,
    "position": 0,
    "path": "001E0001",
    "placeholder": 23,
    "plugin_type": "BootstrapRowPlugin"
  },
  "model": "cms.cmsplugin",
  "pk": 565
},
{
  "fields": {
    "changed_date": "2016-01-15T08:11:16.772Z",
    "language": "en",
    "parent": 565,
    "numchild": 1,
    "creation_date": "2015-11-05T11:09:02.696Z",
    "depth": 3,
    "position": 0,
    "path": "001E00010001",
    "placeholder": 23,
    "plugin_type": "BootstrapColumnPlugin"
  },
  "model": "cms.cmsplugin",
  "pk": 566
},
{
  "fields": {
    "changed_date": "2016-01-15T08:11:16.784Z",
    "language": "en",
    "parent": 566,
    "numchild": 0,
    "creation_date": "2015-11-25T17:34:43.289Z",
    "depth": 4,
    "position": 0,
    "path": "001E000100010001",
    "placeholder": 23,
    "plugin_type": "BootstrapImagePlugin"
  },
  "model": "cms.cmsplugin",
  "pk": 567
},
{
  "fields": {
    "changed_date": "2016-01-15T08:11:16.795Z",
    "language": "en",
    "parent": 565,
    "numchild": 1,
    "creation_date": "2015-11-05T11:09:02.802Z",
    "depth": 3,
    "position": 1,
    "path": "001E00010002",
    "placeholder": 23,
    "plugin_type": "BootstrapColumnPlugin"
  },
  "model": "cms.cmsplugin",
  "pk": 568
},
{
  "fields": {
    "changed_date": "2016-01-15T08:11:16.808Z",
    "language": "en",
    "parent": 568,
    "numchild": 0,
    "creation_date": "2015-12-01T21:58:00.739Z",
    "depth": 4,
    "position": null,
    "path": "001E000100020001",
    "placeholder": 23,
    "plugin_type": "TextPlugin"
  },
  "model": "cms.cmsplugin",
  "pk": 569
},
{
  "fields": {
    "changed_date": "2016-01-15T07:56:58.334Z",
    "language": "de",
    "parent": null,
    "numchild": 1,
    "creation_date": "2016-01-15T07:56:56.261Z",
    "depth": 1,
    "position": 5,
    "path": "001C",
    "placeholder": 23,
    "plugin_type": "BootstrapContainerPlugin"
  },
  "model": "cms.cmsplugin",
  "pk": 600
},
{
  "fields": {
    "changed_date": "2016-01-15T07:57:23.410Z",
    "language": "de",
    "parent": null,
    "numchild": 1,
    "creation_date": "2016-01-15T07:56:56.261Z",
    "depth": 1,
    "position": 5,
    "path": "001D",
    "placeholder": 25,
    "plugin_type": "BootstrapContainerPlugin"
  },
  "model": "cms.cmsplugin",
  "pk": 601
},
{
  "fields": {
    "changed_date": "2016-01-15T07:57:23.438Z",
    "language": "de",
    "parent": 601,
    "numchild": 2,
    "creation_date": "2015-11-05T11:08:54.064Z",
    "depth": 2,
    "position": 0,
    "path": "001D0001",
    "placeholder": 25,
    "plugin_type": "BootstrapRowPlugin"
  },
  "model": "cms.cmsplugin",
  "pk": 602
},
{
  "fields": {
    "changed_date": "2016-01-15T07:57:23.488Z",
    "language": "de",
    "parent": 602,
    "numchild": 1,
    "creation_date": "2015-11-05T11:09:02.696Z",
    "depth": 3,
    "position": 0,
    "path": "001D00010001",
    "placeholder": 25,
    "plugin_type": "BootstrapColumnPlugin"
  },
  "model": "cms.cmsplugin",
  "pk": 603
},
{
  "fields": {
    "changed_date": "2016-01-15T07:57:23.516Z",
    "language": "de",
    "parent": 603,
    "numchild": 0,
    "creation_date": "2015-11-25T17:34:43.289Z",
    "depth": 4,
    "position": 0,
    "path": "001D000100010001",
    "placeholder": 25,
    "plugin_type": "BootstrapImagePlugin"
  },
  "model": "cms.cmsplugin",
  "pk": 604
},
{
  "fields": {
    "changed_date": "2016-01-15T07:57:23.567Z",
    "language": "de",
    "parent": 602,
    "numchild": 1,
    "creation_date": "2015-11-05T11:09:02.802Z",
    "depth": 3,
    "position": 1,
    "path": "001D00010002",
    "placeholder": 25,
    "plugin_type": "BootstrapColumnPlugin"
  },
  "model": "cms.cmsplugin",
  "pk": 605
},
{
  "fields": {
    "changed_date": "2016-01-15T07:57:23.650Z",
    "language": "de",
    "parent": 605,
    "numchild": 0,
    "creation_date": "2015-11-05T12:07:15.175Z",
    "depth": 4,
    "position": 0,
    "path": "001D000100020001",
    "placeholder": 25,
    "plugin_type": "TextPlugin"
  },
  "model": "cms.cmsplugin",
  "pk": 606
},
{
  "fields": {
    "changed_date": "2016-01-15T08:11:08.200Z",
    "language": "en",
    "parent": null,
    "numchild": 1,
    "creation_date": "2016-01-15T08:11:06.160Z",
    "depth": 1,
    "position": 5,
    "path": "001E",
    "placeholder": 23,
    "plugin_type": "BootstrapContainerPlugin"
  },
  "model": "cms.cmsplugin",
  "pk": 607
},
{
  "fields": {
    "changed_date": "2016-01-15T08:11:21.001Z",
    "language": "en",
    "parent": null,
    "numchild": 1,
    "creation_date": "2016-01-15T08:11:06.160Z",
    "depth": 1,
    "position": 5,
    "path": "001F",
    "placeholder": 25,
    "plugin_type": "BootstrapContainerPlugin"
  },
  "model": "cms.cmsplugin",
  "pk": 608
},
{
  "fields": {
    "changed_date": "2016-01-15T08:11:21.033Z",
    "language": "en",
    "parent": 608,
    "numchild": 2,
    "creation_date": "2015-11-05T11:08:54.064Z",
    "depth": 2,
    "position": 0,
    "path": "001F0001",
    "placeholder": 25,
    "plugin_type": "BootstrapRowPlugin"
  },
  "model": "cms.cmsplugin",
  "pk": 609
},
{
  "fields": {
    "changed_date": "2016-01-15T08:11:21.074Z",
    "language": "en",
    "parent": 609,
    "numchild": 1,
    "creation_date": "2015-11-05T11:09:02.696Z",
    "depth": 3,
    "position": 0,
    "path": "001F00010001",
    "placeholder": 25,
    "plugin_type": "BootstrapColumnPlugin"
  },
  "model": "cms.cmsplugin",
  "pk": 610
},
{
  "fields": {
    "changed_date": "2016-01-15T08:11:21.098Z",
    "language": "en",
    "parent": 610,
    "numchild": 0,
    "creation_date": "2015-11-25T17:34:43.289Z",
    "depth": 4,
    "position": 0,
    "path": "001F000100010001",
    "placeholder": 25,
    "plugin_type": "BootstrapImagePlugin"
  },
  "model": "cms.cmsplugin",
  "pk": 611
},
{
  "fields": {
    "changed_date": "2016-01-15T08:11:21.146Z",
    "language": "en",
    "parent": 609,
    "numchild": 1,
    "creation_date": "2015-11-05T11:09:02.802Z",
    "depth": 3,
    "position": 1,
    "path": "001F00010002",
    "placeholder": 25,
    "plugin_type": "BootstrapColumnPlugin"
  },
  "model": "cms.cmsplugin",
  "pk": 612
},
{
  "fields": {
    "changed_date": "2016-01-15T08:11:21.221Z",
    "language": "en",
    "parent": 612,
    "numchild": 0,
    "creation_date": "2015-12-01T21:58:00.739Z",
    "depth": 4,
    "position": null,
    "path": "001F000100020001",
    "placeholder": 25,
    "plugin_type": "TextPlugin"
  },
  "model": "cms.cmsplugin",
  "pk": 613
},
{
  "fields": {
    "changed_date": "2016-01-15T08:18:07.102Z",
    "language": "en",
    "parent": null,
    "numchild": 1,
    "creation_date": "2016-01-15T08:18:04.711Z",
    "depth": 1,
    "position": 0,
    "path": "001G",
    "placeholder": 46,
    "plugin_type": "BootstrapContainerPlugin"
  },
  "model": "cms.cmsplugin",
  "pk": 614
},
{
  "fields": {
    "changed_date": "2016-01-15T08:18:19.154Z",
    "language": "en",
    "parent": 614,
    "numchild": 1,
    "creation_date": "2016-01-15T08:18:14.292Z",
    "depth": 2,
    "position": 0,
    "path": "001G0001",
    "placeholder": 46,
    "plugin_type": "BootstrapRowPlugin"
  },
  "model": "cms.cmsplugin",
  "pk": 615
},
{
  "fields": {
    "changed_date": "2016-01-15T08:18:19.287Z",
    "language": "en",
    "parent": 615,
    "numchild": 1,
    "creation_date": "2016-01-15T08:18:19.183Z",
    "depth": 3,
    "position": 0,
    "path": "001G00010001",
    "placeholder": 46,
    "plugin_type": "BootstrapColumnPlugin"
  },
  "model": "cms.cmsplugin",
  "pk": 616
},
{
  "fields": {
    "changed_date": "2016-01-15T08:18:48.168Z",
    "language": "en",
    "parent": 616,
    "numchild": 0,
    "creation_date": "2016-01-15T08:18:46.167Z",
    "depth": 4,
    "position": 0,
    "path": "001G000100010001",
    "placeholder": 46,
    "plugin_type": "ShopCatalogPlugin"
  },
  "model": "cms.cmsplugin",
  "pk": 617
},
{
  "fields": {
    "changed_date": "2016-01-15T08:19:03.076Z",
    "language": "en",
    "parent": null,
    "numchild": 1,
    "creation_date": "2016-01-15T08:18:04.711Z",
    "depth": 1,
    "position": 0,
    "path": "001H",
    "placeholder": 48,
    "plugin_type": "BootstrapContainerPlugin"
  },
  "model": "cms.cmsplugin",
  "pk": 618
},
{
  "fields": {
    "changed_date": "2016-01-15T08:19:03.102Z",
    "language": "en",
    "parent": 618,
    "numchild": 1,
    "creation_date": "2016-01-15T08:18:14.292Z",
    "depth": 2,
    "position": 0,
    "path": "001H0001",
    "placeholder": 48,
    "plugin_type": "BootstrapRowPlugin"
  },
  "model": "cms.cmsplugin",
  "pk": 619
},
{
  "fields": {
    "changed_date": "2016-01-15T08:19:03.147Z",
    "language": "en",
    "parent": 619,
    "numchild": 1,
    "creation_date": "2016-01-15T08:18:19.183Z",
    "depth": 3,
    "position": 0,
    "path": "001H00010001",
    "placeholder": 48,
    "plugin_type": "BootstrapColumnPlugin"
  },
  "model": "cms.cmsplugin",
  "pk": 620
},
{
  "fields": {
    "changed_date": "2016-01-15T08:19:03.174Z",
    "language": "en",
    "parent": 620,
    "numchild": 0,
    "creation_date": "2016-01-15T08:18:46.167Z",
    "depth": 4,
    "position": 0,
    "path": "001H000100010001",
    "placeholder": 48,
    "plugin_type": "ShopCatalogPlugin"
  },
  "model": "cms.cmsplugin",
  "pk": 621
},
{
  "fields": {
    "changed_date": "2016-01-15T08:23:44.611Z",
    "language": "en",
    "parent": null,
    "numchild": 2,
    "creation_date": "2016-01-15T08:23:42.448Z",
    "depth": 1,
    "position": 8,
    "path": "001I",
    "placeholder": 14,
    "plugin_type": "BootstrapContainerPlugin"
  },
  "model": "cms.cmsplugin",
  "pk": 622
},
{
  "fields": {
    "changed_date": "2016-01-15T08:24:02.198Z",
    "language": "en",
    "parent": null,
    "numchild": 2,
    "creation_date": "2016-01-15T08:23:42.448Z",
    "depth": 1,
    "position": 8,
    "path": "001J",
    "placeholder": 16,
    "plugin_type": "BootstrapContainerPlugin"
  },
  "model": "cms.cmsplugin",
  "pk": 623
},
{
  "fields": {
    "changed_date": "2016-01-15T08:24:02.223Z",
    "language": "en",
    "parent": 623,
    "numchild": 1,
    "creation_date": "2015-11-01T00:05:30.475Z",
    "depth": 2,
    "position": 0,
    "path": "001J0001",
    "placeholder": 16,
    "plugin_type": "BootstrapRowPlugin"
  },
  "model": "cms.cmsplugin",
  "pk": 624
},
{
  "fields": {
    "changed_date": "2016-01-15T08:24:02.264Z",
    "language": "en",
    "parent": 624,
    "numchild": 1,
    "creation_date": "2015-11-01T00:05:36.180Z",
    "depth": 3,
    "position": 0,
    "path": "001J00010001",
    "placeholder": 16,
    "plugin_type": "BootstrapColumnPlugin"
  },
  "model": "cms.cmsplugin",
  "pk": 625
},
{
  "fields": {
    "changed_date": "2016-01-15T08:24:02.289Z",
    "language": "en",
    "parent": 625,
    "numchild": 0,
    "creation_date": "2015-11-02T14:46:52.664Z",
    "depth": 4,
    "position": 0,
    "path": "001J000100010001",
    "placeholder": 16,
    "plugin_type": "ShopCartPlugin"
  },
  "model": "cms.cmsplugin",
  "pk": 626
},
{
  "fields": {
    "changed_date": "2016-01-15T08:24:02.319Z",
    "language": "en",
    "parent": 623,
    "numchild": 2,
    "creation_date": "2015-11-03T10:32:50.862Z",
    "depth": 2,
    "position": 1,
    "path": "001J0002",
    "placeholder": 16,
    "plugin_type": "BootstrapRowPlugin"
  },
  "model": "cms.cmsplugin",
  "pk": 627
},
{
  "fields": {
    "changed_date": "2016-01-15T08:24:02.363Z",
    "language": "en",
    "parent": 627,
    "numchild": 1,
    "creation_date": "2015-11-03T10:32:56.109Z",
    "depth": 3,
    "position": 0,
    "path": "001J00020001",
    "placeholder": 16,
    "plugin_type": "BootstrapColumnPlugin"
  },
  "model": "cms.cmsplugin",
  "pk": 628
},
{
  "fields": {
    "changed_date": "2016-01-15T08:24:02.388Z",
    "language": "en",
    "parent": 628,
    "numchild": 0,
    "creation_date": "2015-11-03T10:46:46.928Z",
    "depth": 4,
    "position": 0,
    "path": "001J000200010001",
    "placeholder": 16,
    "plugin_type": "BootstrapButtonPlugin"
  },
  "model": "cms.cmsplugin",
  "pk": 629
},
{
  "fields": {
    "changed_date": "2016-01-15T08:24:02.433Z",
    "language": "en",
    "parent": 627,
    "numchild": 1,
    "creation_date": "2015-11-03T10:32:56.205Z",
    "depth": 3,
    "position": 1,
    "path": "001J00020002",
    "placeholder": 16,
    "plugin_type": "BootstrapColumnPlugin"
  },
  "model": "cms.cmsplugin",
  "pk": 630
},
{
  "fields": {
    "changed_date": "2016-01-15T08:24:02.457Z",
    "language": "en",
    "parent": 630,
    "numchild": 0,
    "creation_date": "2015-11-03T16:29:17.878Z",
    "depth": 4,
    "position": 0,
    "path": "001J000200020001",
    "placeholder": 16,
    "plugin_type": "BootstrapButtonPlugin"
  },
  "model": "cms.cmsplugin",
  "pk": 631
},
{
  "fields": {
    "changed_date": "2016-01-15T08:25:46.506Z",
    "language": "en",
    "parent": null,
    "numchild": 2,
    "creation_date": "2016-01-15T08:24:33.623Z",
    "depth": 1,
    "position": 0,
    "path": "001K",
    "placeholder": 19,
    "plugin_type": "BootstrapContainerPlugin"
  },
  "model": "cms.cmsplugin",
  "pk": 632
},
{
  "fields": {
    "changed_date": "2016-01-15T11:27:48.217Z",
    "language": "en",
    "parent": 395,
    "numchild": 0,
    "creation_date": "2016-01-15T11:27:41.947Z",
    "depth": 8,
    "position": 0,
    "path": "001K0001000100010001000300050001",
    "placeholder": 19,
    "plugin_type": "TextLinkPlugin"
  },
  "model": "cms.cmsplugin",
  "pk": 724
},
{
  "fields": {
    "changed_date": "2016-01-15T11:29:09.391Z",
    "language": "en",
    "parent": null,
    "numchild": 1,
    "creation_date": "2016-01-15T11:29:06.706Z",
    "depth": 1,
    "position": 0,
    "path": "001M",
    "placeholder": 39,
    "plugin_type": "BootstrapContainerPlugin"
  },
  "model": "cms.cmsplugin",
  "pk": 725
},
{
  "fields": {
    "changed_date": "2016-01-15T11:29:22.631Z",
    "language": "en",
    "parent": 725,
    "numchild": 1,
    "creation_date": "2016-01-15T11:29:18.398Z",
    "depth": 2,
    "position": 0,
    "path": "001M0001",
    "placeholder": 39,
    "plugin_type": "BootstrapRowPlugin"
  },
  "model": "cms.cmsplugin",
  "pk": 726
},
{
  "fields": {
    "changed_date": "2016-01-15T11:29:22.762Z",
    "language": "en",
    "parent": 726,
    "numchild": 1,
    "creation_date": "2016-01-15T11:29:22.659Z",
    "depth": 3,
    "position": 0,
    "path": "001M00010001",
    "placeholder": 39,
    "plugin_type": "BootstrapColumnPlugin"
  },
  "model": "cms.cmsplugin",
  "pk": 727
},
{
  "fields": {
    "changed_date": "2016-01-15T11:32:52.919Z",
    "language": "en",
    "parent": 727,
    "numchild": 0,
    "creation_date": "2016-01-15T11:29:38.697Z",
    "depth": 4,
    "position": 0,
    "path": "001M000100010001",
    "placeholder": 39,
    "plugin_type": "TextPlugin"
  },
  "model": "cms.cmsplugin",
  "pk": 728
},
{
  "fields": {
    "changed_date": "2016-01-15T11:33:00.940Z",
    "language": "en",
    "parent": null,
    "numchild": 1,
    "creation_date": "2016-01-15T11:29:06.706Z",
    "depth": 1,
    "position": 0,
    "path": "001N",
    "placeholder": 41,
    "plugin_type": "BootstrapContainerPlugin"
  },
  "model": "cms.cmsplugin",
  "pk": 729
},
{
  "fields": {
    "changed_date": "2016-01-15T11:33:00.969Z",
    "language": "en",
    "parent": 729,
    "numchild": 1,
    "creation_date": "2016-01-15T11:29:18.398Z",
    "depth": 2,
    "position": 0,
    "path": "001N0001",
    "placeholder": 41,
    "plugin_type": "BootstrapRowPlugin"
  },
  "model": "cms.cmsplugin",
  "pk": 730
},
{
  "fields": {
    "changed_date": "2016-01-15T11:33:01.011Z",
    "language": "en",
    "parent": 730,
    "numchild": 1,
    "creation_date": "2016-01-15T11:29:22.659Z",
    "depth": 3,
    "position": 0,
    "path": "001N00010001",
    "placeholder": 41,
    "plugin_type": "BootstrapColumnPlugin"
  },
  "model": "cms.cmsplugin",
  "pk": 731
},
{
  "fields": {
    "changed_date": "2016-01-15T11:33:01.141Z",
    "language": "en",
    "parent": 731,
    "numchild": 0,
    "creation_date": "2016-01-15T11:29:38.697Z",
    "depth": 4,
    "position": 0,
    "path": "001N000100010001",
    "placeholder": 41,
    "plugin_type": "TextPlugin"
  },
  "model": "cms.cmsplugin",
  "pk": 732
},
{
  "fields": {
    "changed_date": "2016-01-15T11:33:16.728Z",
    "language": "en",
    "parent": null,
    "numchild": 2,
    "creation_date": "2016-01-15T08:24:33.623Z",
    "depth": 1,
    "position": 0,
    "path": "001O",
    "placeholder": 21,
    "plugin_type": "BootstrapContainerPlugin"
  },
  "model": "cms.cmsplugin",
  "pk": 733
},
{
  "fields": {
    "changed_date": "2016-01-15T11:33:16.761Z",
    "language": "en",
    "parent": 733,
    "numchild": 1,
    "creation_date": "2015-11-03T11:52:31.490Z",
    "depth": 2,
    "position": 0,
    "path": "001O0001",
    "placeholder": 21,
    "plugin_type": "SegmentPlugin"
  },
  "model": "cms.cmsplugin",
  "pk": 734
},
{
  "fields": {
    "changed_date": "2016-01-15T11:33:16.790Z",
    "language": "en",
    "parent": 734,
    "numchild": 1,
    "creation_date": "2015-11-03T12:00:22.464Z",
    "depth": 3,
    "position": 0,
    "path": "001O00010001",
    "placeholder": 21,
    "plugin_type": "BootstrapRowPlugin"
  },
  "model": "cms.cmsplugin",
  "pk": 735
},
{
  "fields": {
    "changed_date": "2016-01-15T11:33:16.845Z",
    "language": "en",
    "parent": 735,
    "numchild": 1,
    "creation_date": "2015-11-03T12:00:27.233Z",
    "depth": 4,
    "position": 0,
    "path": "001O000100010001",
    "placeholder": 21,
    "plugin_type": "BootstrapColumnPlugin"
  },
  "model": "cms.cmsplugin",
  "pk": 736
},
{
  "fields": {
    "changed_date": "2016-01-15T11:33:16.874Z",
    "language": "en",
    "parent": 736,
    "numchild": 3,
    "creation_date": "2015-11-03T12:01:52.087Z",
    "depth": 5,
    "position": 0,
    "path": "001O0001000100010001",
    "placeholder": 21,
    "plugin_type": "ProcessBarPlugin"
  },
  "model": "cms.cmsplugin",
  "pk": 737
},
{
  "fields": {
    "changed_date": "2016-01-15T11:33:16.905Z",
    "language": "en",
    "parent": 737,
    "numchild": 3,
    "creation_date": "2015-11-03T12:01:57.069Z",
    "depth": 6,
    "position": 0,
    "path": "001O00010001000100010001",
    "placeholder": 21,
    "plugin_type": "ProcessStepPlugin"
  },
  "model": "cms.cmsplugin",
  "pk": 738
},
{
  "fields": {
    "changed_date": "2016-01-15T11:33:16.932Z",
    "language": "en",
    "parent": 738,
    "numchild": 1,
    "creation_date": "2015-11-03T12:03:13.411Z",
    "depth": 7,
    "position": 0,
    "path": "001O000100010001000100010001",
    "placeholder": 21,
    "plugin_type": "SegmentPlugin"
  },
  "model": "cms.cmsplugin",
  "pk": 739
},
{
  "fields": {
    "changed_date": "2016-01-15T11:33:16.963Z",
    "language": "en",
    "parent": 739,
    "numchild": 0,
    "creation_date": "2015-11-03T12:05:35.165Z",
    "depth": 8,
    "position": 0,
    "path": "001O0001000100010001000100010001",
    "placeholder": 21,
    "plugin_type": "CustomerFormPlugin"
  },
  "model": "cms.cmsplugin",
  "pk": 740
},
{
  "fields": {
    "changed_date": "2016-01-15T11:33:16.998Z",
    "language": "en",
    "parent": 738,
    "numchild": 1,
    "creation_date": "2015-11-03T12:03:40.516Z",
    "depth": 7,
    "position": 1,
    "path": "001O000100010001000100010002",
    "placeholder": 21,
    "plugin_type": "SegmentPlugin"
  },
  "model": "cms.cmsplugin",
  "pk": 741
},
{
  "fields": {
    "changed_date": "2016-01-15T11:33:17.026Z",
    "language": "en",
    "parent": 741,
    "numchild": 0,
    "creation_date": "2015-11-03T12:04:17.682Z",
    "depth": 8,
    "position": 0,
    "path": "001O0001000100010001000100020001",
    "placeholder": 21,
    "plugin_type": "GuestFormPlugin"
  },
  "model": "cms.cmsplugin",
  "pk": 742
},
{
  "fields": {
    "changed_date": "2016-01-15T11:33:17.062Z",
    "language": "en",
    "parent": 738,
    "numchild": 0,
    "creation_date": "2015-11-03T12:06:29.969Z",
    "depth": 7,
    "position": 2,
    "path": "001O000100010001000100010003",
    "placeholder": 21,
    "plugin_type": "ProcessNextStepPlugin"
  },
  "model": "cms.cmsplugin",
  "pk": 743
},
{
  "fields": {
    "changed_date": "2016-01-15T11:33:17.093Z",
    "language": "en",
    "parent": 737,
    "numchild": 3,
    "creation_date": "2015-11-03T12:01:57.141Z",
    "depth": 6,
    "position": 1,
    "path": "001O00010001000100010002",
    "placeholder": 21,
    "plugin_type": "ProcessStepPlugin"
  },
  "model": "cms.cmsplugin",
  "pk": 744
},
{
  "fields": {
    "changed_date": "2016-01-15T11:33:17.119Z",
    "language": "en",
    "parent": 744,
    "numchild": 0,
    "creation_date": "2015-11-03T12:07:45.248Z",
    "depth": 7,
    "position": 0,
    "path": "001O000100010001000100020001",
    "placeholder": 21,
    "plugin_type": "ShippingAddressFormPlugin"
  },
  "model": "cms.cmsplugin",
  "pk": 745
},
{
  "fields": {
    "changed_date": "2016-01-15T11:33:17.149Z",
    "language": "en",
    "parent": 744,
    "numchild": 0,
    "creation_date": "2015-11-03T12:08:16.160Z",
    "depth": 7,
    "position": 1,
    "path": "001O000100010001000100020002",
    "placeholder": 21,
    "plugin_type": "BillingAddressFormPlugin"
  },
  "model": "cms.cmsplugin",
  "pk": 746
},
{
  "fields": {
    "changed_date": "2016-01-15T11:33:17.181Z",
    "language": "en",
    "parent": 744,
    "numchild": 0,
    "creation_date": "2015-11-03T12:08:38.948Z",
    "depth": 7,
    "position": 2,
    "path": "001O000100010001000100020003",
    "placeholder": 21,
    "plugin_type": "ProcessNextStepPlugin"
  },
  "model": "cms.cmsplugin",
  "pk": 747
},
{
  "fields": {
    "changed_date": "2016-01-15T11:33:17.213Z",
    "language": "en",
    "parent": 737,
    "numchild": 6,
    "creation_date": "2015-11-03T12:01:57.216Z",
    "depth": 6,
    "position": 2,
    "path": "001O00010001000100010003",
    "placeholder": 21,
    "plugin_type": "ProcessStepPlugin"
  },
  "model": "cms.cmsplugin",
  "pk": 748
},
{
  "fields": {
    "changed_date": "2016-01-15T11:33:17.243Z",
    "language": "en",
    "parent": 748,
    "numchild": 0,
    "creation_date": "2015-11-03T12:09:28.368Z",
    "depth": 7,
    "position": 0,
    "path": "001O000100010001000100030001",
    "placeholder": 21,
    "plugin_type": "ShopCartPlugin"
  },
  "model": "cms.cmsplugin",
  "pk": 749
},
{
  "fields": {
    "changed_date": "2016-01-15T11:33:17.279Z",
    "language": "en",
    "parent": 748,
    "numchild": 0,
    "creation_date": "2015-11-03T12:10:27.667Z",
    "depth": 7,
    "position": 1,
    "path": "001O000100010001000100030002",
    "placeholder": 21,
    "plugin_type": "PaymentMethodFormPlugin"
  },
  "model": "cms.cmsplugin",
  "pk": 750
},
{
  "fields": {
    "changed_date": "2016-01-15T11:33:17.312Z",
    "language": "en",
    "parent": 748,
    "numchild": 0,
    "creation_date": "2015-11-03T12:10:56.492Z",
    "depth": 7,
    "position": 2,
    "path": "001O000100010001000100030003",
    "placeholder": 21,
    "plugin_type": "ShippingMethodFormPlugin"
  },
  "model": "cms.cmsplugin",
  "pk": 751
},
{
  "fields": {
    "changed_date": "2016-01-15T11:33:17.343Z",
    "language": "en",
    "parent": 748,
    "numchild": 0,
    "creation_date": "2015-11-03T12:11:30.640Z",
    "depth": 7,
    "position": 3,
    "path": "001O000100010001000100030004",
    "placeholder": 21,
    "plugin_type": "ExtraAnnotationFormPlugin"
  },
  "model": "cms.cmsplugin",
  "pk": 752
},
{
  "fields": {
    "changed_date": "2016-01-15T11:33:17.377Z",
    "language": "en",
    "parent": 748,
    "numchild": 1,
    "creation_date": "2015-11-03T12:12:11.300Z",
    "depth": 7,
    "position": 4,
    "path": "001O000100010001000100030005",
    "placeholder": 21,
    "plugin_type": "AcceptConditionFormPlugin"
  },
  "model": "cms.cmsplugin",
  "pk": 753
},
{
  "fields": {
    "changed_date": "2016-01-15T11:33:17.403Z",
    "language": "en",
    "parent": 753,
    "numchild": 0,
    "creation_date": "2016-01-15T11:27:41.947Z",
    "depth": 8,
    "position": 0,
    "path": "001O0001000100010001000300050001",
    "placeholder": 21,
    "plugin_type": "TextLinkPlugin"
  },
  "model": "cms.cmsplugin",
  "pk": 754
},
{
  "fields": {
    "changed_date": "2016-01-15T11:33:17.441Z",
    "language": "en",
    "parent": 748,
    "numchild": 0,
    "creation_date": "2015-11-03T15:12:48.394Z",
    "depth": 7,
    "position": 5,
    "path": "001O000100010001000100030006",
    "placeholder": 21,
    "plugin_type": "ShopProceedButton"
  },
  "model": "cms.cmsplugin",
  "pk": 755
},
{
  "fields": {
    "changed_date": "2016-01-15T11:33:17.470Z",
    "language": "en",
    "parent": 733,
    "numchild": 1,
    "creation_date": "2015-11-03T11:52:57.955Z",
    "depth": 2,
    "position": 1,
    "path": "001O0002",
    "placeholder": 21,
    "plugin_type": "SegmentPlugin"
  },
  "model": "cms.cmsplugin",
  "pk": 756
},
{
  "fields": {
    "changed_date": "2016-01-15T11:33:17.496Z",
    "language": "en",
    "parent": 756,
    "numchild": 3,
    "creation_date": "2015-11-13T07:58:26.829Z",
    "depth": 3,
    "position": 0,
    "path": "001O00020001",
    "placeholder": 21,
    "plugin_type": "BootstrapRowPlugin"
  },
  "model": "cms.cmsplugin",
  "pk": 757
},
{
  "fields": {
    "changed_date": "2016-01-15T11:33:17.546Z",
    "language": "en",
    "parent": 757,
    "numchild": 1,
    "creation_date": "2015-11-13T07:58:30.141Z",
    "depth": 4,
    "position": 0,
    "path": "001O000200010001",
    "placeholder": 21,
    "plugin_type": "BootstrapColumnPlugin"
  },
  "model": "cms.cmsplugin",
  "pk": 758
},
{
  "fields": {
    "changed_date": "2016-01-15T11:33:17.573Z",
    "language": "en",
    "parent": 758,
    "numchild": 0,
    "creation_date": "2015-11-13T07:59:27.855Z",
    "depth": 5,
    "position": 0,
    "path": "001O0002000100010001",
    "placeholder": 21,
    "plugin_type": "ShopAuthenticationPlugin"
  },
  "model": "cms.cmsplugin",
  "pk": 759
},
{
  "fields": {
    "changed_date": "2016-01-15T11:33:17.630Z",
    "language": "en",
    "parent": 757,
    "numchild": 1,
    "creation_date": "2015-11-13T07:58:30.251Z",
    "depth": 4,
    "position": 1,
    "path": "001O000200010002",
    "placeholder": 21,
    "plugin_type": "BootstrapColumnPlugin"
  },
  "model": "cms.cmsplugin",
  "pk": 760
},
{
  "fields": {
    "changed_date": "2016-01-15T11:33:17.661Z",
    "language": "en",
    "parent": 760,
    "numchild": 0,
    "creation_date": "2015-11-13T08:01:15.285Z",
    "depth": 5,
    "position": 0,
    "path": "001O0002000100020001",
    "placeholder": 21,
    "plugin_type": "ShopAuthenticationPlugin"
  },
  "model": "cms.cmsplugin",
  "pk": 761
},
{
  "fields": {
    "changed_date": "2016-01-15T11:33:17.711Z",
    "language": "en",
    "parent": 757,
    "numchild": 1,
    "creation_date": "2015-11-13T07:58:30.362Z",
    "depth": 4,
    "position": 2,
    "path": "001O000200010003",
    "placeholder": 21,
    "plugin_type": "BootstrapColumnPlugin"
  },
  "model": "cms.cmsplugin",
  "pk": 762
},
{
  "fields": {
    "changed_date": "2016-01-15T11:33:17.738Z",
    "language": "en",
    "parent": 762,
    "numchild": 0,
    "creation_date": "2015-11-13T08:01:42.825Z",
    "depth": 5,
    "position": 0,
    "path": "001O0002000100030001",
    "placeholder": 21,
    "plugin_type": "ShopAuthenticationPlugin"
  },
  "model": "cms.cmsplugin",
  "pk": 763
},
{
  "fields": {
    "changed_date": "2016-01-15T15:57:22.565Z",
    "language": "en",
    "parent": null,
    "numchild": 1,
    "creation_date": "2016-01-15T15:57:17.528Z",
    "depth": 1,
    "position": 3,
    "path": "001P",
    "placeholder": 31,
    "plugin_type": "BootstrapContainerPlugin"
  },
  "model": "cms.cmsplugin",
  "pk": 764
},
{
  "fields": {
    "changed_date": "2016-01-15T15:57:49.837Z",
    "language": "en",
    "parent": null,
    "numchild": 1,
    "creation_date": "2016-01-15T15:57:17.528Z",
    "depth": 1,
    "position": 3,
    "path": "001Q",
    "placeholder": 33,
    "plugin_type": "BootstrapContainerPlugin"
  },
  "model": "cms.cmsplugin",
  "pk": 765
},
{
  "fields": {
    "changed_date": "2016-01-15T15:57:49.872Z",
    "language": "en",
    "parent": 765,
    "numchild": 1,
    "creation_date": "2015-11-12T12:34:05.647Z",
    "depth": 2,
    "position": 0,
    "path": "001Q0001",
    "placeholder": 33,
    "plugin_type": "BootstrapRowPlugin"
  },
  "model": "cms.cmsplugin",
  "pk": 766
},
{
  "fields": {
    "changed_date": "2016-01-15T15:57:49.916Z",
    "language": "en",
    "parent": 766,
    "numchild": 1,
    "creation_date": "2015-11-12T12:34:10.821Z",
    "depth": 3,
    "position": 0,
    "path": "001Q00010001",
    "placeholder": 33,
    "plugin_type": "BootstrapColumnPlugin"
  },
  "model": "cms.cmsplugin",
  "pk": 767
},
{
  "fields": {
    "changed_date": "2016-01-15T15:57:49.944Z",
    "language": "en",
    "parent": 767,
    "numchild": 0,
    "creation_date": "2015-11-12T12:36:11.833Z",
    "depth": 4,
    "position": 0,
    "path": "001Q000100010001",
    "placeholder": 33,
    "plugin_type": "ShopOrderViewsPlugin"
  },
  "model": "cms.cmsplugin",
  "pk": 768
},
{
  "fields": {
    "changed_date": "2016-01-15T15:58:50.777Z",
    "language": "en",
    "parent": null,
    "numchild": 1,
    "creation_date": "2016-01-15T15:57:17.528Z",
    "depth": 1,
    "position": 3,
    "path": "001R",
    "placeholder": 1,
    "plugin_type": "BootstrapContainerPlugin"
  },
  "model": "cms.cmsplugin",
  "pk": 769
},
{
  "fields": {
    "changed_date": "2016-01-15T15:58:50.808Z",
    "language": "en",
    "parent": 769,
    "numchild": 1,
    "creation_date": "2015-11-12T12:34:05.647Z",
    "depth": 2,
    "position": 0,
    "path": "001R0001",
    "placeholder": 1,
    "plugin_type": "BootstrapRowPlugin"
  },
  "model": "cms.cmsplugin",
  "pk": 770
},
{
  "fields": {
    "changed_date": "2016-01-15T15:58:50.861Z",
    "language": "en",
    "parent": 770,
    "numchild": 1,
    "creation_date": "2015-11-12T12:34:10.821Z",
    "depth": 3,
    "position": 0,
    "path": "001R00010001",
    "placeholder": 1,
    "plugin_type": "BootstrapColumnPlugin"
  },
  "model": "cms.cmsplugin",
  "pk": 771
},
{
  "fields": {
    "changed_date": "2016-01-15T15:58:50.889Z",
    "language": "en",
    "parent": 771,
    "numchild": 0,
    "creation_date": "2015-11-12T12:36:11.833Z",
    "depth": 4,
    "position": 0,
    "path": "001R000100010001",
    "placeholder": 1,
    "plugin_type": "ShopOrderViewsPlugin"
  },
  "model": "cms.cmsplugin",
  "pk": 772
},
{
  "fields": {
    "changed_date": "2016-01-15T15:59:23.449Z",
    "language": "en",
    "parent": null,
    "numchild": 1,
    "creation_date": "2016-01-15T15:57:17.528Z",
    "depth": 1,
    "position": 0,
    "path": "001S",
    "placeholder": 35,
    "plugin_type": "BootstrapContainerPlugin"
  },
  "model": "cms.cmsplugin",
  "pk": 773
},
{
  "fields": {
    "changed_date": "2016-01-15T15:59:23.297Z",
    "language": "en",
    "parent": 773,
    "numchild": 1,
    "creation_date": "2015-11-12T12:34:05.647Z",
    "depth": 2,
    "position": 0,
    "path": "001S0001",
    "placeholder": 35,
    "plugin_type": "BootstrapRowPlugin"
  },
  "model": "cms.cmsplugin",
  "pk": 774
},
{
  "fields": {
    "changed_date": "2016-01-15T15:59:23.348Z",
    "language": "en",
    "parent": 774,
    "numchild": 2,
    "creation_date": "2015-11-12T12:34:10.821Z",
    "depth": 3,
    "position": 0,
    "path": "001S00010001",
    "placeholder": 35,
    "plugin_type": "BootstrapColumnPlugin"
  },
  "model": "cms.cmsplugin",
  "pk": 775
},
{
  "fields": {
    "changed_date": "2016-01-15T16:00:24.051Z",
    "language": "en",
    "parent": 775,
    "numchild": 0,
    "creation_date": "2015-11-12T12:36:11.833Z",
    "depth": 4,
    "position": 1,
    "path": "001S000100010001",
    "placeholder": 35,
    "plugin_type": "ShopOrderViewsPlugin"
  },
  "model": "cms.cmsplugin",
  "pk": 776
},
{
  "fields": {
    "changed_date": "2016-01-15T16:00:24.070Z",
    "language": "en",
    "parent": 775,
    "numchild": 0,
    "creation_date": "2016-01-15T15:59:52.247Z",
    "depth": 4,
    "position": 0,
    "path": "001S000100010002",
    "placeholder": 35,
    "plugin_type": "TextPlugin"
  },
  "model": "cms.cmsplugin",
  "pk": 777
},
{
  "fields": {
    "changed_date": "2016-01-15T16:00:26.673Z",
    "language": "en",
    "parent": null,
    "numchild": 1,
    "creation_date": "2016-01-15T15:57:17.528Z",
    "depth": 1,
    "position": 0,
    "path": "001T",
    "placeholder": 37,
    "plugin_type": "BootstrapContainerPlugin"
  },
  "model": "cms.cmsplugin",
  "pk": 778
},
{
  "fields": {
    "changed_date": "2016-01-15T16:00:26.702Z",
    "language": "en",
    "parent": 778,
    "numchild": 1,
    "creation_date": "2015-11-12T12:34:05.647Z",
    "depth": 2,
    "position": 0,
    "path": "001T0001",
    "placeholder": 37,
    "plugin_type": "BootstrapRowPlugin"
  },
  "model": "cms.cmsplugin",
  "pk": 779
},
{
  "fields": {
    "changed_date": "2016-01-15T16:00:26.750Z",
    "language": "en",
    "parent": 779,
    "numchild": 2,
    "creation_date": "2015-11-12T12:34:10.821Z",
    "depth": 3,
    "position": 0,
    "path": "001T00010001",
    "placeholder": 37,
    "plugin_type": "BootstrapColumnPlugin"
  },
  "model": "cms.cmsplugin",
  "pk": 780
},
{
  "fields": {
    "changed_date": "2016-01-15T16:00:26.776Z",
    "language": "en",
    "parent": 780,
    "numchild": 0,
    "creation_date": "2015-11-12T12:36:11.833Z",
    "depth": 4,
    "position": 1,
    "path": "001T000100010001",
    "placeholder": 37,
    "plugin_type": "ShopOrderViewsPlugin"
  },
  "model": "cms.cmsplugin",
  "pk": 781
},
{
  "fields": {
    "changed_date": "2016-01-15T16:00:26.847Z",
    "language": "en",
    "parent": 780,
    "numchild": 0,
    "creation_date": "2016-01-15T15:59:52.247Z",
    "depth": 4,
    "position": 0,
    "path": "001T000100010002",
    "placeholder": 37,
    "plugin_type": "TextPlugin"
  },
  "model": "cms.cmsplugin",
  "pk": 782
},
{
  "fields": {
    "navigation_extenders": "",
    "site": 1,
    "application_namespace": null,
    "path": "000C",
    "in_navigation": true,
    "reverse_id": "shop-cart",
    "login_required": false,
    "created_by": "admin",
    "languages": "de,en",
    "publication_end_date": null,
    "template": "myshop/pages/default.html",
    "placeholders": [
      13,
      14
    ],
    "changed_date": "2016-01-15T08:24:02.752Z",
    "limit_visibility_in_menu": null,
    "parent": null,
    "numchild": 1,
    "soft_root": true,
    "is_home": false,
    "publication_date": "2015-10-30T23:26:35.875Z",
    "creation_date": "2015-10-30T23:26:23.274Z",
    "publisher_public": 4,
    "application_urls": "",
    "changed_by": "admin",
    "publisher_is_draft": true,
    "xframe_options": 0,
    "depth": 1,
    "revision_id": 0
  },
  "model": "cms.page",
  "pk": 3
},
{
  "fields": {
    "navigation_extenders": "",
    "site": 1,
    "application_namespace": null,
    "path": "0007",
    "in_navigation": true,
    "reverse_id": "shop-cart",
    "login_required": false,
    "created_by": "admin",
    "languages": "de,en",
    "publication_end_date": null,
    "template": "myshop/pages/default.html",
    "placeholders": [
      15,
      16
    ],
    "changed_date": "2016-01-15T08:24:02.511Z",
    "limit_visibility_in_menu": null,
    "parent": null,
    "numchild": 1,
    "soft_root": true,
    "is_home": false,
    "publication_date": "2015-10-30T23:26:35.875Z",
    "creation_date": "2015-10-30T23:26:35.899Z",
    "publisher_public": 3,
    "application_urls": "",
    "changed_by": "admin",
    "publisher_is_draft": false,
    "xframe_options": 0,
    "depth": 1,
    "revision_id": 0
  },
  "model": "cms.page",
  "pk": 4
},
{
  "fields": {
    "navigation_extenders": null,
    "site": 1,
    "application_namespace": null,
    "path": "000C0001",
    "in_navigation": true,
    "reverse_id": null,
    "login_required": false,
    "created_by": "admin",
    "languages": "de,en",
    "publication_end_date": null,
    "template": "INHERIT",
    "placeholders": [
      18,
      19
    ],
    "changed_date": "2016-01-15T11:33:18.033Z",
    "limit_visibility_in_menu": null,
    "parent": 3,
    "numchild": 0,
    "soft_root": false,
    "is_home": false,
    "publication_date": "2015-11-03T11:55:55.669Z",
    "creation_date": "2015-11-03T11:50:25.384Z",
    "publisher_public": 6,
    "application_urls": null,
    "changed_by": "admin",
    "publisher_is_draft": true,
    "xframe_options": 0,
    "depth": 2,
    "revision_id": 0
  },
  "model": "cms.page",
  "pk": 5
},
{
  "fields": {
    "navigation_extenders": null,
    "site": 1,
    "application_namespace": null,
    "path": "00070001",
    "in_navigation": true,
    "reverse_id": null,
    "login_required": false,
    "created_by": "admin",
    "languages": "de,en",
    "publication_end_date": null,
    "template": "INHERIT",
    "placeholders": [
      20,
      21
    ],
    "changed_date": "2016-01-15T11:33:17.899Z",
    "limit_visibility_in_menu": null,
    "parent": 4,
    "numchild": 0,
    "soft_root": false,
    "is_home": false,
    "publication_date": "2015-11-03T11:55:55.669Z",
    "creation_date": "2015-11-03T11:55:55.686Z",
    "publisher_public": 5,
    "application_urls": null,
    "changed_by": "admin",
    "publisher_is_draft": false,
    "xframe_options": 0,
    "depth": 2,
    "revision_id": 0
  },
  "model": "cms.page",
  "pk": 6
},
{
  "fields": {
    "navigation_extenders": "",
    "site": 1,
    "application_namespace": null,
    "path": "0001",
    "in_navigation": true,
    "reverse_id": null,
    "login_required": false,
    "created_by": "admin",
    "languages": "de,en",
    "publication_end_date": null,
    "template": "myshop/pages/default.html",
    "placeholders": [
      22,
      23
    ],
    "changed_date": "2016-01-15T08:24:02.883Z",
    "limit_visibility_in_menu": null,
    "parent": null,
    "numchild": 0,
    "soft_root": false,
    "is_home": true,
    "publication_date": "2015-11-03T22:32:52.028Z",
    "creation_date": "2015-11-03T22:32:25.921Z",
    "publisher_public": 8,
    "application_urls": "",
    "changed_by": "admin",
    "publisher_is_draft": true,
    "xframe_options": 0,
    "depth": 1,
    "revision_id": 0
  },
  "model": "cms.page",
  "pk": 7
},
{
  "fields": {
    "navigation_extenders": "",
    "site": 1,
    "application_namespace": null,
    "path": "0004",
    "in_navigation": true,
    "reverse_id": null,
    "login_required": false,
    "created_by": "admin",
    "languages": "de,en",
    "publication_end_date": null,
    "template": "myshop/pages/default.html",
    "placeholders": [
      24,
      25
    ],
    "changed_date": "2016-01-15T08:24:02.640Z",
    "limit_visibility_in_menu": null,
    "parent": null,
    "numchild": 0,
    "soft_root": false,
    "is_home": true,
    "publication_date": "2015-11-03T22:32:52.028Z",
    "creation_date": "2015-11-03T22:32:52.049Z",
    "publisher_public": 7,
    "application_urls": "",
    "changed_by": "admin",
    "publisher_is_draft": false,
    "xframe_options": 0,
    "depth": 1,
    "revision_id": 0
  },
  "model": "cms.page",
  "pk": 8
},
{
  "fields": {
    "navigation_extenders": "",
    "site": 1,
    "application_namespace": null,
    "path": "000B",
    "in_navigation": false,
    "reverse_id": null,
    "login_required": false,
    "created_by": "admin",
    "languages": "de,en",
    "publication_end_date": null,
    "template": "myshop/pages/default.html",
    "placeholders": [
      26,
      27
    ],
    "changed_date": "2015-11-25T16:20:45.992Z",
    "limit_visibility_in_menu": null,
    "parent": null,
    "numchild": 2,
    "soft_root": true,
    "is_home": false,
    "publication_date": "2015-11-12T12:32:30.971Z",
    "creation_date": "2015-11-12T12:31:29.943Z",
    "publisher_public": 10,
    "application_urls": "",
    "changed_by": "admin",
    "publisher_is_draft": true,
    "xframe_options": 0,
    "depth": 1,
    "revision_id": 0
  },
  "model": "cms.page",
  "pk": 9
},
{
  "fields": {
    "navigation_extenders": "",
    "site": 1,
    "application_namespace": null,
    "path": "0006",
    "in_navigation": false,
    "reverse_id": null,
    "login_required": false,
    "created_by": "admin",
    "languages": "de,en",
    "publication_end_date": null,
    "template": "myshop/pages/default.html",
    "placeholders": [
      28,
      29
    ],
    "changed_date": "2015-11-25T16:20:45.416Z",
    "limit_visibility_in_menu": null,
    "parent": null,
    "numchild": 2,
    "soft_root": true,
    "is_home": false,
    "publication_date": "2015-11-12T12:32:30.971Z",
    "creation_date": "2015-11-12T12:32:30.994Z",
    "publisher_public": 9,
    "application_urls": "",
    "changed_by": "admin",
    "publisher_is_draft": false,
    "xframe_options": 0,
    "depth": 1,
    "revision_id": 0
  },
  "model": "cms.page",
  "pk": 10
},
{
  "fields": {
    "navigation_extenders": "",
    "site": 1,
    "application_namespace": null,
    "path": "000B0002",
    "in_navigation": true,
    "reverse_id": "shop-order",
    "login_required": false,
    "created_by": "admin",
    "languages": "de,en",
    "publication_end_date": null,
    "template": "INHERIT",
    "placeholders": [
      30,
      31
    ],
    "changed_date": "2016-01-15T15:57:50.116Z",
    "limit_visibility_in_menu": null,
    "parent": 9,
    "numchild": 1,
    "soft_root": false,
    "is_home": false,
    "publication_date": "2015-11-12T12:33:43.153Z",
    "creation_date": "2015-11-12T12:33:31.134Z",
    "publisher_public": 12,
    "application_urls": "OrderApp",
    "changed_by": "admin",
    "publisher_is_draft": true,
    "xframe_options": 0,
    "depth": 2,
    "revision_id": 0
  },
  "model": "cms.page",
  "pk": 11
},
{
  "fields": {
    "navigation_extenders": "",
    "site": 1,
    "application_namespace": null,
    "path": "00060002",
    "in_navigation": true,
    "reverse_id": "shop-order",
    "login_required": false,
    "created_by": "admin",
    "languages": "de,en",
    "publication_end_date": null,
    "template": "INHERIT",
    "placeholders": [
      32,
      33
    ],
    "changed_date": "2016-01-15T15:57:49.977Z",
    "limit_visibility_in_menu": null,
    "parent": 10,
    "numchild": 1,
    "soft_root": false,
    "is_home": false,
    "publication_date": "2015-11-12T12:33:43.153Z",
    "creation_date": "2015-11-12T12:33:43.174Z",
    "publisher_public": 11,
    "application_urls": "OrderApp",
    "changed_by": "admin",
    "publisher_is_draft": false,
    "xframe_options": 0,
    "depth": 2,
    "revision_id": 0
  },
  "model": "cms.page",
  "pk": 12
},
{
  "fields": {
    "navigation_extenders": "",
    "site": 1,
    "application_namespace": null,
    "path": "000B00020001",
    "in_navigation": true,
    "reverse_id": "shop-order-last",
    "login_required": false,
    "created_by": "admin",
    "languages": "de,en",
    "publication_end_date": null,
    "template": "INHERIT",
    "placeholders": [
      34,
      35
    ],
    "changed_date": "2016-01-15T16:00:26.996Z",
    "limit_visibility_in_menu": null,
    "parent": 11,
    "numchild": 0,
    "soft_root": true,
    "is_home": false,
    "publication_date": "2015-11-12T23:21:22.963Z",
    "creation_date": "2015-11-12T23:19:46.076Z",
    "publisher_public": 14,
    "application_urls": "OrderApp",
    "changed_by": "admin",
    "publisher_is_draft": true,
    "xframe_options": 0,
    "depth": 3,
    "revision_id": 0
  },
  "model": "cms.page",
  "pk": 13
},
{
  "fields": {
    "navigation_extenders": "",
    "site": 1,
    "application_namespace": null,
    "path": "000600020001",
    "in_navigation": true,
    "reverse_id": "shop-order-last",
    "login_required": false,
    "created_by": "admin",
    "languages": "de,en",
    "publication_end_date": null,
    "template": "INHERIT",
    "placeholders": [
      36,
      37
    ],
    "changed_date": "2016-01-15T16:00:26.862Z",
    "limit_visibility_in_menu": null,
    "parent": 12,
    "numchild": 0,
    "soft_root": true,
    "is_home": false,
    "publication_date": "2015-11-12T23:21:22.963Z",
    "creation_date": "2015-11-12T23:21:22.986Z",
    "publisher_public": 13,
    "application_urls": "OrderApp",
    "changed_by": "admin",
    "publisher_is_draft": false,
    "xframe_options": 0,
    "depth": 3,
    "revision_id": 0
  },
  "model": "cms.page",
  "pk": 14
},
{
  "fields": {
    "navigation_extenders": null,
    "site": 1,
    "application_namespace": null,
    "path": "000B0003",
    "in_navigation": true,
    "reverse_id": null,
    "login_required": false,
    "created_by": "admin",
    "languages": "de,en",
    "publication_end_date": null,
    "template": "INHERIT",
    "placeholders": [
      38,
      39
    ],
    "changed_date": "2016-01-15T11:33:01.283Z",
    "limit_visibility_in_menu": null,
    "parent": 9,
    "numchild": 0,
    "soft_root": false,
    "is_home": false,
    "publication_date": "2015-11-13T00:07:13.450Z",
    "creation_date": "2015-11-13T00:06:49.562Z",
    "publisher_public": 16,
    "application_urls": null,
    "changed_by": "admin",
    "publisher_is_draft": true,
    "xframe_options": 0,
    "depth": 2,
    "revision_id": 0
  },
  "model": "cms.page",
  "pk": 15
},
{
  "fields": {
    "navigation_extenders": null,
    "site": 1,
    "application_namespace": null,
    "path": "00060003",
    "in_navigation": true,
    "reverse_id": null,
    "login_required": false,
    "created_by": "admin",
    "languages": "de,en",
    "publication_end_date": null,
    "template": "INHERIT",
    "placeholders": [
      40,
      41
    ],
    "changed_date": "2016-01-15T11:33:01.152Z",
    "limit_visibility_in_menu": null,
    "parent": 10,
    "numchild": 0,
    "soft_root": false,
    "is_home": false,
    "publication_date": "2015-11-13T00:07:13.450Z",
    "creation_date": "2015-11-13T00:07:13.478Z",
    "publisher_public": 15,
    "application_urls": null,
    "changed_by": "admin",
    "publisher_is_draft": false,
    "xframe_options": 0,
    "depth": 2,
    "revision_id": 0
  },
  "model": "cms.page",
  "pk": 16
},
{
  "fields": {
    "navigation_extenders": "",
    "site": 1,
    "application_namespace": null,
    "path": "0003",
    "in_navigation": true,
    "reverse_id": null,
    "login_required": false,
    "created_by": "admin",
    "languages": "de,en",
    "publication_end_date": null,
    "template": "myshop/pages/default.html",
    "placeholders": [
      45,
      46
    ],
    "changed_date": "2016-01-15T08:19:03.474Z",
    "limit_visibility_in_menu": null,
    "parent": null,
    "numchild": 0,
    "soft_root": false,
    "is_home": false,
    "publication_date": "2015-10-16T13:11:21.987Z",
    "creation_date": "2015-11-18T09:57:54.691Z",
    "publisher_public": 18,
    "application_urls": "ProductsListApp",
    "changed_by": "admin",
    "publisher_is_draft": true,
    "xframe_options": 0,
    "depth": 1,
    "revision_id": 0
  },
  "model": "cms.page",
  "pk": 17
},
{
  "fields": {
    "navigation_extenders": "",
    "site": 1,
    "application_namespace": null,
    "path": "0005",
    "in_navigation": true,
    "reverse_id": null,
    "login_required": false,
    "created_by": "admin",
    "languages": "de,en",
    "publication_end_date": null,
    "template": "myshop/pages/default.html",
    "placeholders": [
      47,
      48
    ],
    "changed_date": "2016-01-15T08:19:03.210Z",
    "limit_visibility_in_menu": null,
    "parent": null,
    "numchild": 0,
    "soft_root": false,
    "is_home": false,
    "publication_date": "2015-10-16T13:11:21.987Z",
    "creation_date": "2015-11-18T10:00:00.309Z",
    "publisher_public": 17,
    "application_urls": "ProductsListApp",
    "changed_by": "admin",
    "publisher_is_draft": false,
    "xframe_options": 0,
    "depth": 1,
    "revision_id": 0
  },
  "model": "cms.page",
  "pk": 18
},
{
  "fields": {
    "menu_title": "",
    "meta_description": "",
    "page_title": "",
    "language": "de",
    "title": "Warenkorb",
    "has_url_overwrite": false,
    "redirect": "",
    "publisher_is_draft": true,
    "page": 3,
    "published": true,
    "path": "warenkorb",
    "publisher_state": 0,
    "creation_date": "2015-10-30T23:26:23.572Z",
    "slug": "warenkorb",
    "publisher_public": 4
  },
  "model": "cms.title",
  "pk": 3
},
{
  "fields": {
    "menu_title": "",
    "meta_description": "",
    "page_title": "",
    "language": "de",
    "title": "Warenkorb",
    "has_url_overwrite": false,
    "redirect": "",
    "publisher_is_draft": false,
    "page": 4,
    "published": true,
    "path": "warenkorb",
    "publisher_state": 0,
    "creation_date": "2015-10-30T23:26:23.572Z",
    "slug": "warenkorb",
    "publisher_public": 3
  },
  "model": "cms.title",
  "pk": 4
},
{
  "fields": {
    "menu_title": "",
    "meta_description": "",
    "page_title": "",
    "language": "en",
    "title": "Cart",
    "has_url_overwrite": false,
    "redirect": null,
    "publisher_is_draft": true,
    "page": 3,
    "published": true,
    "path": "cart",
    "publisher_state": 0,
    "creation_date": "2015-10-30T23:26:52.487Z",
    "slug": "cart",
    "publisher_public": 6
  },
  "model": "cms.title",
  "pk": 5
},
{
  "fields": {
    "menu_title": "",
    "meta_description": "",
    "page_title": "",
    "language": "en",
    "title": "Cart",
    "has_url_overwrite": false,
    "redirect": null,
    "publisher_is_draft": false,
    "page": 4,
    "published": true,
    "path": "cart",
    "publisher_state": 0,
    "creation_date": "2015-10-30T23:26:52.487Z",
    "slug": "cart",
    "publisher_public": 5
  },
  "model": "cms.title",
  "pk": 6
},
{
  "fields": {
    "menu_title": "",
    "meta_description": "",
    "page_title": "",
    "language": "de",
    "title": "Kaufen",
    "has_url_overwrite": false,
    "redirect": null,
    "publisher_is_draft": true,
    "page": 5,
    "published": true,
    "path": "warenkorb/kaufen",
    "publisher_state": 0,
    "creation_date": "2015-11-03T11:50:25.673Z",
    "slug": "kaufen",
    "publisher_public": 10
  },
  "model": "cms.title",
  "pk": 9
},
{
  "fields": {
    "menu_title": "",
    "meta_description": "",
    "page_title": "",
    "language": "de",
    "title": "Kaufen",
    "has_url_overwrite": false,
    "redirect": null,
    "publisher_is_draft": false,
    "page": 6,
    "published": true,
    "path": "warenkorb/kaufen",
    "publisher_state": 0,
    "creation_date": "2015-11-03T11:50:25.673Z",
    "slug": "kaufen",
    "publisher_public": 9
  },
  "model": "cms.title",
  "pk": 10
},
{
  "fields": {
    "menu_title": "",
    "meta_description": "",
    "page_title": "",
    "language": "de",
    "title": "HOME",
    "has_url_overwrite": false,
    "redirect": "",
    "publisher_is_draft": true,
    "page": 7,
    "published": true,
    "path": "",
    "publisher_state": 0,
    "creation_date": "2015-11-03T22:32:26.221Z",
    "slug": "home",
    "publisher_public": 12
  },
  "model": "cms.title",
  "pk": 11
},
{
  "fields": {
    "menu_title": "",
    "meta_description": "",
    "page_title": "",
    "language": "de",
    "title": "HOME",
    "has_url_overwrite": false,
    "redirect": "",
    "publisher_is_draft": false,
    "page": 8,
    "published": true,
    "path": "",
    "publisher_state": 0,
    "creation_date": "2015-11-03T22:32:26.221Z",
    "slug": "home",
    "publisher_public": 11
  },
  "model": "cms.title",
  "pk": 12
},
{
  "fields": {
    "menu_title": "",
    "meta_description": "",
    "page_title": "",
    "language": "en",
    "title": "HOME",
    "has_url_overwrite": false,
    "redirect": null,
    "publisher_is_draft": true,
    "page": 7,
    "published": true,
    "path": "",
    "publisher_state": 0,
    "creation_date": "2015-11-05T11:52:49.846Z",
    "slug": "home",
    "publisher_public": 14
  },
  "model": "cms.title",
  "pk": 13
},
{
  "fields": {
    "menu_title": "",
    "meta_description": "",
    "page_title": "",
    "language": "en",
    "title": "HOME",
    "has_url_overwrite": false,
    "redirect": null,
    "publisher_is_draft": false,
    "page": 8,
    "published": true,
    "path": "",
    "publisher_state": 0,
    "creation_date": "2015-11-05T11:52:49.846Z",
    "slug": "home",
    "publisher_public": 13
  },
  "model": "cms.title",
  "pk": 14
},
{
  "fields": {
    "menu_title": "",
    "meta_description": "",
    "page_title": "",
    "language": "en",
    "title": "Checkout",
    "has_url_overwrite": false,
    "redirect": null,
    "publisher_is_draft": true,
    "page": 5,
    "published": true,
    "path": "cart/checkout",
    "publisher_state": 0,
    "creation_date": "2015-11-05T11:53:43.570Z",
    "slug": "checkout",
    "publisher_public": 16
  },
  "model": "cms.title",
  "pk": 15
},
{
  "fields": {
    "menu_title": "",
    "meta_description": "",
    "page_title": "",
    "language": "en",
    "title": "Checkout",
    "has_url_overwrite": false,
    "redirect": null,
    "publisher_is_draft": false,
    "page": 6,
    "published": true,
    "path": "cart/checkout",
    "publisher_state": 0,
    "creation_date": "2015-11-05T11:53:43.570Z",
    "slug": "checkout",
    "publisher_public": 15
  },
  "model": "cms.title",
  "pk": 16
},
{
  "fields": {
    "menu_title": "",
    "meta_description": "",
    "page_title": "",
    "language": "de",
    "title": "Info",
    "has_url_overwrite": false,
    "redirect": "",
    "publisher_is_draft": true,
    "page": 9,
    "published": true,
    "path": "info",
    "publisher_state": 0,
    "creation_date": "2015-11-12T12:31:30.185Z",
    "slug": "info",
    "publisher_public": 18
  },
  "model": "cms.title",
  "pk": 17
},
{
  "fields": {
    "menu_title": "",
    "meta_description": "",
    "page_title": "",
    "language": "de",
    "title": "Info",
    "has_url_overwrite": false,
    "redirect": "",
    "publisher_is_draft": false,
    "page": 10,
    "published": true,
    "path": "info",
    "publisher_state": 0,
    "creation_date": "2015-11-12T12:31:30.185Z",
    "slug": "info",
    "publisher_public": 17
  },
  "model": "cms.title",
  "pk": 18
},
{
  "fields": {
    "menu_title": "",
    "meta_description": "",
    "page_title": "",
    "language": "de",
    "title": "Ihre Bestellungen",
    "has_url_overwrite": false,
    "redirect": "",
    "publisher_is_draft": true,
    "page": 11,
    "published": true,
    "path": "info/ihre-bestellungen",
    "publisher_state": 0,
    "creation_date": "2015-11-12T12:33:31.410Z",
    "slug": "ihre-bestellungen",
    "publisher_public": 20
  },
  "model": "cms.title",
  "pk": 19
},
{
  "fields": {
    "menu_title": "",
    "meta_description": "",
    "page_title": "",
    "language": "de",
    "title": "Ihre Bestellungen",
    "has_url_overwrite": false,
    "redirect": "",
    "publisher_is_draft": false,
    "page": 12,
    "published": true,
    "path": "info/ihre-bestellungen",
    "publisher_state": 0,
    "creation_date": "2015-11-12T12:33:31.410Z",
    "slug": "ihre-bestellungen",
    "publisher_public": 19
  },
  "model": "cms.title",
  "pk": 20
},
{
  "fields": {
    "menu_title": "",
    "meta_description": "",
    "page_title": "",
    "language": "en",
    "title": "Your Orders",
    "has_url_overwrite": false,
    "redirect": null,
    "publisher_is_draft": true,
    "page": 11,
    "published": true,
    "path": "info/your-orders",
    "publisher_state": 0,
    "creation_date": "2015-11-12T23:02:55.259Z",
    "slug": "your-orders",
    "publisher_public": 22
  },
  "model": "cms.title",
  "pk": 21
},
{
  "fields": {
    "menu_title": "",
    "meta_description": "",
    "page_title": "",
    "language": "en",
    "title": "Your Orders",
    "has_url_overwrite": false,
    "redirect": null,
    "publisher_is_draft": false,
    "page": 12,
    "published": true,
    "path": "info/your-orders",
    "publisher_state": 0,
    "creation_date": "2015-11-12T23:02:55.259Z",
    "slug": "your-orders",
    "publisher_public": 21
  },
  "model": "cms.title",
  "pk": 22
},
{
  "fields": {
    "menu_title": "",
    "meta_description": "",
    "page_title": "",
    "language": "de",
    "title": "Danke f\u00fcr die Bestellung",
    "has_url_overwrite": false,
    "redirect": "",
    "publisher_is_draft": true,
    "page": 13,
    "published": true,
    "path": "info/ihre-bestellungen/danke-fur-die-bestellung",
    "publisher_state": 0,
    "creation_date": "2015-11-12T23:19:46.360Z",
    "slug": "danke-fur-die-bestellung",
    "publisher_public": 24
  },
  "model": "cms.title",
  "pk": 23
},
{
  "fields": {
    "menu_title": "",
    "meta_description": "",
    "page_title": "",
    "language": "de",
    "title": "Danke f\u00fcr die Bestellung",
    "has_url_overwrite": false,
    "redirect": "",
    "publisher_is_draft": false,
    "page": 14,
    "published": true,
    "path": "info/ihre-bestellungen/danke-fur-die-bestellung",
    "publisher_state": 0,
    "creation_date": "2015-11-12T23:19:46.360Z",
    "slug": "danke-fur-die-bestellung",
    "publisher_public": 23
  },
  "model": "cms.title",
  "pk": 24
},
{
  "fields": {
    "menu_title": "",
    "meta_description": "",
    "page_title": "",
    "language": "de",
    "title": "Allgemeine Gesch\u00e4ftsbedigungen",
    "has_url_overwrite": false,
    "redirect": null,
    "publisher_is_draft": true,
    "page": 15,
    "published": true,
    "path": "info/agb",
    "publisher_state": 0,
    "creation_date": "2015-11-13T00:06:49.812Z",
    "slug": "agb",
    "publisher_public": 26
  },
  "model": "cms.title",
  "pk": 25
},
{
  "fields": {
    "menu_title": "",
    "meta_description": "",
    "page_title": "",
    "language": "de",
    "title": "Allgemeine Gesch\u00e4ftsbedigungen",
    "has_url_overwrite": false,
    "redirect": null,
    "publisher_is_draft": false,
    "page": 16,
    "published": true,
    "path": "info/agb",
    "publisher_state": 0,
    "creation_date": "2015-11-13T00:06:49.812Z",
    "slug": "agb",
    "publisher_public": 25
  },
  "model": "cms.title",
  "pk": 26
},
{
  "fields": {
    "menu_title": "",
    "meta_description": "",
    "page_title": "",
    "language": "de",
    "title": "Smart Cards",
    "has_url_overwrite": false,
    "redirect": "",
    "publisher_is_draft": true,
    "page": 17,
    "published": true,
    "path": "smartcards",
    "publisher_state": 0,
    "creation_date": "2015-10-16T13:11:21.746Z",
    "slug": "smartcards",
    "publisher_public": 29
  },
  "model": "cms.title",
  "pk": 27
},
{
  "fields": {
    "menu_title": "",
    "meta_description": "",
    "page_title": "",
    "language": "en",
    "title": "Smart Cards",
    "has_url_overwrite": false,
    "redirect": null,
    "publisher_is_draft": true,
    "page": 17,
    "published": true,
    "path": "smartcards",
    "publisher_state": 0,
    "creation_date": "2015-10-30T23:27:35.825Z",
    "slug": "smartcards",
    "publisher_public": 30
  },
  "model": "cms.title",
  "pk": 28
},
{
  "fields": {
    "menu_title": "",
    "meta_description": "",
    "page_title": "",
    "language": "de",
    "title": "Smart Cards",
    "has_url_overwrite": false,
    "redirect": "",
    "publisher_is_draft": false,
    "page": 18,
    "published": true,
    "path": "smartcards",
    "publisher_state": 0,
    "creation_date": "2015-10-16T13:11:21.746Z",
    "slug": "smartcards",
    "publisher_public": 27
  },
  "model": "cms.title",
  "pk": 29
},
{
  "fields": {
    "menu_title": "",
    "meta_description": "",
    "page_title": "",
    "language": "en",
    "title": "Smart Cards",
    "has_url_overwrite": false,
    "redirect": null,
    "publisher_is_draft": false,
    "page": 18,
    "published": true,
    "path": "smartcards",
    "publisher_state": 0,
    "creation_date": "2015-10-30T23:27:35.825Z",
    "slug": "smartcards",
    "publisher_public": 28
  },
  "model": "cms.title",
  "pk": 30
},
{
  "fields": {
    "menu_title": "",
    "meta_description": "",
    "page_title": "",
    "language": "en",
    "title": "Info",
    "has_url_overwrite": false,
    "redirect": null,
    "publisher_is_draft": true,
    "page": 9,
    "published": true,
    "path": "info",
    "publisher_state": 0,
    "creation_date": "2015-11-25T16:20:37.931Z",
    "slug": "info",
    "publisher_public": 32
  },
  "model": "cms.title",
  "pk": 31
},
{
  "fields": {
    "menu_title": "",
    "meta_description": "",
    "page_title": "",
    "language": "en",
    "title": "Info",
    "has_url_overwrite": false,
    "redirect": null,
    "publisher_is_draft": false,
    "page": 10,
    "published": true,
    "path": "info",
    "publisher_state": 0,
    "creation_date": "2015-11-25T16:20:37.931Z",
    "slug": "info",
    "publisher_public": 31
  },
  "model": "cms.title",
  "pk": 32
},
{
  "fields": {
    "menu_title": "",
    "meta_description": "",
    "page_title": "",
    "language": "en",
    "title": "Terms and Conditions",
    "has_url_overwrite": false,
    "redirect": null,
    "publisher_is_draft": true,
    "page": 15,
    "published": true,
    "path": "info/terms-and-conditions",
    "publisher_state": 0,
    "creation_date": "2015-11-25T16:31:58.074Z",
    "slug": "terms-and-conditions",
    "publisher_public": 36
  },
  "model": "cms.title",
  "pk": 33
},
{
  "fields": {
    "menu_title": "",
    "meta_description": "",
    "page_title": "",
    "language": "en",
    "title": "Thanks for Your Order",
    "has_url_overwrite": false,
    "redirect": "",
    "publisher_is_draft": true,
    "page": 13,
    "published": true,
    "path": "info/your-orders/thanks-your-order",
    "publisher_state": 0,
    "creation_date": "2016-01-15T10:19:49.796Z",
    "slug": "thanks-your-order",
    "publisher_public": 35
  },
  "model": "cms.title",
  "pk": 34
},
{
  "fields": {
    "menu_title": "",
    "meta_description": "",
    "page_title": "",
    "language": "en",
    "title": "Thanks for Your Order",
    "has_url_overwrite": false,
    "redirect": "",
    "publisher_is_draft": false,
    "page": 14,
    "published": true,
    "path": "info/your-orders/thanks-your-order",
    "publisher_state": 0,
    "creation_date": "2016-01-15T10:19:49.796Z",
    "slug": "thanks-your-order",
    "publisher_public": 34
  },
  "model": "cms.title",
  "pk": 35
},
{
  "fields": {
    "menu_title": "",
    "meta_description": "",
    "page_title": "",
    "language": "en",
    "title": "Terms and Conditions",
    "has_url_overwrite": false,
    "redirect": null,
    "publisher_is_draft": false,
    "page": 16,
    "published": true,
    "path": "info/terms-and-conditions",
    "publisher_state": 0,
    "creation_date": "2015-11-25T16:31:58.074Z",
    "slug": "terms-and-conditions",
    "publisher_public": 33
  },
  "model": "cms.title",
  "pk": 36
},
{
  "fields": {
    "code": "Static Footer",
    "name": "Static Footer",
    "creation_method": "template",
    "site": null,
    "draft": 6,
    "dirty": false,
    "public": 7
  },
  "model": "cms.staticplaceholder",
  "pk": 1
},
{
  "fields": {
    "revision": "dd7c40e3-5e74-4f60-8297-9d1535bbafb9"
  },
  "model": "cms.urlconfrevision",
  "pk": 1
},
{
  "fields": {
    "glossary": "{}"
  },
  "model": "cmsplugin_cascade.cascadeelement",
  "pk": 11
},
{
  "fields": {
    "glossary": "{\"sm-responsive-utils\":\"\",\"xs-responsive-utils\":\"\",\"md-column-offset\":\"\",\"sm-column-width\":\"\",\"md-responsive-utils\":\"\",\"xs-column-offset\":\"\",\"sm-column-offset\":\"\",\"sm-column-ordering\":\"\",\"md-column-ordering\":\"\",\"lg-column-ordering\":\"\",\"lg-column-offset\":\"\",\"lg-column-width\":\"\",\"xs-column-width\":\"col-xs-12\",\"lg-responsive-utils\":\"\",\"container_max_widths\":{\"xs\":720,\"md\":940,\"sm\":720,\"lg\":1140},\"md-column-width\":\"\",\"xs-column-ordering\":\"\"}"
  },
  "model": "cmsplugin_cascade.cascadeelement",
  "pk": 12
},
{
  "fields": {
    "glossary": "{\"render_type\":\"editable\"}"
  },
  "model": "cmsplugin_cascade.cascadeelement",
  "pk": 16
},
{
  "fields": {
    "glossary": "{}"
  },
  "model": "cmsplugin_cascade.cascadeelement",
  "pk": 21
},
{
  "fields": {
    "glossary": "{\"sm-responsive-utils\":\"\",\"xs-responsive-utils\":\"\",\"md-column-offset\":\"\",\"sm-column-width\":\"col-sm-3\",\"md-responsive-utils\":\"\",\"xs-column-offset\":\"\",\"sm-column-offset\":\"col-sm-offset-5\",\"sm-column-ordering\":\"\",\"md-column-ordering\":\"\",\"lg-column-ordering\":\"\",\"lg-column-offset\":\"\",\"lg-column-width\":\"\",\"xs-column-width\":\"col-xs-12\",\"lg-responsive-utils\":\"\",\"container_max_widths\":{\"xs\":720,\"md\":212,\"sm\":157,\"lg\":262},\"md-column-width\":\"\",\"xs-column-ordering\":\"\"}"
  },
  "model": "cmsplugin_cascade.cascadeelement",
  "pk": 22
},
{
  "fields": {
    "glossary": "{\"sm-responsive-utils\":\"\",\"xs-responsive-utils\":\"\",\"md-column-offset\":\"\",\"sm-column-width\":\"col-sm-4\",\"md-responsive-utils\":\"\",\"xs-column-offset\":\"\",\"sm-column-offset\":\"\",\"sm-column-ordering\":\"\",\"md-column-ordering\":\"\",\"lg-column-ordering\":\"\",\"lg-column-offset\":\"\",\"lg-column-width\":\"\",\"xs-column-width\":\"col-xs-12\",\"lg-responsive-utils\":\"\",\"container_max_widths\":{\"xs\":720,\"md\":293,\"sm\":220,\"lg\":360},\"md-column-width\":\"\",\"xs-column-ordering\":\"\"}"
  },
  "model": "cmsplugin_cascade.cascadeelement",
  "pk": 23
},
{
  "fields": {
    "glossary": "{\"icon-right\":\"\",\"button-type\":\"btn-default\",\"link_content\":\"Weiter Einkaufen\",\"link\":{\"pk\":17,\"model\":\"cms.Page\",\"type\":\"cmspage\"},\"button-size\":\"\",\"quick-float\":\"\",\"button-options\":[],\"icon-left\":\"menu-up\"}"
  },
  "model": "cmsplugin_cascade.cascadeelement",
  "pk": 25
},
{
  "fields": {
    "glossary": "{\"tag_type\":\"naked\"}"
  },
  "model": "cmsplugin_cascade.cascadeelement",
  "pk": 34
},
{
  "fields": {
    "glossary": "{\"open_tag\":\"if\",\"condition\":\"customer.is_recognized\"}"
  },
  "model": "cmsplugin_cascade.cascadeelement",
  "pk": 35
},
{
  "fields": {
    "glossary": "{\"open_tag\":\"else\",\"condition\":\"\"}"
  },
  "model": "cmsplugin_cascade.cascadeelement",
  "pk": 36
},
{
  "fields": {
    "glossary": "{}"
  },
  "model": "cmsplugin_cascade.cascadeelement",
  "pk": 40
},
{
  "fields": {
    "glossary": "{\"container_max_widths\":{\"xs\":720,\"md\":940,\"sm\":720,\"lg\":1140},\"xs-column-width\":\"col-xs-12\"}"
  },
  "model": "cmsplugin_cascade.cascadeelement",
  "pk": 41
},
{
  "fields": {
    "glossary": "{}"
  },
  "model": "cmsplugin_cascade.cascadeelement",
  "pk": 42
},
{
  "fields": {
    "glossary": "{}"
  },
  "model": "cmsplugin_cascade.cascadeelement",
  "pk": 43
},
{
  "fields": {
    "glossary": "{}"
  },
  "model": "cmsplugin_cascade.cascadeelement",
  "pk": 44
},
{
  "fields": {
    "glossary": "{}"
  },
  "model": "cmsplugin_cascade.cascadeelement",
  "pk": 45
},
{
  "fields": {
    "glossary": "{\"open_tag\":\"if\",\"condition\":\"customer.is_registered\"}"
  },
  "model": "cmsplugin_cascade.cascadeelement",
  "pk": 46
},
{
  "fields": {
    "glossary": "{\"open_tag\":\"else\",\"condition\":\"\"}"
  },
  "model": "cmsplugin_cascade.cascadeelement",
  "pk": 47
},
{
  "fields": {
    "glossary": "{\"render_type\":\"form\"}"
  },
  "model": "cmsplugin_cascade.cascadeelement",
  "pk": 48
},
{
  "fields": {
    "glossary": "{\"render_type\":\"form\"}"
  },
  "model": "cmsplugin_cascade.cascadeelement",
  "pk": 49
},
{
  "fields": {
    "glossary": "{\"icon-right\":\"menu-right\",\"button-type\":\"btn-success\",\"link_content\":\"Weiter\",\"button-size\":\"\",\"quick-float\":\"\",\"button-options\":[],\"icon-left\":\"\"}"
  },
  "model": "cmsplugin_cascade.cascadeelement",
  "pk": 50
},
{
  "fields": {
    "glossary": "{\"render_type\":\"form\"}"
  },
  "model": "cmsplugin_cascade.cascadeelement",
  "pk": 52
},
{
  "fields": {
    "glossary": "{\"render_type\":\"form\"}"
  },
  "model": "cmsplugin_cascade.cascadeelement",
  "pk": 53
},
{
  "fields": {
    "glossary": "{\"icon-right\":\"menu-right\",\"button-type\":\"btn-success\",\"link_content\":\"Weiter\",\"button-size\":\"\",\"quick-float\":\"\",\"button-options\":[],\"icon-left\":\"\"}"
  },
  "model": "cmsplugin_cascade.cascadeelement",
  "pk": 54
},
{
  "fields": {
    "glossary": "{\"render_type\":\"static\"}"
  },
  "model": "cmsplugin_cascade.cascadeelement",
  "pk": 55
},
{
  "fields": {
    "glossary": "{\"render_type\":\"form\"}"
  },
  "model": "cmsplugin_cascade.cascadeelement",
  "pk": 56
},
{
  "fields": {
    "glossary": "{\"render_type\":\"form\"}"
  },
  "model": "cmsplugin_cascade.cascadeelement",
  "pk": 57
},
{
  "fields": {
    "glossary": "{\"render_type\":\"form\"}"
  },
  "model": "cmsplugin_cascade.cascadeelement",
  "pk": 58
},
{
  "fields": {
    "glossary": "{\"html_content\":\"&lt;p&gt;Ich habe die allgemeinen Gesch&amp;auml;ftbedingungen gelesen und erkl&amp;auml;re mich damit einverstanden.&lt;/p&gt;\\r\\n\"}"
  },
  "model": "cmsplugin_cascade.cascadeelement",
  "pk": 59
},
{
  "fields": {
    "glossary": "{\"icon-right\":\"\",\"button-type\":\"btn-success\",\"link_content\":\"Jetzt Kaufen\",\"link\":{\"type\":\"PURCHASE_NOW\"},\"button-size\":\"btn-lg\",\"quick-float\":\"\",\"button-options\":[],\"icon-left\":\"thumbs-up\"}"
  },
  "model": "cmsplugin_cascade.cascadeelement",
  "pk": 132
},
{
  "fields": {
    "glossary": "{\"icon-right\":\"menu-right\",\"button-type\":\"btn-success\",\"link_content\":\"Zur Kasse gehen\",\"link\":{\"pk\":5,\"model\":\"cms.Page\",\"type\":\"cmspage\"},\"button-size\":\"\",\"quick-float\":\"\",\"button-options\":[],\"icon-left\":\"\"}"
  },
  "model": "cmsplugin_cascade.cascadeelement",
  "pk": 181
},
{
  "fields": {
    "glossary": "{}"
  },
  "model": "cmsplugin_cascade.cascadeelement",
  "pk": 200
},
{
  "fields": {
    "glossary": "{\"sm-responsive-utils\":\"\",\"xs-responsive-utils\":\"\",\"md-column-offset\":\"\",\"sm-column-width\":\"\",\"md-responsive-utils\":\"\",\"xs-column-offset\":\"\",\"sm-column-offset\":\"\",\"sm-column-ordering\":\"\",\"md-column-ordering\":\"\",\"lg-column-ordering\":\"\",\"lg-column-offset\":\"\",\"lg-column-width\":\"\",\"xs-column-width\":\"col-xs-3\",\"lg-responsive-utils\":\"\",\"container_max_widths\":{\"xs\":157,\"md\":212,\"sm\":157,\"lg\":262},\"md-column-width\":\"\",\"xs-column-ordering\":\"\"}"
  },
  "model": "cmsplugin_cascade.cascadeelement",
  "pk": 201
},
{
  "fields": {
    "glossary": "{\"sm-responsive-utils\":\"\",\"xs-responsive-utils\":\"\",\"md-column-offset\":\"\",\"sm-column-width\":\"\",\"md-responsive-utils\":\"\",\"xs-column-offset\":\"\",\"sm-column-offset\":\"\",\"sm-column-ordering\":\"\",\"md-column-ordering\":\"\",\"lg-column-ordering\":\"\",\"lg-column-offset\":\"\",\"lg-column-width\":\"\",\"xs-column-width\":\"col-xs-9\",\"lg-responsive-utils\":\"\",\"container_max_widths\":{\"xs\":532,\"md\":697,\"sm\":532,\"lg\":847},\"md-column-width\":\"\",\"xs-column-ordering\":\"\"}"
  },
  "model": "cmsplugin_cascade.cascadeelement",
  "pk": 202
},
{
  "fields": {
    "glossary": "{}"
  },
  "model": "cmsplugin_cascade.cascadeelement",
  "pk": 238
},
{
  "fields": {
    "glossary": "{\"container_max_widths\":{\"xs\":720,\"md\":940,\"sm\":720,\"lg\":1140},\"xs-column-width\":\"col-xs-12\"}"
  },
  "model": "cmsplugin_cascade.cascadeelement",
  "pk": 239
},
{
  "fields": {
    "glossary": "{}"
  },
  "model": "cmsplugin_cascade.cascadeelement",
  "pk": 242
},
{
  "fields": {
    "glossary": "{}"
  },
  "model": "cmsplugin_cascade.cascadeelement",
  "pk": 243
},
{
  "fields": {
    "glossary": "{\"container_max_widths\":{\"xs\":720,\"md\":940,\"sm\":720,\"lg\":1140},\"xs-column-width\":\"col-xs-12\"}"
  },
  "model": "cmsplugin_cascade.cascadeelement",
  "pk": 244
},
{
  "fields": {
    "glossary": "{}"
  },
  "model": "cmsplugin_cascade.cascadeelement",
  "pk": 245
},
{
  "fields": {
    "glossary": "{}"
  },
  "model": "cmsplugin_cascade.cascadeelement",
  "pk": 246
},
{
  "fields": {
    "glossary": "{\"sm-responsive-utils\":\"\",\"xs-responsive-utils\":\"\",\"md-column-offset\":\"\",\"sm-column-width\":\"\",\"md-responsive-utils\":\"\",\"xs-column-offset\":\"\",\"sm-column-offset\":\"\",\"sm-column-ordering\":\"\",\"md-column-ordering\":\"\",\"lg-column-ordering\":\"\",\"lg-column-offset\":\"\",\"lg-column-width\":\"\",\"xs-column-width\":\"col-xs-12\",\"lg-responsive-utils\":\"\",\"container_max_widths\":{\"xs\":720,\"md\":940,\"sm\":720,\"lg\":1140},\"md-column-width\":\"\",\"xs-column-ordering\":\"\"}"
  },
  "model": "cmsplugin_cascade.cascadeelement",
  "pk": 247
},
{
  "fields": {
    "glossary": "{}"
  },
  "model": "cmsplugin_cascade.cascadeelement",
  "pk": 248
},
{
  "fields": {
    "glossary": "{}"
  },
  "model": "cmsplugin_cascade.cascadeelement",
  "pk": 258
},
{
  "fields": {
    "glossary": "{\"container_max_widths\":{\"xs\":720,\"md\":940,\"sm\":720,\"lg\":1140},\"xs-column-width\":\"col-xs-12\"}"
  },
  "model": "cmsplugin_cascade.cascadeelement",
  "pk": 259
},
{
  "fields": {
    "glossary": "{}"
  },
  "model": "cmsplugin_cascade.cascadeelement",
  "pk": 260
},
{
  "fields": {
    "glossary": "{}"
  },
  "model": "cmsplugin_cascade.cascadeelement",
  "pk": 265
},
{
  "fields": {
    "glossary": "{\"container_max_widths\":{\"xs\":720,\"md\":940,\"sm\":720,\"lg\":1140},\"xs-column-width\":\"col-xs-12\"}"
  },
  "model": "cmsplugin_cascade.cascadeelement",
  "pk": 266
},
{
  "fields": {
    "glossary": "{}"
  },
  "model": "cmsplugin_cascade.cascadeelement",
  "pk": 267
},
{
  "fields": {
    "glossary": "{}"
  },
  "model": "cmsplugin_cascade.cascadeelement",
  "pk": 269
},
{
  "fields": {
    "glossary": "{\"container_max_widths\":{\"xs\":720,\"md\":940,\"sm\":720,\"lg\":1140},\"xs-column-width\":\"col-xs-12\"}"
  },
  "model": "cmsplugin_cascade.cascadeelement",
  "pk": 270
},
{
  "fields": {
    "glossary": "{}"
  },
  "model": "cmsplugin_cascade.cascadeelement",
  "pk": 272
},
{
  "fields": {
    "glossary": "{\"container_max_widths\":{\"xs\":720,\"md\":940,\"sm\":720,\"lg\":1140},\"xs-column-width\":\"col-xs-12\"}"
  },
  "model": "cmsplugin_cascade.cascadeelement",
  "pk": 273
},
{
  "fields": {
    "glossary": "{}"
  },
  "model": "cmsplugin_cascade.cascadeelement",
  "pk": 275
},
{
  "fields": {
    "glossary": "{\"container_max_widths\":{\"xs\":220,\"md\":293,\"sm\":220,\"lg\":360},\"xs-column-width\":\"col-xs-4\"}"
  },
  "model": "cmsplugin_cascade.cascadeelement",
  "pk": 276
},
{
  "fields": {
    "glossary": "{\"container_max_widths\":{\"xs\":220,\"md\":293,\"sm\":220,\"lg\":360},\"xs-column-width\":\"col-xs-4\"}"
  },
  "model": "cmsplugin_cascade.cascadeelement",
  "pk": 277
},
{
  "fields": {
    "glossary": "{\"container_max_widths\":{\"xs\":220,\"md\":293,\"sm\":220,\"lg\":360},\"xs-column-width\":\"col-xs-4\"}"
  },
  "model": "cmsplugin_cascade.cascadeelement",
  "pk": 278
},
{
  "fields": {
    "glossary": "{\"form_type\":\"login-reset\",\"link\":{\"type\":\"RELOAD_PAGE\"}}"
  },
  "model": "cmsplugin_cascade.cascadeelement",
  "pk": 279
},
{
  "fields": {
    "glossary": "{\"form_type\":\"register-user\",\"link\":{\"type\":\"RELOAD_PAGE\"}}"
  },
  "model": "cmsplugin_cascade.cascadeelement",
  "pk": 281
},
{
  "fields": {
    "glossary": "{\"form_type\":\"continue-as-guest\",\"link\":{\"type\":\"RELOAD_PAGE\"}}"
  },
  "model": "cmsplugin_cascade.cascadeelement",
  "pk": 282
},
{
  "fields": {
    "glossary": "{\"tag_type\":\"naked\"}"
  },
  "model": "cmsplugin_cascade.cascadeelement",
  "pk": 283
},
{
  "fields": {
    "glossary": "{\"open_tag\":\"if\",\"condition\":\"customer.is_recognized\"}"
  },
  "model": "cmsplugin_cascade.cascadeelement",
  "pk": 284
},
{
  "fields": {
    "glossary": "{}"
  },
  "model": "cmsplugin_cascade.cascadeelement",
  "pk": 285
},
{
  "fields": {
    "glossary": "{\"container_max_widths\":{\"xs\":720,\"md\":940,\"sm\":720,\"lg\":1140},\"xs-column-width\":\"col-xs-12\"}"
  },
  "model": "cmsplugin_cascade.cascadeelement",
  "pk": 286
},
{
  "fields": {
    "glossary": "{}"
  },
  "model": "cmsplugin_cascade.cascadeelement",
  "pk": 287
},
{
  "fields": {
    "glossary": "{}"
  },
  "model": "cmsplugin_cascade.cascadeelement",
  "pk": 288
},
{
  "fields": {
    "glossary": "{\"open_tag\":\"if\",\"condition\":\"customer.is_registered\"}"
  },
  "model": "cmsplugin_cascade.cascadeelement",
  "pk": 289
},
{
  "fields": {
    "glossary": "{\"render_type\":\"form\"}"
  },
  "model": "cmsplugin_cascade.cascadeelement",
  "pk": 290
},
{
  "fields": {
    "glossary": "{\"open_tag\":\"else\",\"condition\":\"\"}"
  },
  "model": "cmsplugin_cascade.cascadeelement",
  "pk": 291
},
{
  "fields": {
    "glossary": "{\"render_type\":\"form\"}"
  },
  "model": "cmsplugin_cascade.cascadeelement",
  "pk": 292
},
{
  "fields": {
    "glossary": "{\"icon-right\":\"menu-right\",\"button-type\":\"btn-success\",\"link_content\":\"Weiter\",\"button-size\":\"\",\"quick-float\":\"\",\"button-options\":[],\"icon-left\":\"\"}"
  },
  "model": "cmsplugin_cascade.cascadeelement",
  "pk": 293
},
{
  "fields": {
    "glossary": "{}"
  },
  "model": "cmsplugin_cascade.cascadeelement",
  "pk": 294
},
{
  "fields": {
    "glossary": "{\"render_type\":\"form\"}"
  },
  "model": "cmsplugin_cascade.cascadeelement",
  "pk": 295
},
{
  "fields": {
    "glossary": "{\"render_type\":\"form\"}"
  },
  "model": "cmsplugin_cascade.cascadeelement",
  "pk": 296
},
{
  "fields": {
    "glossary": "{\"icon-right\":\"menu-right\",\"button-type\":\"btn-success\",\"link_content\":\"Weiter\",\"button-size\":\"\",\"quick-float\":\"\",\"button-options\":[],\"icon-left\":\"\"}"
  },
  "model": "cmsplugin_cascade.cascadeelement",
  "pk": 297
},
{
  "fields": {
    "glossary": "{}"
  },
  "model": "cmsplugin_cascade.cascadeelement",
  "pk": 298
},
{
  "fields": {
    "glossary": "{\"render_type\":\"static\"}"
  },
  "model": "cmsplugin_cascade.cascadeelement",
  "pk": 299
},
{
  "fields": {
    "glossary": "{\"render_type\":\"form\"}"
  },
  "model": "cmsplugin_cascade.cascadeelement",
  "pk": 300
},
{
  "fields": {
    "glossary": "{\"render_type\":\"form\"}"
  },
  "model": "cmsplugin_cascade.cascadeelement",
  "pk": 301
},
{
  "fields": {
    "glossary": "{\"render_type\":\"form\"}"
  },
  "model": "cmsplugin_cascade.cascadeelement",
  "pk": 302
},
{
  "fields": {
    "glossary": "{\"html_content\":\"&lt;p&gt;Ich habe die allgemeinen Gesch&amp;auml;ftbedingungen gelesen und erkl&amp;auml;re mich damit einverstanden.&lt;/p&gt;\\r\\n\"}"
  },
  "model": "cmsplugin_cascade.cascadeelement",
  "pk": 303
},
{
  "fields": {
    "glossary": "{\"icon-right\":\"\",\"button-type\":\"btn-success\",\"link_content\":\"Jetzt Kaufen\",\"link\":{\"type\":\"PURCHASE_NOW\"},\"button-size\":\"btn-lg\",\"quick-float\":\"\",\"button-options\":[],\"icon-left\":\"thumbs-up\"}"
  },
  "model": "cmsplugin_cascade.cascadeelement",
  "pk": 304
},
{
  "fields": {
    "glossary": "{\"open_tag\":\"else\",\"condition\":\"\"}"
  },
  "model": "cmsplugin_cascade.cascadeelement",
  "pk": 305
},
{
  "fields": {
    "glossary": "{}"
  },
  "model": "cmsplugin_cascade.cascadeelement",
  "pk": 306
},
{
  "fields": {
    "glossary": "{\"container_max_widths\":{\"xs\":220,\"md\":293,\"sm\":220,\"lg\":360},\"xs-column-width\":\"col-xs-4\"}"
  },
  "model": "cmsplugin_cascade.cascadeelement",
  "pk": 307
},
{
  "fields": {
    "glossary": "{\"form_type\":\"login-reset\",\"link\":{\"type\":\"RELOAD_PAGE\"}}"
  },
  "model": "cmsplugin_cascade.cascadeelement",
  "pk": 308
},
{
  "fields": {
    "glossary": "{\"container_max_widths\":{\"xs\":220,\"md\":293,\"sm\":220,\"lg\":360},\"xs-column-width\":\"col-xs-4\"}"
  },
  "model": "cmsplugin_cascade.cascadeelement",
  "pk": 309
},
{
  "fields": {
    "glossary": "{\"form_type\":\"register-user\",\"link\":{\"type\":\"RELOAD_PAGE\"}}"
  },
  "model": "cmsplugin_cascade.cascadeelement",
  "pk": 310
},
{
  "fields": {
    "glossary": "{\"container_max_widths\":{\"xs\":220,\"md\":293,\"sm\":220,\"lg\":360},\"xs-column-width\":\"col-xs-4\"}"
  },
  "model": "cmsplugin_cascade.cascadeelement",
  "pk": 311
},
{
  "fields": {
    "glossary": "{\"form_type\":\"continue-as-guest\",\"link\":{\"type\":\"RELOAD_PAGE\"}}"
  },
  "model": "cmsplugin_cascade.cascadeelement",
  "pk": 312
},
{
  "fields": {
    "glossary": "{}"
  },
  "model": "cmsplugin_cascade.cascadeelement",
  "pk": 342
},
{
  "fields": {
    "glossary": "{\"container_max_widths\":{\"xs\":720,\"md\":940,\"sm\":720,\"lg\":1140},\"xs-column-width\":\"col-xs-12\"}"
  },
  "model": "cmsplugin_cascade.cascadeelement",
  "pk": 343
},
{
  "fields": {
    "glossary": "{}"
  },
  "model": "cmsplugin_cascade.cascadeelement",
  "pk": 344
},
{
  "fields": {
    "glossary": "{}"
  },
  "model": "cmsplugin_cascade.cascadeelement",
  "pk": 345
},
{
  "fields": {
    "glossary": "{\"container_max_widths\":{\"xs\":720,\"md\":940,\"sm\":720,\"lg\":1140},\"xs-column-width\":\"col-xs-12\"}"
  },
  "model": "cmsplugin_cascade.cascadeelement",
  "pk": 346
},
{
  "fields": {
    "glossary": "{}"
  },
  "model": "cmsplugin_cascade.cascadeelement",
  "pk": 347
},
{
  "fields": {
    "glossary": "{\"image-height\":\"\",\"title\":\"\",\"image-title\":\"Django Pony\",\"image\":{\"pk\":1,\"model\":\"filer.Image\"},\"alt-tag\":\"\",\"image-width-fixed\":\"\",\"resize-options\":[\"subject_location\",\"high_resolution\"],\"link\":{\"type\":\"none\"},\"image-shapes\":[\"img-responsive\"],\"target\":\"\",\"image-width-responsive\":\"100%\"}"
  },
  "model": "cmsplugin_cascade.cascadeelement",
  "pk": 348
},
{
  "fields": {
    "glossary": "{}"
  },
  "model": "cmsplugin_cascade.cascadeelement",
  "pk": 359
},
{
  "fields": {
    "glossary": "{\"sm-responsive-utils\":\"\",\"xs-responsive-utils\":\"\",\"md-column-offset\":\"\",\"sm-column-width\":\"\",\"md-responsive-utils\":\"\",\"xs-column-offset\":\"\",\"sm-column-offset\":\"\",\"sm-column-ordering\":\"\",\"md-column-ordering\":\"\",\"lg-column-ordering\":\"\",\"lg-column-offset\":\"\",\"md-column-width\":\"\",\"xs-column-width\":\"col-xs-12\",\"lg-responsive-utils\":\"\",\"container_max_widths\":{\"xs\":720,\"md\":940,\"sm\":720,\"lg\":1140},\"lg-column-width\":\"\",\"xs-column-ordering\":\"\"}"
  },
  "model": "cmsplugin_cascade.cascadeelement",
  "pk": 360
},
{
  "fields": {
    "glossary": "{\"render_type\":\"editable\",\"render_template\":\"\"}"
  },
  "model": "cmsplugin_cascade.cascadeelement",
  "pk": 361
},
{
  "fields": {
    "glossary": "{}"
  },
  "model": "cmsplugin_cascade.cascadeelement",
  "pk": 362
},
{
  "fields": {
    "glossary": "{\"sm-responsive-utils\":\"\",\"xs-responsive-utils\":\"\",\"md-column-offset\":\"\",\"sm-column-width\":\"col-sm-3\",\"md-responsive-utils\":\"\",\"xs-column-offset\":\"\",\"sm-column-offset\":\"col-sm-offset-5\",\"sm-column-ordering\":\"\",\"md-column-ordering\":\"\",\"lg-column-ordering\":\"\",\"lg-column-offset\":\"\",\"md-column-width\":\"\",\"xs-column-width\":\"col-xs-12\",\"lg-responsive-utils\":\"\",\"container_max_widths\":{\"xs\":720,\"md\":212,\"sm\":157,\"lg\":262},\"lg-column-width\":\"\",\"xs-column-ordering\":\"\"}"
  },
  "model": "cmsplugin_cascade.cascadeelement",
  "pk": 363
},
{
  "fields": {
    "glossary": "{\"icon-right\":\"\",\"button-type\":\"btn-default\",\"link_content\":\"Continue Shopping\",\"link\":{\"pk\":17,\"model\":\"cms.Page\",\"type\":\"cmspage\"},\"button-size\":\"\",\"quick-float\":\"\",\"button-options\":[],\"icon-left\":\"menu-up\"}"
  },
  "model": "cmsplugin_cascade.cascadeelement",
  "pk": 364
},
{
  "fields": {
    "glossary": "{\"sm-responsive-utils\":\"\",\"xs-responsive-utils\":\"\",\"md-column-offset\":\"\",\"sm-column-width\":\"col-sm-4\",\"md-responsive-utils\":\"\",\"xs-column-offset\":\"\",\"sm-column-offset\":\"\",\"sm-column-ordering\":\"\",\"md-column-ordering\":\"\",\"lg-column-ordering\":\"\",\"lg-column-offset\":\"\",\"md-column-width\":\"\",\"xs-column-width\":\"col-xs-12\",\"lg-responsive-utils\":\"\",\"container_max_widths\":{\"xs\":720,\"md\":293,\"sm\":220,\"lg\":360},\"lg-column-width\":\"\",\"xs-column-ordering\":\"\"}"
  },
  "model": "cmsplugin_cascade.cascadeelement",
  "pk": 365
},
{
  "fields": {
    "glossary": "{\"icon-right\":\"menu-right\",\"button-type\":\"btn-success\",\"link_content\":\"Proceed to Checkout\",\"link\":{\"pk\":5,\"model\":\"cms.Page\",\"type\":\"cmspage\"},\"button-size\":\"\",\"quick-float\":\"\",\"button-options\":[],\"icon-left\":\"\"}"
  },
  "model": "cmsplugin_cascade.cascadeelement",
  "pk": 366
},
{
  "fields": {
    "glossary": "{\"open_tag\":\"if\",\"condition\":\"customer.is_recognized\"}"
  },
  "model": "cmsplugin_cascade.cascadeelement",
  "pk": 376
},
{
  "fields": {
    "glossary": "{}"
  },
  "model": "cmsplugin_cascade.cascadeelement",
  "pk": 377
},
{
  "fields": {
    "glossary": "{\"container_max_widths\":{\"xs\":720,\"md\":940,\"sm\":720,\"lg\":1140},\"xs-column-width\":\"col-xs-12\"}"
  },
  "model": "cmsplugin_cascade.cascadeelement",
  "pk": 378
},
{
  "fields": {
    "glossary": "{}"
  },
  "model": "cmsplugin_cascade.cascadeelement",
  "pk": 379
},
{
  "fields": {
    "glossary": "{}"
  },
  "model": "cmsplugin_cascade.cascadeelement",
  "pk": 380
},
{
  "fields": {
    "glossary": "{\"open_tag\":\"if\",\"condition\":\"customer.is_registered\"}"
  },
  "model": "cmsplugin_cascade.cascadeelement",
  "pk": 381
},
{
  "fields": {
    "glossary": "{\"render_type\":\"form\"}"
  },
  "model": "cmsplugin_cascade.cascadeelement",
  "pk": 382
},
{
  "fields": {
    "glossary": "{\"open_tag\":\"else\",\"condition\":\"\"}"
  },
  "model": "cmsplugin_cascade.cascadeelement",
  "pk": 383
},
{
  "fields": {
    "glossary": "{\"render_type\":\"form\"}"
  },
  "model": "cmsplugin_cascade.cascadeelement",
  "pk": 384
},
{
  "fields": {
    "glossary": "{\"icon-right\":\"menu-right\",\"button-type\":\"btn-success\",\"link_content\":\"Next\",\"button-size\":\"\",\"quick-float\":\"\",\"button-options\":[],\"icon-left\":\"\"}"
  },
  "model": "cmsplugin_cascade.cascadeelement",
  "pk": 385
},
{
  "fields": {
    "glossary": "{}"
  },
  "model": "cmsplugin_cascade.cascadeelement",
  "pk": 386
},
{
  "fields": {
    "glossary": "{\"render_type\":\"form\"}"
  },
  "model": "cmsplugin_cascade.cascadeelement",
  "pk": 387
},
{
  "fields": {
    "glossary": "{\"render_type\":\"form\"}"
  },
  "model": "cmsplugin_cascade.cascadeelement",
  "pk": 388
},
{
  "fields": {
    "glossary": "{\"icon-right\":\"menu-right\",\"button-type\":\"btn-success\",\"link_content\":\"Next\",\"button-size\":\"\",\"quick-float\":\"\",\"button-options\":[],\"icon-left\":\"\"}"
  },
  "model": "cmsplugin_cascade.cascadeelement",
  "pk": 389
},
{
  "fields": {
    "glossary": "{}"
  },
  "model": "cmsplugin_cascade.cascadeelement",
  "pk": 390
},
{
  "fields": {
    "glossary": "{\"render_type\":\"static\"}"
  },
  "model": "cmsplugin_cascade.cascadeelement",
  "pk": 391
},
{
  "fields": {
    "glossary": "{\"render_type\":\"form\"}"
  },
  "model": "cmsplugin_cascade.cascadeelement",
  "pk": 392
},
{
  "fields": {
    "glossary": "{\"render_type\":\"form\"}"
  },
  "model": "cmsplugin_cascade.cascadeelement",
  "pk": 393
},
{
  "fields": {
    "glossary": "{\"render_type\":\"form\"}"
  },
  "model": "cmsplugin_cascade.cascadeelement",
  "pk": 394
},
{
  "fields": {
    "glossary": "{\"html_content\":\"&lt;p&gt;I have read&amp;nbsp;and agree with&amp;nbsp;our &lt;img alt=&quot;Link&quot; id=&quot;plugin_obj_724&quot; src=&quot;&quot; title=&quot;Link - terms and conditions&quot; /&gt;.&lt;/p&gt;\\r\\n\"}"
  },
  "model": "cmsplugin_cascade.cascadeelement",
  "pk": 395
},
{
  "fields": {
    "glossary": "{\"icon-right\":\"\",\"extra_inline_styles:Margins\":{\"margin-top\":\"\",\"margin-bottom\":\"20px\"},\"button-type\":\"btn-success\",\"link_content\":\"Purchase Now\",\"link\":{\"type\":\"PURCHASE_NOW\"},\"button-size\":\"btn-lg\",\"quick-float\":\"\",\"button-options\":[],\"icon-left\":\"thumbs-up\"}"
  },
  "model": "cmsplugin_cascade.cascadeelement",
  "pk": 396
},
{
  "fields": {
    "glossary": "{\"open_tag\":\"else\",\"condition\":\"\"}"
  },
  "model": "cmsplugin_cascade.cascadeelement",
  "pk": 397
},
{
  "fields": {
    "glossary": "{}"
  },
  "model": "cmsplugin_cascade.cascadeelement",
  "pk": 398
},
{
  "fields": {
    "glossary": "{\"container_max_widths\":{\"xs\":220,\"md\":293,\"sm\":220,\"lg\":360},\"xs-column-width\":\"col-xs-4\"}"
  },
  "model": "cmsplugin_cascade.cascadeelement",
  "pk": 399
},
{
  "fields": {
    "glossary": "{\"form_type\":\"login-reset\",\"link\":{\"type\":\"RELOAD_PAGE\"}}"
  },
  "model": "cmsplugin_cascade.cascadeelement",
  "pk": 400
},
{
  "fields": {
    "glossary": "{\"container_max_widths\":{\"xs\":220,\"md\":293,\"sm\":220,\"lg\":360},\"xs-column-width\":\"col-xs-4\"}"
  },
  "model": "cmsplugin_cascade.cascadeelement",
  "pk": 401
},
{
  "fields": {
    "glossary": "{\"form_type\":\"register-user\",\"link\":{\"type\":\"RELOAD_PAGE\"}}"
  },
  "model": "cmsplugin_cascade.cascadeelement",
  "pk": 402
},
{
  "fields": {
    "glossary": "{\"container_max_widths\":{\"xs\":220,\"md\":293,\"sm\":220,\"lg\":360},\"xs-column-width\":\"col-xs-4\"}"
  },
  "model": "cmsplugin_cascade.cascadeelement",
  "pk": 403
},
{
  "fields": {
    "glossary": "{\"form_type\":\"continue-as-guest\",\"link\":{\"type\":\"RELOAD_PAGE\"}}"
  },
  "model": "cmsplugin_cascade.cascadeelement",
  "pk": 404
},
{
  "fields": {
    "glossary": "{}"
  },
  "model": "cmsplugin_cascade.cascadeelement",
  "pk": 557
},
{
  "fields": {
    "glossary": "{\"sm-responsive-utils\":\"\",\"xs-responsive-utils\":\"\",\"md-column-offset\":\"\",\"sm-column-width\":\"\",\"md-responsive-utils\":\"\",\"xs-column-offset\":\"\",\"sm-column-offset\":\"\",\"sm-column-ordering\":\"\",\"md-column-ordering\":\"\",\"lg-column-ordering\":\"\",\"lg-column-offset\":\"\",\"md-column-width\":\"\",\"xs-column-width\":\"col-xs-12\",\"lg-responsive-utils\":\"\",\"container_max_widths\":{\"xs\":720,\"md\":940,\"sm\":720,\"lg\":1140},\"lg-column-width\":\"\",\"xs-column-ordering\":\"\"}"
  },
  "model": "cmsplugin_cascade.cascadeelement",
  "pk": 558
},
{
  "fields": {
    "glossary": "{\"render_type\":\"editable\"}"
  },
  "model": "cmsplugin_cascade.cascadeelement",
  "pk": 559
},
{
  "fields": {
    "glossary": "{}"
  },
  "model": "cmsplugin_cascade.cascadeelement",
  "pk": 560
},
{
  "fields": {
    "glossary": "{\"sm-responsive-utils\":\"\",\"xs-responsive-utils\":\"\",\"md-column-offset\":\"\",\"sm-column-width\":\"col-sm-3\",\"md-responsive-utils\":\"\",\"xs-column-offset\":\"\",\"sm-column-offset\":\"col-sm-offset-5\",\"sm-column-ordering\":\"\",\"md-column-ordering\":\"\",\"lg-column-ordering\":\"\",\"lg-column-offset\":\"\",\"md-column-width\":\"\",\"xs-column-width\":\"col-xs-12\",\"lg-responsive-utils\":\"\",\"container_max_widths\":{\"xs\":720,\"md\":212,\"sm\":157,\"lg\":262},\"lg-column-width\":\"\",\"xs-column-ordering\":\"\"}"
  },
  "model": "cmsplugin_cascade.cascadeelement",
  "pk": 561
},
{
  "fields": {
    "glossary": "{\"icon-right\":\"\",\"button-type\":\"btn-default\",\"link_content\":\"Weiter Einkaufen\",\"link\":{\"pk\":17,\"model\":\"cms.Page\",\"type\":\"cmspage\"},\"button-size\":\"\",\"quick-float\":\"\",\"button-options\":[],\"icon-left\":\"menu-up\"}"
  },
  "model": "cmsplugin_cascade.cascadeelement",
  "pk": 562
},
{
  "fields": {
    "glossary": "{\"sm-responsive-utils\":\"\",\"xs-responsive-utils\":\"\",\"md-column-offset\":\"\",\"sm-column-width\":\"col-sm-4\",\"md-responsive-utils\":\"\",\"xs-column-offset\":\"\",\"sm-column-offset\":\"\",\"sm-column-ordering\":\"\",\"md-column-ordering\":\"\",\"lg-column-ordering\":\"\",\"lg-column-offset\":\"\",\"md-column-width\":\"\",\"xs-column-width\":\"col-xs-12\",\"lg-responsive-utils\":\"\",\"container_max_widths\":{\"xs\":720,\"md\":293,\"sm\":220,\"lg\":360},\"lg-column-width\":\"\",\"xs-column-ordering\":\"\"}"
  },
  "model": "cmsplugin_cascade.cascadeelement",
  "pk": 563
},
{
  "fields": {
    "glossary": "{\"icon-right\":\"menu-right\",\"button-type\":\"btn-success\",\"link_content\":\"Zur Kasse gehen\",\"link\":{\"pk\":5,\"model\":\"cms.Page\",\"type\":\"cmspage\"},\"button-size\":\"\",\"quick-float\":\"\",\"button-options\":[],\"icon-left\":\"\"}"
  },
  "model": "cmsplugin_cascade.cascadeelement",
  "pk": 564
},
{
  "fields": {
    "glossary": "{}"
  },
  "model": "cmsplugin_cascade.cascadeelement",
  "pk": 565
},
{
  "fields": {
    "glossary": "{\"sm-responsive-utils\":\"\",\"xs-responsive-utils\":\"\",\"md-column-offset\":\"\",\"sm-column-width\":\"\",\"md-responsive-utils\":\"\",\"xs-column-offset\":\"\",\"sm-column-offset\":\"\",\"sm-column-ordering\":\"\",\"md-column-ordering\":\"\",\"lg-column-ordering\":\"\",\"lg-column-offset\":\"\",\"md-column-width\":\"\",\"xs-column-width\":\"col-xs-3\",\"lg-responsive-utils\":\"\",\"container_max_widths\":{\"xs\":157,\"md\":212,\"sm\":157,\"lg\":262},\"lg-column-width\":\"\",\"xs-column-ordering\":\"\"}"
  },
  "model": "cmsplugin_cascade.cascadeelement",
  "pk": 566
},
{
  "fields": {
    "glossary": "{\"image-width-responsive\":\"100%\",\"image-height\":\"\",\"title\":\"\",\"image-title\":\"Django Pony\",\"image\":{\"pk\":1,\"model\":\"filer.Image\"},\"image-width-fixed\":\"\",\"resize-options\":[\"subject_location\",\"high_resolution\"],\"link\":{\"type\":\"none\"},\"alt-tag\":\"\",\"image-shapes\":[\"img-responsive\"],\"target\":\"\"}"
  },
  "model": "cmsplugin_cascade.cascadeelement",
  "pk": 567
},
{
  "fields": {
    "glossary": "{\"sm-responsive-utils\":\"\",\"xs-responsive-utils\":\"\",\"md-column-offset\":\"\",\"sm-column-width\":\"\",\"md-responsive-utils\":\"\",\"xs-column-offset\":\"\",\"sm-column-offset\":\"\",\"sm-column-ordering\":\"\",\"md-column-ordering\":\"\",\"lg-column-ordering\":\"\",\"lg-column-offset\":\"\",\"md-column-width\":\"\",\"xs-column-width\":\"col-xs-9\",\"lg-responsive-utils\":\"\",\"container_max_widths\":{\"xs\":532,\"md\":697,\"sm\":532,\"lg\":847},\"lg-column-width\":\"\",\"xs-column-ordering\":\"\"}"
  },
  "model": "cmsplugin_cascade.cascadeelement",
  "pk": 568
},
{
  "fields": {
    "glossary": "{\"media_queries\":{\"xs\":[\"(max-width: 768px)\"],\"md\":[\"(min-width: 992px)\",\"(max-width: 1200px)\"],\"sm\":[\"(min-width: 768px)\",\"(max-width: 992px)\"],\"lg\":[\"(min-width: 1200px)\"]},\"container_max_widths\":{\"xs\":750,\"md\":970,\"sm\":750,\"lg\":1170},\"fluid\":\"\",\"breakpoints\":[\"xs\",\"sm\",\"md\",\"lg\"]}"
  },
  "model": "cmsplugin_cascade.cascadeelement",
  "pk": 600
},
{
  "fields": {
    "glossary": "{\"media_queries\":{\"xs\":[\"(max-width: 768px)\"],\"md\":[\"(min-width: 992px)\",\"(max-width: 1200px)\"],\"sm\":[\"(min-width: 768px)\",\"(max-width: 992px)\"],\"lg\":[\"(min-width: 1200px)\"]},\"container_max_widths\":{\"xs\":750,\"md\":970,\"sm\":750,\"lg\":1170},\"fluid\":\"\",\"breakpoints\":[\"xs\",\"sm\",\"md\",\"lg\"]}"
  },
  "model": "cmsplugin_cascade.cascadeelement",
  "pk": 601
},
{
  "fields": {
    "glossary": "{}"
  },
  "model": "cmsplugin_cascade.cascadeelement",
  "pk": 602
},
{
  "fields": {
    "glossary": "{\"sm-responsive-utils\":\"\",\"xs-responsive-utils\":\"\",\"md-column-offset\":\"\",\"sm-column-width\":\"\",\"md-responsive-utils\":\"\",\"xs-column-offset\":\"\",\"sm-column-offset\":\"\",\"sm-column-ordering\":\"\",\"md-column-ordering\":\"\",\"lg-column-ordering\":\"\",\"lg-column-offset\":\"\",\"md-column-width\":\"\",\"xs-column-width\":\"col-xs-3\",\"lg-responsive-utils\":\"\",\"container_max_widths\":{\"xs\":157,\"md\":212,\"sm\":157,\"lg\":262},\"lg-column-width\":\"\",\"xs-column-ordering\":\"\"}"
  },
  "model": "cmsplugin_cascade.cascadeelement",
  "pk": 603
},
{
  "fields": {
    "glossary": "{\"image-width-responsive\":\"100%\",\"image-height\":\"\",\"title\":\"\",\"image-title\":\"Django Pony\",\"image\":{\"pk\":1,\"model\":\"filer.Image\"},\"image-width-fixed\":\"\",\"resize-options\":[\"subject_location\",\"high_resolution\"],\"link\":{\"type\":\"none\"},\"alt-tag\":\"\",\"image-shapes\":[\"img-responsive\"],\"target\":\"\"}"
  },
  "model": "cmsplugin_cascade.cascadeelement",
  "pk": 604
},
{
  "fields": {
    "glossary": "{\"sm-responsive-utils\":\"\",\"xs-responsive-utils\":\"\",\"md-column-offset\":\"\",\"sm-column-width\":\"\",\"md-responsive-utils\":\"\",\"xs-column-offset\":\"\",\"sm-column-offset\":\"\",\"sm-column-ordering\":\"\",\"md-column-ordering\":\"\",\"lg-column-ordering\":\"\",\"lg-column-offset\":\"\",\"md-column-width\":\"\",\"xs-column-width\":\"col-xs-9\",\"lg-responsive-utils\":\"\",\"container_max_widths\":{\"xs\":532,\"md\":697,\"sm\":532,\"lg\":847},\"lg-column-width\":\"\",\"xs-column-ordering\":\"\"}"
  },
  "model": "cmsplugin_cascade.cascadeelement",
  "pk": 605
},
{
  "fields": {
    "glossary": "{\"media_queries\":{\"xs\":[\"(max-width: 768px)\"],\"md\":[\"(min-width: 992px)\",\"(max-width: 1200px)\"],\"sm\":[\"(min-width: 768px)\",\"(max-width: 992px)\"],\"lg\":[\"(min-width: 1200px)\"]},\"container_max_widths\":{\"xs\":750,\"md\":970,\"sm\":750,\"lg\":1170},\"fluid\":\"\",\"breakpoints\":[\"xs\",\"sm\",\"md\",\"lg\"]}"
  },
  "model": "cmsplugin_cascade.cascadeelement",
  "pk": 607
},
{
  "fields": {
    "glossary": "{\"media_queries\":{\"xs\":[\"(max-width: 768px)\"],\"md\":[\"(min-width: 992px)\",\"(max-width: 1200px)\"],\"sm\":[\"(min-width: 768px)\",\"(max-width: 992px)\"],\"lg\":[\"(min-width: 1200px)\"]},\"container_max_widths\":{\"xs\":750,\"md\":970,\"sm\":750,\"lg\":1170},\"fluid\":\"\",\"breakpoints\":[\"xs\",\"sm\",\"md\",\"lg\"]}"
  },
  "model": "cmsplugin_cascade.cascadeelement",
  "pk": 608
},
{
  "fields": {
    "glossary": "{}"
  },
  "model": "cmsplugin_cascade.cascadeelement",
  "pk": 609
},
{
  "fields": {
    "glossary": "{\"sm-responsive-utils\":\"\",\"xs-responsive-utils\":\"\",\"md-column-offset\":\"\",\"sm-column-width\":\"\",\"md-responsive-utils\":\"\",\"xs-column-offset\":\"\",\"sm-column-offset\":\"\",\"sm-column-ordering\":\"\",\"md-column-ordering\":\"\",\"lg-column-ordering\":\"\",\"lg-column-offset\":\"\",\"lg-column-width\":\"\",\"xs-column-width\":\"col-xs-3\",\"lg-responsive-utils\":\"\",\"container_max_widths\":{\"xs\":157,\"md\":212,\"sm\":157,\"lg\":262},\"md-column-width\":\"\",\"xs-column-ordering\":\"\"}"
  },
  "model": "cmsplugin_cascade.cascadeelement",
  "pk": 610
},
{
  "fields": {
    "glossary": "{\"image-width-responsive\":\"100%\",\"title\":\"\",\"image-title\":\"Django Pony\",\"image\":{\"pk\":1,\"model\":\"filer.Image\"},\"alt-tag\":\"\",\"image-width-fixed\":\"\",\"resize-options\":[\"subject_location\",\"high_resolution\"],\"link\":{\"type\":\"none\"},\"image-shapes\":[\"img-responsive\"],\"target\":\"\",\"image-height\":\"\"}"
  },
  "model": "cmsplugin_cascade.cascadeelement",
  "pk": 611
},
{
  "fields": {
    "glossary": "{\"sm-responsive-utils\":\"\",\"xs-responsive-utils\":\"\",\"md-column-offset\":\"\",\"sm-column-width\":\"\",\"md-responsive-utils\":\"\",\"xs-column-offset\":\"\",\"sm-column-offset\":\"\",\"sm-column-ordering\":\"\",\"md-column-ordering\":\"\",\"lg-column-ordering\":\"\",\"lg-column-offset\":\"\",\"lg-column-width\":\"\",\"xs-column-width\":\"col-xs-9\",\"lg-responsive-utils\":\"\",\"container_max_widths\":{\"xs\":532,\"md\":697,\"sm\":532,\"lg\":847},\"md-column-width\":\"\",\"xs-column-ordering\":\"\"}"
  },
  "model": "cmsplugin_cascade.cascadeelement",
  "pk": 612
},
{
  "fields": {
    "glossary": "{\"media_queries\":{\"xs\":[\"(max-width: 768px)\"],\"md\":[\"(min-width: 992px)\",\"(max-width: 1200px)\"],\"sm\":[\"(min-width: 768px)\",\"(max-width: 992px)\"],\"lg\":[\"(min-width: 1200px)\"]},\"container_max_widths\":{\"xs\":750,\"md\":970,\"sm\":750,\"lg\":1170},\"fluid\":\"\",\"breakpoints\":[\"xs\",\"sm\",\"md\",\"lg\"]}"
  },
  "model": "cmsplugin_cascade.cascadeelement",
  "pk": 614
},
{
  "fields": {
    "glossary": "{}"
  },
  "model": "cmsplugin_cascade.cascadeelement",
  "pk": 615
},
{
  "fields": {
    "glossary": "{\"container_max_widths\":{\"xs\":720,\"md\":940,\"sm\":720,\"lg\":1140},\"xs-column-width\":\"col-xs-12\"}"
  },
  "model": "cmsplugin_cascade.cascadeelement",
  "pk": 616
},
{
  "fields": {
    "glossary": "{}"
  },
  "model": "cmsplugin_cascade.cascadeelement",
  "pk": 617
},
{
  "fields": {
    "glossary": "{\"media_queries\":{\"xs\":[\"(max-width: 768px)\"],\"md\":[\"(min-width: 992px)\",\"(max-width: 1200px)\"],\"sm\":[\"(min-width: 768px)\",\"(max-width: 992px)\"],\"lg\":[\"(min-width: 1200px)\"]},\"container_max_widths\":{\"xs\":750,\"md\":970,\"sm\":750,\"lg\":1170},\"fluid\":\"\",\"breakpoints\":[\"xs\",\"sm\",\"md\",\"lg\"]}"
  },
  "model": "cmsplugin_cascade.cascadeelement",
  "pk": 618
},
{
  "fields": {
    "glossary": "{}"
  },
  "model": "cmsplugin_cascade.cascadeelement",
  "pk": 619
},
{
  "fields": {
    "glossary": "{\"container_max_widths\":{\"xs\":720,\"md\":940,\"sm\":720,\"lg\":1140},\"xs-column-width\":\"col-xs-12\"}"
  },
  "model": "cmsplugin_cascade.cascadeelement",
  "pk": 620
},
{
  "fields": {
    "glossary": "{}"
  },
  "model": "cmsplugin_cascade.cascadeelement",
  "pk": 621
},
{
  "fields": {
    "glossary": "{\"media_queries\":{\"xs\":[\"(max-width: 768px)\"],\"md\":[\"(min-width: 992px)\",\"(max-width: 1200px)\"],\"sm\":[\"(min-width: 768px)\",\"(max-width: 992px)\"],\"lg\":[\"(min-width: 1200px)\"]},\"container_max_widths\":{\"xs\":750,\"md\":970,\"sm\":750,\"lg\":1170},\"fluid\":\"\",\"breakpoints\":[\"xs\",\"sm\",\"md\",\"lg\"]}"
  },
  "model": "cmsplugin_cascade.cascadeelement",
  "pk": 622
},
{
  "fields": {
    "glossary": "{\"media_queries\":{\"xs\":[\"(max-width: 768px)\"],\"md\":[\"(min-width: 992px)\",\"(max-width: 1200px)\"],\"sm\":[\"(min-width: 768px)\",\"(max-width: 992px)\"],\"lg\":[\"(min-width: 1200px)\"]},\"container_max_widths\":{\"xs\":750,\"md\":970,\"sm\":750,\"lg\":1170},\"fluid\":\"\",\"breakpoints\":[\"xs\",\"sm\",\"md\",\"lg\"]}"
  },
  "model": "cmsplugin_cascade.cascadeelement",
  "pk": 623
},
{
  "fields": {
    "glossary": "{}"
  },
  "model": "cmsplugin_cascade.cascadeelement",
  "pk": 624
},
{
  "fields": {
    "glossary": "{\"sm-responsive-utils\":\"\",\"xs-responsive-utils\":\"\",\"md-column-offset\":\"\",\"sm-column-width\":\"\",\"md-responsive-utils\":\"\",\"xs-column-offset\":\"\",\"sm-column-offset\":\"\",\"sm-column-ordering\":\"\",\"md-column-ordering\":\"\",\"lg-column-ordering\":\"\",\"lg-column-offset\":\"\",\"lg-column-width\":\"\",\"xs-column-width\":\"col-xs-12\",\"lg-responsive-utils\":\"\",\"container_max_widths\":{\"xs\":720,\"md\":940,\"sm\":720,\"lg\":1140},\"md-column-width\":\"\",\"xs-column-ordering\":\"\"}"
  },
  "model": "cmsplugin_cascade.cascadeelement",
  "pk": 625
},
{
  "fields": {
    "glossary": "{\"render_type\":\"editable\",\"render_template\":\"\"}"
  },
  "model": "cmsplugin_cascade.cascadeelement",
  "pk": 626
},
{
  "fields": {
    "glossary": "{}"
  },
  "model": "cmsplugin_cascade.cascadeelement",
  "pk": 627
},
{
  "fields": {
    "glossary": "{\"sm-responsive-utils\":\"\",\"xs-responsive-utils\":\"\",\"md-column-offset\":\"\",\"sm-column-width\":\"col-sm-3\",\"md-responsive-utils\":\"\",\"xs-column-offset\":\"\",\"sm-column-offset\":\"col-sm-offset-5\",\"sm-column-ordering\":\"\",\"md-column-ordering\":\"\",\"lg-column-ordering\":\"\",\"lg-column-offset\":\"\",\"lg-column-width\":\"\",\"xs-column-width\":\"col-xs-12\",\"lg-responsive-utils\":\"\",\"container_max_widths\":{\"xs\":720,\"md\":212,\"sm\":157,\"lg\":262},\"md-column-width\":\"\",\"xs-column-ordering\":\"\"}"
  },
  "model": "cmsplugin_cascade.cascadeelement",
  "pk": 628
},
{
  "fields": {
    "glossary": "{\"icon-right\":\"\",\"button-type\":\"btn-default\",\"link_content\":\"Continue Shopping\",\"link\":{\"pk\":17,\"model\":\"cms.Page\",\"type\":\"cmspage\"},\"button-size\":\"\",\"quick-float\":\"\",\"button-options\":[],\"icon-left\":\"menu-up\"}"
  },
  "model": "cmsplugin_cascade.cascadeelement",
  "pk": 629
},
{
  "fields": {
    "glossary": "{\"sm-responsive-utils\":\"\",\"xs-responsive-utils\":\"\",\"md-column-offset\":\"\",\"sm-column-width\":\"col-sm-4\",\"md-responsive-utils\":\"\",\"xs-column-offset\":\"\",\"sm-column-offset\":\"\",\"sm-column-ordering\":\"\",\"md-column-ordering\":\"\",\"lg-column-ordering\":\"\",\"lg-column-offset\":\"\",\"lg-column-width\":\"\",\"xs-column-width\":\"col-xs-12\",\"lg-responsive-utils\":\"\",\"container_max_widths\":{\"xs\":720,\"md\":293,\"sm\":220,\"lg\":360},\"md-column-width\":\"\",\"xs-column-ordering\":\"\"}"
  },
  "model": "cmsplugin_cascade.cascadeelement",
  "pk": 630
},
{
  "fields": {
    "glossary": "{\"icon-right\":\"menu-right\",\"button-type\":\"btn-success\",\"link_content\":\"Proceed to Checkout\",\"link\":{\"pk\":5,\"model\":\"cms.Page\",\"type\":\"cmspage\"},\"button-size\":\"\",\"quick-float\":\"\",\"button-options\":[],\"icon-left\":\"\"}"
  },
  "model": "cmsplugin_cascade.cascadeelement",
  "pk": 631
},
{
  "fields": {
    "glossary": "{\"media_queries\":{\"xs\":[\"(max-width: 768px)\"],\"md\":[\"(min-width: 992px)\",\"(max-width: 1200px)\"],\"sm\":[\"(min-width: 768px)\",\"(max-width: 992px)\"],\"lg\":[\"(min-width: 1200px)\"]},\"container_max_widths\":{\"xs\":750,\"md\":970,\"sm\":750,\"lg\":1170},\"fluid\":\"\",\"breakpoints\":[\"xs\",\"sm\",\"md\",\"lg\"]}"
  },
  "model": "cmsplugin_cascade.cascadeelement",
  "pk": 632
},
{
  "fields": {
    "glossary": "{\"link_content\":\"terms and conditions\",\"link\":{\"pk\":15,\"model\":\"cms.Page\",\"type\":\"cmspage\"},\"target\":\"\",\"render_template\":\"cascade/link/text-link.html\",\"title\":\"\"}"
  },
  "model": "cmsplugin_cascade.cascadeelement",
  "pk": 724
},
{
  "fields": {
    "glossary": "{\"media_queries\":{\"xs\":[\"(max-width: 768px)\"],\"md\":[\"(min-width: 992px)\",\"(max-width: 1200px)\"],\"sm\":[\"(min-width: 768px)\",\"(max-width: 992px)\"],\"lg\":[\"(min-width: 1200px)\"]},\"container_max_widths\":{\"xs\":750,\"md\":970,\"sm\":750,\"lg\":1170},\"fluid\":\"\",\"breakpoints\":[\"xs\",\"sm\",\"md\",\"lg\"]}"
  },
  "model": "cmsplugin_cascade.cascadeelement",
  "pk": 725
},
{
  "fields": {
    "glossary": "{}"
  },
  "model": "cmsplugin_cascade.cascadeelement",
  "pk": 726
},
{
  "fields": {
    "glossary": "{\"container_max_widths\":{\"xs\":720,\"md\":940,\"sm\":720,\"lg\":1140},\"xs-column-width\":\"col-xs-12\"}"
  },
  "model": "cmsplugin_cascade.cascadeelement",
  "pk": 727
},
{
  "fields": {
    "glossary": "{\"media_queries\":{\"xs\":[\"(max-width: 768px)\"],\"md\":[\"(min-width: 992px)\",\"(max-width: 1200px)\"],\"sm\":[\"(min-width: 768px)\",\"(max-width: 992px)\"],\"lg\":[\"(min-width: 1200px)\"]},\"container_max_widths\":{\"xs\":750,\"md\":970,\"sm\":750,\"lg\":1170},\"fluid\":\"\",\"breakpoints\":[\"xs\",\"sm\",\"md\",\"lg\"]}"
  },
  "model": "cmsplugin_cascade.cascadeelement",
  "pk": 729
},
{
  "fields": {
    "glossary": "{}"
  },
  "model": "cmsplugin_cascade.cascadeelement",
  "pk": 730
},
{
  "fields": {
    "glossary": "{\"container_max_widths\":{\"xs\":720,\"md\":940,\"sm\":720,\"lg\":1140},\"xs-column-width\":\"col-xs-12\"}"
  },
  "model": "cmsplugin_cascade.cascadeelement",
  "pk": 731
},
{
  "fields": {
    "glossary": "{\"media_queries\":{\"xs\":[\"(max-width: 768px)\"],\"md\":[\"(min-width: 992px)\",\"(max-width: 1200px)\"],\"sm\":[\"(min-width: 768px)\",\"(max-width: 992px)\"],\"lg\":[\"(min-width: 1200px)\"]},\"container_max_widths\":{\"xs\":750,\"md\":970,\"sm\":750,\"lg\":1170},\"fluid\":\"\",\"breakpoints\":[\"xs\",\"sm\",\"md\",\"lg\"]}"
  },
  "model": "cmsplugin_cascade.cascadeelement",
  "pk": 733
},
{
  "fields": {
    "glossary": "{\"open_tag\":\"if\",\"condition\":\"customer.is_recognized\"}"
  },
  "model": "cmsplugin_cascade.cascadeelement",
  "pk": 734
},
{
  "fields": {
    "glossary": "{}"
  },
  "model": "cmsplugin_cascade.cascadeelement",
  "pk": 735
},
{
  "fields": {
    "glossary": "{\"container_max_widths\":{\"xs\":720,\"md\":940,\"sm\":720,\"lg\":1140},\"xs-column-width\":\"col-xs-12\"}"
  },
  "model": "cmsplugin_cascade.cascadeelement",
  "pk": 736
},
{
  "fields": {
    "glossary": "{}"
  },
  "model": "cmsplugin_cascade.cascadeelement",
  "pk": 737
},
{
  "fields": {
    "glossary": "{}"
  },
  "model": "cmsplugin_cascade.cascadeelement",
  "pk": 738
},
{
  "fields": {
    "glossary": "{\"open_tag\":\"if\",\"condition\":\"customer.is_registered\"}"
  },
  "model": "cmsplugin_cascade.cascadeelement",
  "pk": 739
},
{
  "fields": {
    "glossary": "{\"render_type\":\"form\"}"
  },
  "model": "cmsplugin_cascade.cascadeelement",
  "pk": 740
},
{
  "fields": {
    "glossary": "{\"open_tag\":\"else\",\"condition\":\"\"}"
  },
  "model": "cmsplugin_cascade.cascadeelement",
  "pk": 741
},
{
  "fields": {
    "glossary": "{\"render_type\":\"form\"}"
  },
  "model": "cmsplugin_cascade.cascadeelement",
  "pk": 742
},
{
  "fields": {
    "glossary": "{\"icon-right\":\"menu-right\",\"button-type\":\"btn-success\",\"link_content\":\"Next\",\"button-size\":\"\",\"quick-float\":\"\",\"button-options\":[],\"icon-left\":\"\"}"
  },
  "model": "cmsplugin_cascade.cascadeelement",
  "pk": 743
},
{
  "fields": {
    "glossary": "{}"
  },
  "model": "cmsplugin_cascade.cascadeelement",
  "pk": 744
},
{
  "fields": {
    "glossary": "{\"render_type\":\"form\"}"
  },
  "model": "cmsplugin_cascade.cascadeelement",
  "pk": 745
},
{
  "fields": {
    "glossary": "{\"render_type\":\"form\"}"
  },
  "model": "cmsplugin_cascade.cascadeelement",
  "pk": 746
},
{
  "fields": {
    "glossary": "{\"icon-right\":\"menu-right\",\"button-type\":\"btn-success\",\"link_content\":\"Next\",\"button-size\":\"\",\"quick-float\":\"\",\"button-options\":[],\"icon-left\":\"\"}"
  },
  "model": "cmsplugin_cascade.cascadeelement",
  "pk": 747
},
{
  "fields": {
    "glossary": "{}"
  },
  "model": "cmsplugin_cascade.cascadeelement",
  "pk": 748
},
{
  "fields": {
    "glossary": "{\"render_type\":\"static\"}"
  },
  "model": "cmsplugin_cascade.cascadeelement",
  "pk": 749
},
{
  "fields": {
    "glossary": "{\"render_type\":\"form\"}"
  },
  "model": "cmsplugin_cascade.cascadeelement",
  "pk": 750
},
{
  "fields": {
    "glossary": "{\"render_type\":\"form\"}"
  },
  "model": "cmsplugin_cascade.cascadeelement",
  "pk": 751
},
{
  "fields": {
    "glossary": "{\"render_type\":\"form\"}"
  },
  "model": "cmsplugin_cascade.cascadeelement",
  "pk": 752
},
{
  "fields": {
    "glossary": "{\"html_content\":\"&lt;p&gt;I have read&amp;nbsp;and agree with&amp;nbsp;our &lt;img alt=&quot;Link&quot; id=&quot;plugin_obj_724&quot; src=&quot;&quot; title=&quot;Link - terms and conditions&quot; /&gt;.&lt;/p&gt;\\r\\n\"}"
  },
  "model": "cmsplugin_cascade.cascadeelement",
  "pk": 753
},
{
  "fields": {
    "glossary": "{\"link_content\":\"terms and conditions\",\"link\":{\"pk\":15,\"model\":\"cms.Page\",\"type\":\"cmspage\"},\"target\":\"\",\"render_template\":\"cascade/link/text-link.html\",\"title\":\"\"}"
  },
  "model": "cmsplugin_cascade.cascadeelement",
  "pk": 754
},
{
  "fields": {
    "glossary": "{\"icon-right\":\"\",\"extra_inline_styles:Margins\":{\"margin-top\":\"\",\"margin-bottom\":\"20px\"},\"button-type\":\"btn-success\",\"link_content\":\"Purchase Now\",\"link\":{\"type\":\"PURCHASE_NOW\"},\"button-size\":\"btn-lg\",\"quick-float\":\"\",\"button-options\":[],\"icon-left\":\"thumbs-up\"}"
  },
  "model": "cmsplugin_cascade.cascadeelement",
  "pk": 755
},
{
  "fields": {
    "glossary": "{\"open_tag\":\"else\",\"condition\":\"\"}"
  },
  "model": "cmsplugin_cascade.cascadeelement",
  "pk": 756
},
{
  "fields": {
    "glossary": "{}"
  },
  "model": "cmsplugin_cascade.cascadeelement",
  "pk": 757
},
{
  "fields": {
    "glossary": "{\"container_max_widths\":{\"xs\":220,\"md\":293,\"sm\":220,\"lg\":360},\"xs-column-width\":\"col-xs-4\"}"
  },
  "model": "cmsplugin_cascade.cascadeelement",
  "pk": 758
},
{
  "fields": {
    "glossary": "{\"form_type\":\"login-reset\",\"link\":{\"type\":\"RELOAD_PAGE\"}}"
  },
  "model": "cmsplugin_cascade.cascadeelement",
  "pk": 759
},
{
  "fields": {
    "glossary": "{\"container_max_widths\":{\"xs\":220,\"md\":293,\"sm\":220,\"lg\":360},\"xs-column-width\":\"col-xs-4\"}"
  },
  "model": "cmsplugin_cascade.cascadeelement",
  "pk": 760
},
{
  "fields": {
    "glossary": "{\"form_type\":\"register-user\",\"link\":{\"type\":\"RELOAD_PAGE\"}}"
  },
  "model": "cmsplugin_cascade.cascadeelement",
  "pk": 761
},
{
  "fields": {
    "glossary": "{\"container_max_widths\":{\"xs\":220,\"md\":293,\"sm\":220,\"lg\":360},\"xs-column-width\":\"col-xs-4\"}"
  },
  "model": "cmsplugin_cascade.cascadeelement",
  "pk": 762
},
{
  "fields": {
    "glossary": "{\"form_type\":\"continue-as-guest\",\"link\":{\"type\":\"RELOAD_PAGE\"}}"
  },
  "model": "cmsplugin_cascade.cascadeelement",
  "pk": 763
},
{
  "fields": {
    "glossary": "{\"media_queries\":{\"xs\":[\"(max-width: 768px)\"],\"md\":[\"(min-width: 992px)\",\"(max-width: 1200px)\"],\"sm\":[\"(min-width: 768px)\",\"(max-width: 992px)\"],\"lg\":[\"(min-width: 1200px)\"]},\"container_max_widths\":{\"xs\":750,\"md\":970,\"sm\":750,\"lg\":1170},\"fluid\":\"\",\"breakpoints\":[\"xs\",\"sm\",\"md\",\"lg\"]}"
  },
  "model": "cmsplugin_cascade.cascadeelement",
  "pk": 764
},
{
  "fields": {
    "glossary": "{\"media_queries\":{\"xs\":[\"(max-width: 768px)\"],\"md\":[\"(min-width: 992px)\",\"(max-width: 1200px)\"],\"sm\":[\"(min-width: 768px)\",\"(max-width: 992px)\"],\"lg\":[\"(min-width: 1200px)\"]},\"container_max_widths\":{\"xs\":750,\"md\":970,\"sm\":750,\"lg\":1170},\"fluid\":\"\",\"breakpoints\":[\"xs\",\"sm\",\"md\",\"lg\"]}"
  },
  "model": "cmsplugin_cascade.cascadeelement",
  "pk": 765
},
{
  "fields": {
    "glossary": "{}"
  },
  "model": "cmsplugin_cascade.cascadeelement",
  "pk": 766
},
{
  "fields": {
    "glossary": "{\"sm-responsive-utils\":\"\",\"xs-responsive-utils\":\"\",\"md-column-offset\":\"\",\"sm-column-width\":\"\",\"md-responsive-utils\":\"\",\"xs-column-offset\":\"\",\"sm-column-offset\":\"\",\"sm-column-ordering\":\"\",\"md-column-ordering\":\"\",\"lg-column-ordering\":\"\",\"lg-column-offset\":\"\",\"md-column-width\":\"\",\"xs-column-width\":\"col-xs-12\",\"lg-responsive-utils\":\"\",\"container_max_widths\":{\"xs\":720,\"md\":940,\"sm\":720,\"lg\":1140},\"lg-column-width\":\"\",\"xs-column-ordering\":\"\"}"
  },
  "model": "cmsplugin_cascade.cascadeelement",
  "pk": 767
},
{
  "fields": {
    "glossary": "{}"
  },
  "model": "cmsplugin_cascade.cascadeelement",
  "pk": 768
},
{
  "fields": {
    "glossary": "{\"media_queries\":{\"xs\":[\"(max-width: 768px)\"],\"md\":[\"(min-width: 992px)\",\"(max-width: 1200px)\"],\"sm\":[\"(min-width: 768px)\",\"(max-width: 992px)\"],\"lg\":[\"(min-width: 1200px)\"]},\"container_max_widths\":{\"xs\":750,\"md\":970,\"sm\":750,\"lg\":1170},\"fluid\":\"\",\"breakpoints\":[\"xs\",\"sm\",\"md\",\"lg\"]}"
  },
  "model": "cmsplugin_cascade.cascadeelement",
  "pk": 769
},
{
  "fields": {
    "glossary": "{}"
  },
  "model": "cmsplugin_cascade.cascadeelement",
  "pk": 770
},
{
  "fields": {
    "glossary": "{\"sm-responsive-utils\":\"\",\"xs-responsive-utils\":\"\",\"md-column-offset\":\"\",\"sm-column-width\":\"\",\"md-responsive-utils\":\"\",\"xs-column-offset\":\"\",\"sm-column-offset\":\"\",\"sm-column-ordering\":\"\",\"md-column-ordering\":\"\",\"lg-column-ordering\":\"\",\"lg-column-offset\":\"\",\"md-column-width\":\"\",\"xs-column-width\":\"col-xs-12\",\"lg-responsive-utils\":\"\",\"container_max_widths\":{\"xs\":720,\"md\":940,\"sm\":720,\"lg\":1140},\"lg-column-width\":\"\",\"xs-column-ordering\":\"\"}"
  },
  "model": "cmsplugin_cascade.cascadeelement",
  "pk": 771
},
{
  "fields": {
    "glossary": "{}"
  },
  "model": "cmsplugin_cascade.cascadeelement",
  "pk": 772
},
{
  "fields": {
    "glossary": "{\"media_queries\":{\"xs\":[\"(max-width: 768px)\"],\"md\":[\"(min-width: 992px)\",\"(max-width: 1200px)\"],\"sm\":[\"(min-width: 768px)\",\"(max-width: 992px)\"],\"lg\":[\"(min-width: 1200px)\"]},\"container_max_widths\":{\"xs\":750,\"md\":970,\"sm\":750,\"lg\":1170},\"fluid\":\"\",\"breakpoints\":[\"xs\",\"sm\",\"md\",\"lg\"]}"
  },
  "model": "cmsplugin_cascade.cascadeelement",
  "pk": 773
},
{
  "fields": {
    "glossary": "{}"
  },
  "model": "cmsplugin_cascade.cascadeelement",
  "pk": 774
},
{
  "fields": {
    "glossary": "{\"sm-responsive-utils\":\"\",\"xs-responsive-utils\":\"\",\"md-column-offset\":\"\",\"sm-column-width\":\"\",\"md-responsive-utils\":\"\",\"xs-column-offset\":\"\",\"sm-column-offset\":\"\",\"sm-column-ordering\":\"\",\"md-column-ordering\":\"\",\"lg-column-ordering\":\"\",\"lg-column-offset\":\"\",\"lg-column-width\":\"\",\"xs-column-width\":\"col-xs-12\",\"lg-responsive-utils\":\"\",\"container_max_widths\":{\"xs\":720,\"md\":940,\"sm\":720,\"lg\":1140},\"md-column-width\":\"\",\"xs-column-ordering\":\"\"}"
  },
  "model": "cmsplugin_cascade.cascadeelement",
  "pk": 775
},
{
  "fields": {
    "glossary": "{}"
  },
  "model": "cmsplugin_cascade.cascadeelement",
  "pk": 776
},
{
  "fields": {
    "glossary": "{\"media_queries\":{\"xs\":[\"(max-width: 768px)\"],\"md\":[\"(min-width: 992px)\",\"(max-width: 1200px)\"],\"sm\":[\"(min-width: 768px)\",\"(max-width: 992px)\"],\"lg\":[\"(min-width: 1200px)\"]},\"container_max_widths\":{\"xs\":750,\"md\":970,\"sm\":750,\"lg\":1170},\"fluid\":\"\",\"breakpoints\":[\"xs\",\"sm\",\"md\",\"lg\"]}"
  },
  "model": "cmsplugin_cascade.cascadeelement",
  "pk": 778
},
{
  "fields": {
    "glossary": "{}"
  },
  "model": "cmsplugin_cascade.cascadeelement",
  "pk": 779
},
{
  "fields": {
    "glossary": "{\"sm-responsive-utils\":\"\",\"xs-responsive-utils\":\"\",\"md-column-offset\":\"\",\"sm-column-width\":\"\",\"md-responsive-utils\":\"\",\"xs-column-offset\":\"\",\"sm-column-offset\":\"\",\"sm-column-ordering\":\"\",\"md-column-ordering\":\"\",\"lg-column-ordering\":\"\",\"lg-column-offset\":\"\",\"md-column-width\":\"\",\"xs-column-width\":\"col-xs-12\",\"lg-responsive-utils\":\"\",\"container_max_widths\":{\"xs\":720,\"md\":940,\"sm\":720,\"lg\":1140},\"lg-column-width\":\"\",\"xs-column-ordering\":\"\"}"
  },
  "model": "cmsplugin_cascade.cascadeelement",
  "pk": 780
},
{
  "fields": {
    "glossary": "{}"
  },
  "model": "cmsplugin_cascade.cascadeelement",
  "pk": 781
},
{
  "fields": {
    "inline_styles": "{\"extra_fields:Widths\":[],\"extra_fields:Margins\":[\"margin-top\",\"margin-bottom\"],\"extra_fields:Paddings\":[],\"extra_units:Widths\":\"px,em,%\",\"extra_units:Paddings\":\"px,em,%\",\"extra_units:Heights\":\"px,em,%\",\"extra_fields:Heights\":[],\"extra_units:Margins\":\"px,em,%\",\"extra_fields:Colors\":[],\"extra_fields:Overflow\":[]}",
    "css_classes": "{\"multiple\":\"\",\"class_names\":\"\"}",
    "allow_id_tag": false,
    "site": 1,
    "plugin_type": "ShopProceedButton"
  },
  "model": "cmsplugin_cascade.pluginextrafields",
  "pk": 1
},
{
  "fields": {
    "body": "<p>Donec id elit non mi porta gravida at eget metus. Integer posuere erat a ante venenatis dapibus posuere velit aliquet. Aenean eu leo quam. Pellentesque ornare sem lacinia quam venenatis vestibulum. Curabitur blandit tempus porttitor. Sed posuere consectetur est at lobortis. Duis mollis, est non commodo luctus, nisi erat porttitor ligula, eget lacinia odio sem nec elit. Sed posuere consectetur est at lobortis. Aenean eu leo quam. Pellentesque ornare sem lacinia quam venenatis vestibulum. Donec sed odio dui. Nullam quis risus eget urna mollis ornare vel eu leo. Cum sociis natoque penatibus et magnis dis parturient montes, nascetur ridiculus mus. Aenean lacinia bibendum nulla sed consectetur.</p>\n"
  },
  "model": "djangocms_text_ckeditor.text",
  "pk": 212
},
{
  "fields": {
    "body": "<p>Donec sed odio dui. Donec id elit non mi porta gravida at eget metus. Aenean lacinia bibendum nulla sed consectetur. Duis mollis, est non commodo luctus, nisi erat porttitor ligula, eget lacinia odio sem nec elit. Praesent commodo cursus magna, vel scelerisque nisl consectetur et. Etiam porta sem malesuada magna mollis euismod. Maecenas sed diam eget risus varius blandit sit amet non magna. Maecenas sed diam eget risus varius blandit sit amet non magna.</p>\n"
  },
  "model": "djangocms_text_ckeditor.text",
  "pk": 569
},
{
  "fields": {
    "body": "<p>Donec id elit non mi porta gravida at eget metus. Integer posuere erat a ante venenatis dapibus posuere velit aliquet. Aenean eu leo quam. Pellentesque ornare sem lacinia quam venenatis vestibulum. Curabitur blandit tempus porttitor. Sed posuere consectetur est at lobortis. Duis mollis, est non commodo luctus, nisi erat porttitor ligula, eget lacinia odio sem nec elit. Sed posuere consectetur est at lobortis. Aenean eu leo quam. Pellentesque ornare sem lacinia quam venenatis vestibulum. Donec sed odio dui. Nullam quis risus eget urna mollis ornare vel eu leo. Cum sociis natoque penatibus et magnis dis parturient montes, nascetur ridiculus mus. Aenean lacinia bibendum nulla sed consectetur.</p>\n"
  },
  "model": "djangocms_text_ckeditor.text",
  "pk": 606
},
{
  "fields": {
    "body": "<p>Donec sed odio dui. Donec id elit non mi porta gravida at eget metus. Aenean lacinia bibendum nulla sed consectetur. Duis mollis, est non commodo luctus, nisi erat porttitor ligula, eget lacinia odio sem nec elit. Praesent commodo cursus magna, vel scelerisque nisl consectetur et. Etiam porta sem malesuada magna mollis euismod. Maecenas sed diam eget risus varius blandit sit amet non magna. Maecenas sed diam eget risus varius blandit sit amet non magna.</p>\n"
  },
  "model": "djangocms_text_ckeditor.text",
  "pk": 613
},
{
  "fields": {
    "body": "<p>This Privacy Policy governs the manner in which MyShop\u00a0collects, uses, maintains and discloses information collected from users (each, a \"User\") of the example.com\u00a0website (\"Site\"). This privacy policy applies to the Site and all products and services offered by MyShop.</p>\n\n<h1>Personal identification information</h1>\n\n<p>We may collect personal identification information from Users in a variety of ways, including, but not limited to, when Users visit our site, place an order and in connection with other activities, services, features or resources we make available on our Site. Users may be asked for, as appropriate, name, email address, mailing address, phone number, credit card information,</p>\n\n<p>We will collect personal identification information from Users only if they voluntarily submit such information to us. Users can always refuse to supply personally identification information, except that it may prevent them from engaging in certain Site related activities.</p>\n\n<h2>Non-personal identification information</h2>\n\n<p>We may collect non-personal identification information about Users whenever they interact with our Site. Non-personal identification information may include the browser name, the type of computer and technical information about Users means of connection to our Site, such as the operating system and the Internet service providers utilized and other similar information.</p>\n\n<h2>Web browser cookies</h2>\n\n<p>Our Site may use \"cookies\" to enhance User experience. User's web browser places cookies on their hard drive for record-keeping purposes and sometimes to track information about them. User may choose to set their web browser to refuse cookies, or to alert you when cookies are being sent. If they do so, note that some parts of the Site may not function properly.</p>\n\n<h2>How we use collected information</h2>\n\n<p>MyShop\u00a0collects and uses Users personal information for the following purposes:</p>\n\n<ul>\n\t<li>To process transactions<br>\n\tWe may use the information Users provide about themselves when placing an order only to provide service to that order. We do not share this information with outside parties except to the extent necessary to provide the service.</li>\n\t<li>To send periodic emails<br>\n\t<br>\n\tThe email address Users provide for order processing, will only be used to send them information and updates pertaining to their order. It may also be used to respond to their inquiries, and/or other requests or questions. If User decides to opt-in to our mailing list, they will receive emails that may include company news, updates, related product or service information, etc. If at any time the User would like to unsubscribe from receiving future emails, we include detailed unsubscribe instructions at the bottom of each email or User may contact us via our Site.</li>\n</ul>\n\n<h2>How we protect your information</h2>\n\n<p>We adopt appropriate data collection, storage and processing practices and security measures to protect against unauthorized access, alteration, disclosure or destruction of your personal information, username, password, transaction information and data stored on our Site.</p>\n\n<p>Sensitive and private data exchange between the Site and its Users happens over a SSL secured communication channel and is encrypted and protected with digital signatures.\u00a0</p>\n\n<h3>Changes to this privacy policy</h3>\n\n<p>MyShop\u00a0has the discretion to update this privacy policy at any time. When we do, . We encourage Users to frequently check this page for any changes to stay informed about how we are helping to protect the personal information we collect. You acknowledge and agree that it is your responsibility to review this privacy policy periodically and become aware of modifications.</p>\n\n<h1>Your acceptance of these terms</h1>\n\n<p>By using this Site, you signify your acceptance of this policy and terms of service. If you do not agree to this policy, please do not use our Site. Your continued use of the Site following the posting of changes to this policy will be deemed your acceptance of those changes.</p>\n\n<h2>Contacting us</h2>\n\n<p>If you have any questions about this Privacy Policy, the practices of this site, or your dealings with this site, please contact us at:<br>\n<br>\nMyShop<br>\n<br>\nwww.example.com</p>\n\n<p>\u00a0</p>\n"
  },
  "model": "djangocms_text_ckeditor.text",
  "pk": 728
},
{
  "fields": {
    "body": "<p>This Privacy Policy governs the manner in which MyShop\u00a0collects, uses, maintains and discloses information collected from users (each, a \"User\") of the example.com\u00a0website (\"Site\"). This privacy policy applies to the Site and all products and services offered by MyShop.</p>\n\n<h1>Personal identification information</h1>\n\n<p>We may collect personal identification information from Users in a variety of ways, including, but not limited to, when Users visit our site, place an order and in connection with other activities, services, features or resources we make available on our Site. Users may be asked for, as appropriate, name, email address, mailing address, phone number, credit card information,</p>\n\n<p>We will collect personal identification information from Users only if they voluntarily submit such information to us. Users can always refuse to supply personally identification information, except that it may prevent them from engaging in certain Site related activities.</p>\n\n<h2>Non-personal identification information</h2>\n\n<p>We may collect non-personal identification information about Users whenever they interact with our Site. Non-personal identification information may include the browser name, the type of computer and technical information about Users means of connection to our Site, such as the operating system and the Internet service providers utilized and other similar information.</p>\n\n<h2>Web browser cookies</h2>\n\n<p>Our Site may use \"cookies\" to enhance User experience. User's web browser places cookies on their hard drive for record-keeping purposes and sometimes to track information about them. User may choose to set their web browser to refuse cookies, or to alert you when cookies are being sent. If they do so, note that some parts of the Site may not function properly.</p>\n\n<h2>How we use collected information</h2>\n\n<p>MyShop\u00a0collects and uses Users personal information for the following purposes:</p>\n\n<ul>\n\t<li>To process transactions<br>\n\tWe may use the information Users provide about themselves when placing an order only to provide service to that order. We do not share this information with outside parties except to the extent necessary to provide the service.</li>\n\t<li>To send periodic emails<br>\n\t<br>\n\tThe email address Users provide for order processing, will only be used to send them information and updates pertaining to their order. It may also be used to respond to their inquiries, and/or other requests or questions. If User decides to opt-in to our mailing list, they will receive emails that may include company news, updates, related product or service information, etc. If at any time the User would like to unsubscribe from receiving future emails, we include detailed unsubscribe instructions at the bottom of each email or User may contact us via our Site.</li>\n</ul>\n\n<h2>How we protect your information</h2>\n\n<p>We adopt appropriate data collection, storage and processing practices and security measures to protect against unauthorized access, alteration, disclosure or destruction of your personal information, username, password, transaction information and data stored on our Site.</p>\n\n<p>Sensitive and private data exchange between the Site and its Users happens over a SSL secured communication channel and is encrypted and protected with digital signatures.\u00a0</p>\n\n<h3>Changes to this privacy policy</h3>\n\n<p>MyShop\u00a0has the discretion to update this privacy policy at any time. When we do, . We encourage Users to frequently check this page for any changes to stay informed about how we are helping to protect the personal information we collect. You acknowledge and agree that it is your responsibility to review this privacy policy periodically and become aware of modifications.</p>\n\n<h1>Your acceptance of these terms</h1>\n\n<p>By using this Site, you signify your acceptance of this policy and terms of service. If you do not agree to this policy, please do not use our Site. Your continued use of the Site following the posting of changes to this policy will be deemed your acceptance of those changes.</p>\n\n<h2>Contacting us</h2>\n\n<p>If you have any questions about this Privacy Policy, the practices of this site, or your dealings with this site, please contact us at:<br>\n<br>\nMyShop<br>\n<br>\nwww.example.com</p>\n\n<p>\u00a0</p>\n"
  },
  "model": "djangocms_text_ckeditor.text",
  "pk": 732
},
{
  "fields": {
    "body": "<h1>Thanks for having purchased at MyShop</h1>\n"
  },
  "model": "djangocms_text_ckeditor.text",
  "pk": 777
},
{
  "fields": {
    "body": "<h1>Thanks for having purchased at MyShop</h1>\n"
  },
  "model": "djangocms_text_ckeditor.text",
  "pk": 782
},
{
  "fields": {
    "rght": 2,
    "uploaded_at": "2015-11-25T17:32:52.806Z",
    "name": "content",
    "parent": null,
    "level": 0,
    "created_at": "2015-11-25T17:32:52.806Z",
    "modified_at": "2015-11-25T17:32:52.806Z",
    "lft": 1,
    "tree_id": 1,
    "owner": [
      "admin"
    ]
  },
  "model": "filer.folder",
  "pk": 1
},
{
  "fields": {
    "rght": 2,
    "uploaded_at": "2015-11-25T17:33:08.546Z",
    "name": "Smart Cards",
    "parent": null,
    "level": 0,
    "created_at": "2015-11-25T17:33:08.546Z",
    "modified_at": "2015-11-25T17:33:08.547Z",
    "lft": 1,
    "tree_id": 2,
    "owner": [
      "admin"
    ]
  },
  "model": "filer.folder",
  "pk": 2
},
{
  "fields": {
    "rght": 2,
    "uploaded_at": "2015-11-25T17:33:16.293Z",
    "name": "Smart Phones",
    "parent": null,
    "level": 0,
    "created_at": "2015-11-25T17:33:16.293Z",
    "modified_at": "2015-11-25T17:33:16.294Z",
    "lft": 1,
    "tree_id": 3,
    "owner": [
      "admin"
    ]
  },
  "model": "filer.folder",
  "pk": 3
},
{
  "fields": {
    "sha1": "fdfd7a520d196a259fa0be35b6475c0c77be2d05",
    "original_filename": "django-pony.png",
    "name": "",
    "description": null,
    "modified_at": "2015-11-25T17:33:44.235Z",
    "_file_size": 137511,
    "uploaded_at": "2015-11-25T17:33:34.815Z",
    "file": "filer_public/c8/c2/c8c2ba21-5ac1-4cba-a01b-6e2cf58e2889/django-pony.png",
    "owner": [
      "admin"
    ],
    "is_public": true,
    "folder": 1,
    "has_all_mandatory_data": false,
    "polymorphic_ctype": [
      "filer",
      "image"
    ]
  },
  "model": "filer.file",
  "pk": 1
},
{
  "fields": {
    "sha1": "b640fc9a1a090d4c8fb921a174a896b0958dd8b4",
    "original_filename": "Blue_SDHC_Class4_Front_8GB.png",
    "name": "",
    "description": null,
    "modified_at": "2015-11-25T17:50:59.322Z",
    "_file_size": 34201,
    "uploaded_at": "2015-11-25T17:50:59.321Z",
    "file": "filer_public/c3/0c/c30c7fb5-6b1a-4dcc-bc1a-f29ca6a7bdb3/blue_sdhc_class4_front_8gb.png",
    "owner": [
      "admin"
    ],
    "is_public": true,
    "folder": null,
    "has_all_mandatory_data": false,
    "polymorphic_ctype": [
      "filer",
      "image"
    ]
  },
  "model": "filer.file",
  "pk": 2
},
{
  "fields": {
    "sha1": "bccce395949287fec27dcb6c0c399354a0b61801",
    "original_filename": "Blue_SDHC_Class4_Front_32GB.png",
    "name": "",
    "description": null,
    "modified_at": "2015-11-25T17:51:00.128Z",
    "_file_size": 33342,
    "uploaded_at": "2015-11-25T17:51:00.128Z",
    "file": "filer_public/74/8d/748d2569-808a-47ed-9ba0-36e2d0645125/blue_sdhc_class4_front_32gb.png",
    "owner": [
      "admin"
    ],
    "is_public": true,
    "folder": null,
    "has_all_mandatory_data": false,
    "polymorphic_ctype": [
      "filer",
      "image"
    ]
  },
  "model": "filer.file",
  "pk": 3
},
{
  "fields": {
    "sha1": "b640fc9a1a090d4c8fb921a174a896b0958dd8b4",
    "original_filename": "Blue_SDHC_Class4_Front_8GB.png",
    "name": "",
    "description": null,
    "modified_at": "2015-11-25T22:43:30.120Z",
    "_file_size": 34201,
    "uploaded_at": "2015-11-25T17:51:43.351Z",
    "file": "filer_public/d8/1f/d81f1590-fa4c-4c3e-8262-e35b6362fe0e/blue_sdhc_class4_front_8gb.png",
    "owner": [
      "admin"
    ],
    "is_public": true,
    "folder": null,
    "has_all_mandatory_data": false,
    "polymorphic_ctype": [
      "filer",
      "image"
    ]
  },
  "model": "filer.file",
  "pk": 5
},
{
  "fields": {
    "sha1": "f68413bcf92364eda0e7c3e2168f3da5fe830954",
    "original_filename": "Blue_SDHC_Class4_Front_4GB.png",
    "name": "",
    "description": null,
    "modified_at": "2015-11-25T23:03:44.057Z",
    "_file_size": 33463,
    "uploaded_at": "2015-11-25T23:02:04.145Z",
    "file": "filer_public/ca/5e/ca5eaeaa-4dc2-4dc7-9241-e260573c7ca7/blue_sdhc_class4_front_4gb.png",
    "owner": [
      "admin"
    ],
    "is_public": true,
    "folder": 2,
    "has_all_mandatory_data": false,
    "polymorphic_ctype": [
      "filer",
      "image"
    ]
  },
  "model": "filer.file",
  "pk": 8
},
{
  "fields": {
    "sha1": "b640fc9a1a090d4c8fb921a174a896b0958dd8b4",
    "original_filename": "Blue_SDHC_Class4_Front_8GB.png",
    "name": "",
    "description": null,
    "modified_at": "2015-11-25T23:03:44.072Z",
    "_file_size": 34201,
    "uploaded_at": "2015-11-25T23:02:14.041Z",
    "file": "filer_public/e6/4d/e64d1c0f-f033-4f8f-8853-53238817bbba/blue_sdhc_class4_front_8gb.png",
    "owner": [
      "admin"
    ],
    "is_public": true,
    "folder": 2,
    "has_all_mandatory_data": false,
    "polymorphic_ctype": [
      "filer",
      "image"
    ]
  },
  "model": "filer.file",
  "pk": 9
},
{
  "fields": {
    "sha1": "00168eed6acb2fe5f537e4f245ac697b731ff9a1",
    "original_filename": "Blue_SDHC_Class4_Front_16GB-retina.png",
    "name": "",
    "description": null,
    "modified_at": "2015-11-25T23:03:44.082Z",
    "_file_size": 201512,
    "uploaded_at": "2015-11-25T23:02:18.732Z",
    "file": "filer_public/ec/c9/ecc9b295-871e-416c-83af-dcd18bf03fe3/blue_sdhc_class4_front_16gb-retina.png",
    "owner": [
      "admin"
    ],
    "is_public": true,
    "folder": 2,
    "has_all_mandatory_data": false,
    "polymorphic_ctype": [
      "filer",
      "image"
    ]
  },
  "model": "filer.file",
  "pk": 10
},
{
  "fields": {
    "sha1": "c4417330f5a15b8293385672903f019cdfc1fd67",
    "original_filename": "Blue_SDHC_Class4_Front_32GB-retina.png",
    "name": "",
    "description": null,
    "modified_at": "2015-11-25T23:03:44.092Z",
    "_file_size": 202329,
    "uploaded_at": "2015-11-25T23:02:26.970Z",
    "file": "filer_public/8e/2d/8e2da7bb-b574-41df-8d10-61d3c2f1ef9c/blue_sdhc_class4_front_32gb-retina.png",
    "owner": [
      "admin"
    ],
    "is_public": true,
    "folder": 2,
    "has_all_mandatory_data": false,
    "polymorphic_ctype": [
      "filer",
      "image"
    ]
  },
  "model": "filer.file",
  "pk": 11
},
{
  "fields": {
    "sha1": "88b1c3fc34cc74e65812035d055251d71318f68e",
    "original_filename": "Blue_SDXC_Class4_Front_64GB-retina.png",
    "name": "",
    "description": null,
    "modified_at": "2015-11-25T23:03:44.102Z",
    "_file_size": 203864,
    "uploaded_at": "2015-11-25T23:02:35.951Z",
    "file": "filer_public/0f/b4/0fb43491-7ee7-4df9-a8fb-b921fa815405/blue_sdxc_class4_front_64gb-retina.png",
    "owner": [
      "admin"
    ],
    "is_public": true,
    "folder": 2,
    "has_all_mandatory_data": false,
    "polymorphic_ctype": [
      "filer",
      "image"
    ]
  },
  "model": "filer.file",
  "pk": 12
},
{
  "fields": {
    "sha1": "41ec391bc9c35cb8e6a739cf16f022b31bbe81de",
    "original_filename": "ExtremePLUS_microSDHC_U3_16GB-retina.png",
    "name": "",
    "description": null,
    "modified_at": "2015-11-25T23:03:44.114Z",
    "_file_size": 116890,
    "uploaded_at": "2015-11-25T23:02:41.860Z",
    "file": "filer_public/50/0a/500a50ea-c323-48a1-86d2-cf9092734e70/extremeplus_microsdhc_u3_16gb-retina.png",
    "owner": [
      "admin"
    ],
    "is_public": true,
    "folder": 2,
    "has_all_mandatory_data": false,
    "polymorphic_ctype": [
      "filer",
      "image"
    ]
  },
  "model": "filer.file",
  "pk": 13
},
{
  "fields": {
    "sha1": "32cf82e3f460a5e461414a24e76a29f71179ab19",
    "original_filename": "ExtremePLUS_microSDHC_U3_32GB-retina.png",
    "name": "",
    "description": null,
    "modified_at": "2015-11-25T23:03:44.126Z",
    "_file_size": 115822,
    "uploaded_at": "2015-11-25T23:02:47.953Z",
    "file": "filer_public/97/85/9785918b-30fd-4fef-9255-2a84e8ead10a/extremeplus_microsdhc_u3_32gb-retina.png",
    "owner": [
      "admin"
    ],
    "is_public": true,
    "folder": 2,
    "has_all_mandatory_data": false,
    "polymorphic_ctype": [
      "filer",
      "image"
    ]
  },
  "model": "filer.file",
  "pk": 14
},
{
  "fields": {
    "sha1": "ca6ff7ef95c43296471f0457193d1ed8f116cb6d",
    "original_filename": "ExtremePLUS_microSDHC_U3_64GB-retina.png",
    "name": "",
    "description": null,
    "modified_at": "2015-11-25T23:03:44.142Z",
    "_file_size": 125491,
    "uploaded_at": "2015-11-25T23:02:57.559Z",
    "file": "filer_public/b8/b9/b8b97dff-97b8-4015-be2f-d9ac11ee06d0/extremeplus_microsdhc_u3_64gb-retina.png",
    "owner": [
      "admin"
    ],
    "is_public": true,
    "folder": 2,
    "has_all_mandatory_data": false,
    "polymorphic_ctype": [
      "filer",
      "image"
    ]
  },
  "model": "filer.file",
  "pk": 15
},
{
  "fields": {
    "sha1": "127e752b2378bdcadbd36e85c4d64954b1a328f9",
    "original_filename": "ExtremePLUS_SDHC_U3_Front_16GB-retina.png",
    "name": "",
    "description": null,
    "modified_at": "2015-11-25T23:03:44.153Z",
    "_file_size": 122423,
    "uploaded_at": "2015-11-25T23:03:03.198Z",
    "file": "filer_public/dd/ca/ddca368c-bb69-4c3a-a73b-d4da92a18bb3/extremeplus_sdhc_u3_front_16gb-retina.png",
    "owner": [
      "admin"
    ],
    "is_public": true,
    "folder": 2,
    "has_all_mandatory_data": false,
    "polymorphic_ctype": [
      "filer",
      "image"
    ]
  },
  "model": "filer.file",
  "pk": 16
},
{
  "fields": {
    "sha1": "8c78f68447c6157df57f66afa3095be6f11afac4",
    "original_filename": "ExtremePLUS_SDHC_U3_Front_32GB-retina.png",
    "name": "",
    "description": null,
    "modified_at": "2015-11-25T23:03:44.164Z",
    "_file_size": 129885,
    "uploaded_at": "2015-11-25T23:03:09.906Z",
    "file": "filer_public/4f/d8/4fd84e1d-1068-4e62-b24b-677b8a962168/extremeplus_sdhc_u3_front_32gb-retina.png",
    "owner": [
      "admin"
    ],
    "is_public": true,
    "folder": 2,
    "has_all_mandatory_data": false,
    "polymorphic_ctype": [
      "filer",
      "image"
    ]
  },
  "model": "filer.file",
  "pk": 17
},
{
  "fields": {
    "sha1": "70130a07e8bdb9cb36f4c8f092474e41755fb303",
    "original_filename": "ExtremePLUS_SDXC_U3_Front_64GB-retina.png",
    "name": "",
    "description": null,
    "modified_at": "2015-11-25T23:03:44.174Z",
    "_file_size": 133938,
    "uploaded_at": "2015-11-25T23:03:15.002Z",
    "file": "filer_public/f3/c7/f3c7c933-3661-48c7-9649-124f8f7974ec/extremeplus_sdxc_u3_front_64gb-retina.png",
    "owner": [
      "admin"
    ],
    "is_public": true,
    "folder": 2,
    "has_all_mandatory_data": false,
    "polymorphic_ctype": [
      "filer",
      "image"
    ]
  },
  "model": "filer.file",
  "pk": 18
},
{
  "fields": {
    "sha1": "7e5bf08f3d73bc35211dcf9e0b527f35879d93e5",
    "original_filename": "ExtremePRO_microSDHC_U3_16GB-retina.png",
    "name": "",
    "description": null,
    "modified_at": "2015-11-25T23:03:44.186Z",
    "_file_size": 136315,
    "uploaded_at": "2015-11-25T23:03:25.837Z",
    "file": "filer_public/74/69/7469848c-7a97-4800-9fe6-1e0fea9c92a9/extremepro_microsdhc_u3_16gb-retina.png",
    "owner": [
      "admin"
    ],
    "is_public": true,
    "folder": 2,
    "has_all_mandatory_data": false,
    "polymorphic_ctype": [
      "filer",
      "image"
    ]
  },
  "model": "filer.file",
  "pk": 19
},
{
  "fields": {
    "sha1": "69ad9f528e1738c6b472f87f917117af6423299f",
    "original_filename": "ExtremePRO_microSDHC_U3_32GB-retina.png",
    "name": "",
    "description": null,
    "modified_at": "2015-11-25T23:03:44.199Z",
    "_file_size": 147560,
    "uploaded_at": "2015-11-25T23:03:31.586Z",
    "file": "filer_public/6e/34/6e340f92-e22a-4882-97f0-4a1f88229efc/extremepro_microsdhc_u3_32gb-retina.png",
    "owner": [
      "admin"
    ],
    "is_public": true,
    "folder": 2,
    "has_all_mandatory_data": false,
    "polymorphic_ctype": [
      "filer",
      "image"
    ]
  },
  "model": "filer.file",
  "pk": 20
},
{
  "fields": {
    "sha1": "f7e30c642752733204598d49b8b8fb8df2bdedce",
    "original_filename": "ExtremePRO_microSDXC_U3_64GB-retina.png",
    "name": "",
    "description": null,
    "modified_at": "2015-11-25T23:03:44.210Z",
    "_file_size": 141981,
    "uploaded_at": "2015-11-25T23:03:36.936Z",
    "file": "filer_public/37/c9/37c97598-574b-4099-a091-c9a0590de20d/extremepro_microsdxc_u3_64gb-retina.png",
    "owner": [
      "admin"
    ],
    "is_public": true,
    "folder": 2,
    "has_all_mandatory_data": false,
    "polymorphic_ctype": [
      "filer",
      "image"
    ]
  },
  "model": "filer.file",
  "pk": 21
},
{
  "fields": {
    "sha1": "3f6523780e195533cd405818161ecd49ca66fb28",
    "original_filename": "ExtremePRO_SDHC_280MBs_NoClass_Front_16GB-retina.png",
    "name": "",
    "description": null,
    "modified_at": "2015-11-25T23:06:19.719Z",
    "_file_size": 219407,
    "uploaded_at": "2015-11-25T23:04:41.781Z",
    "file": "filer_public/a1/72/a172c268-d379-465f-bea3-3dc677e044b9/extremepro_sdhc_280mbs_noclass_front_16gb-retina.png",
    "owner": [
      "admin"
    ],
    "is_public": true,
    "folder": 2,
    "has_all_mandatory_data": false,
    "polymorphic_ctype": [
      "filer",
      "image"
    ]
  },
  "model": "filer.file",
  "pk": 22
},
{
  "fields": {
    "sha1": "5793777dc7da8427bdc2f4d618385a98850ab6e4",
    "original_filename": "ExtremePRO_SDHC_280MBs_NoClass_Front_32GB-retina.png",
    "name": "",
    "description": null,
    "modified_at": "2015-11-25T23:06:19.735Z",
    "_file_size": 220777,
    "uploaded_at": "2015-11-25T23:04:54.687Z",
    "file": "filer_public/63/82/63823342-68bb-4eea-87b1-3bc187710089/extremepro_sdhc_280mbs_noclass_front_32gb-retina.png",
    "owner": [
      "admin"
    ],
    "is_public": true,
    "folder": 2,
    "has_all_mandatory_data": false,
    "polymorphic_ctype": [
      "filer",
      "image"
    ]
  },
  "model": "filer.file",
  "pk": 23
},
{
  "fields": {
    "sha1": "6c1a88a61d25e84385d293d2062b90b223c7317b",
    "original_filename": "ExtremePRO_SDHC_U3_Front_32GB-retina.png",
    "name": "",
    "description": null,
    "modified_at": "2015-11-25T23:06:19.749Z",
    "_file_size": 218618,
    "uploaded_at": "2015-11-25T23:05:09.499Z",
    "file": "filer_public/dd/1e/dd1e8275-e071-427e-aa1b-ee2b2a360d88/extremepro_sdhc_u3_front_32gb-retina.png",
    "owner": [
      "admin"
    ],
    "is_public": true,
    "folder": 2,
    "has_all_mandatory_data": false,
    "polymorphic_ctype": [
      "filer",
      "image"
    ]
  },
  "model": "filer.file",
  "pk": 24
},
{
  "fields": {
    "sha1": "c5f9ad9762f07da02cb05d895dba0e234fe8f5a9",
    "original_filename": "ExtremePRO_SDXC_280MBs_NoClass_Front_64GB-retina.png",
    "name": "",
    "description": null,
    "modified_at": "2015-11-25T23:06:19.762Z",
    "_file_size": 218167,
    "uploaded_at": "2015-11-25T23:05:20.888Z",
    "file": "filer_public/61/ee/61eecf21-54f8-4a0d-84a3-1e0cf716b971/extremepro_sdxc_280mbs_noclass_front_64gb-retina.png",
    "owner": [
      "admin"
    ],
    "is_public": true,
    "folder": 2,
    "has_all_mandatory_data": false,
    "polymorphic_ctype": [
      "filer",
      "image"
    ]
  },
  "model": "filer.file",
  "pk": 25
},
{
  "fields": {
    "sha1": "bf2f0f6ab08cfd7ef81feb7702a1bb2111db83d0",
    "original_filename": "ExtremePRO_SDXC_U3_Front_64GB-retina.png",
    "name": "",
    "description": "",
    "modified_at": "2015-12-03T12:16:27.779Z",
    "_file_size": 218791,
    "uploaded_at": "2015-11-25T23:05:29.875Z",
    "file": "filer_public/d0/95/d0953e97-c93d-4775-a129-e6d9f822c3a9/extremepro_sdxc_u3_front_64gb-retina.png",
    "owner": [
      "admin"
    ],
    "is_public": true,
    "folder": 2,
    "has_all_mandatory_data": false,
    "polymorphic_ctype": [
      "filer",
      "image"
    ]
  },
  "model": "filer.file",
  "pk": 26
},
{
  "fields": {
    "sha1": "e0f6c1d7043b43f344eb42a6ed520c8a29cdef62",
    "original_filename": "ExtremePRO_SDXC_U3_Front_128GB-retina.png",
    "name": "",
    "description": null,
    "modified_at": "2015-11-25T23:06:19.791Z",
    "_file_size": 219101,
    "uploaded_at": "2015-11-25T23:05:36.921Z",
    "file": "filer_public/1e/8b/1e8b6c3b-64c9-4d98-a6a7-d2a4a4c6a47b/extremepro_sdxc_u3_front_128gb-retina.png",
    "owner": [
      "admin"
    ],
    "is_public": true,
    "folder": 2,
    "has_all_mandatory_data": false,
    "polymorphic_ctype": [
      "filer",
      "image"
    ]
  },
  "model": "filer.file",
  "pk": 27
},
{
  "fields": {
    "sha1": "e74dd3923720de789d7ba6d70c2086531ea1d56d",
    "original_filename": "ExtremePRO_SDXC_U3_Front_256GB-retina.png",
    "name": "",
    "description": null,
    "modified_at": "2015-11-25T23:06:19.805Z",
    "_file_size": 218734,
    "uploaded_at": "2015-11-25T23:05:45.367Z",
    "file": "filer_public/3d/b6/3db68bcb-d253-45ee-9730-8b5906b95b38/extremepro_sdxc_u3_front_256gb-retina.png",
    "owner": [
      "admin"
    ],
    "is_public": true,
    "folder": 2,
    "has_all_mandatory_data": false,
    "polymorphic_ctype": [
      "filer",
      "image"
    ]
  },
  "model": "filer.file",
  "pk": 28
},
{
  "fields": {
    "sha1": "3e9e0efc11e8ad72a9bdab245d288abe2044746e",
    "original_filename": "ExtremePRO_SDXC_U3_Front_512GB-retina.png",
    "name": "",
    "description": null,
    "modified_at": "2015-11-25T23:06:19.816Z",
    "_file_size": 221540,
    "uploaded_at": "2015-11-25T23:05:51.427Z",
    "file": "filer_public/b4/81/b4818a33-6e9a-43f9-acc7-7f633c505d21/extremepro_sdxc_u3_front_512gb-retina.png",
    "owner": [
      "admin"
    ],
    "is_public": true,
    "folder": 2,
    "has_all_mandatory_data": false,
    "polymorphic_ctype": [
      "filer",
      "image"
    ]
  },
  "model": "filer.file",
  "pk": 29
},
{
  "fields": {
    "sha1": "9b12939e5e754b747d651699e846510f62fdb706",
    "original_filename": "Ultra_SDHC_40MBs_Class10_Front_8GB-retina.png",
    "name": "",
    "description": null,
    "modified_at": "2015-11-25T23:08:01.349Z",
    "_file_size": 252820,
    "uploaded_at": "2015-11-25T23:06:27.731Z",
    "file": "filer_public/16/f4/16f441cc-38d0-488e-bc5e-fd7df83f29d2/ultra_sdhc_40mbs_class10_front_8gb-retina.png",
    "owner": [
      "admin"
    ],
    "is_public": true,
    "folder": 2,
    "has_all_mandatory_data": false,
    "polymorphic_ctype": [
      "filer",
      "image"
    ]
  },
  "model": "filer.file",
  "pk": 30
},
{
  "fields": {
    "sha1": "4597b1a2ca38a8f9e3751f32710c3090c124086d",
    "original_filename": "Ultra_SDHC_40MBs_Class10_Front_16GB-retina.png",
    "name": "",
    "description": null,
    "modified_at": "2015-11-25T23:08:01.363Z",
    "_file_size": 247039,
    "uploaded_at": "2015-11-25T23:06:32.654Z",
    "file": "filer_public/81/4d/814d840f-1540-450a-877d-165116f2725f/ultra_sdhc_40mbs_class10_front_16gb-retina.png",
    "owner": [
      "admin"
    ],
    "is_public": true,
    "folder": 2,
    "has_all_mandatory_data": false,
    "polymorphic_ctype": [
      "filer",
      "image"
    ]
  },
  "model": "filer.file",
  "pk": 31
},
{
  "fields": {
    "sha1": "61be73d20238a9761e8d514329ed0531fdc51463",
    "original_filename": "Ultra_SDHC_40MBs_Class10_Front_32GB-retina.png",
    "name": "",
    "description": null,
    "modified_at": "2015-11-25T23:08:01.374Z",
    "_file_size": 243838,
    "uploaded_at": "2015-11-25T23:06:36.936Z",
    "file": "filer_public/32/59/325907f3-e2a5-4253-93a6-d3043e5262f9/ultra_sdhc_40mbs_class10_front_32gb-retina.png",
    "owner": [
      "admin"
    ],
    "is_public": true,
    "folder": 2,
    "has_all_mandatory_data": false,
    "polymorphic_ctype": [
      "filer",
      "image"
    ]
  },
  "model": "filer.file",
  "pk": 32
},
{
  "fields": {
    "sha1": "459af4e67070bd3fe007f9bb23e45e34f1f632db",
    "original_filename": "Ultra_SDHC_UHS1_C10_30MBs_Front_16GB.png",
    "name": "",
    "description": null,
    "modified_at": "2015-11-25T23:08:01.387Z",
    "_file_size": 37999,
    "uploaded_at": "2015-11-25T23:06:43.258Z",
    "file": "filer_public/a5/4b/a54b92e6-bf89-4bfb-8425-c1dc1453b3cd/ultra_sdhc_uhs1_c10_30mbs_front_16gb.png",
    "owner": [
      "admin"
    ],
    "is_public": true,
    "folder": 2,
    "has_all_mandatory_data": false,
    "polymorphic_ctype": [
      "filer",
      "image"
    ]
  },
  "model": "filer.file",
  "pk": 33
},
{
  "fields": {
    "sha1": "f214b3fd05be9643f687f43d732537f67cca5855",
    "original_filename": "Ultra_SDHC_UHS1_C10_30MBs_Front_32GB.png",
    "name": "",
    "description": null,
    "modified_at": "2015-11-25T23:08:01.398Z",
    "_file_size": 37889,
    "uploaded_at": "2015-11-25T23:06:48.804Z",
    "file": "filer_public/8f/7e/8f7e7643-3188-45ac-9318-77aa6628aff8/ultra_sdhc_uhs1_c10_30mbs_front_32gb.png",
    "owner": [
      "admin"
    ],
    "is_public": true,
    "folder": 2,
    "has_all_mandatory_data": false,
    "polymorphic_ctype": [
      "filer",
      "image"
    ]
  },
  "model": "filer.file",
  "pk": 34
},
{
  "fields": {
    "sha1": "54aadc01936e050fb01f862d9a84a9f95fa76e2a",
    "original_filename": "Ultra_SDXC_40MBs_Class10_Front_64GB-retina.png",
    "name": "",
    "description": null,
    "modified_at": "2015-11-25T23:08:01.410Z",
    "_file_size": 242738,
    "uploaded_at": "2015-11-25T23:07:05.040Z",
    "file": "filer_public/aa/29/aa2976f7-48ea-4686-9628-a06d78030e8c/ultra_sdxc_40mbs_class10_front_64gb-retina.png",
    "owner": [
      "admin"
    ],
    "is_public": true,
    "folder": 2,
    "has_all_mandatory_data": false,
    "polymorphic_ctype": [
      "filer",
      "image"
    ]
  },
  "model": "filer.file",
  "pk": 35
},
{
  "fields": {
    "sha1": "551cc800fbf893f62ccfa33705fa7e0d0cbb2063",
    "original_filename": "Ultra_SDXC_40MBs_Class10_Front_128GB-retina.png",
    "name": "",
    "description": null,
    "modified_at": "2015-11-25T23:08:01.423Z",
    "_file_size": 250763,
    "uploaded_at": "2015-11-25T23:07:47.588Z",
    "file": "filer_public/be/66/be6676ca-d9dd-4dbd-99d6-e0673ee43796/ultra_sdxc_40mbs_class10_front_128gb-retina.png",
    "owner": [
      "admin"
    ],
    "is_public": true,
    "folder": 2,
    "has_all_mandatory_data": false,
    "polymorphic_ctype": [
      "filer",
      "image"
    ]
  },
  "model": "filer.file",
  "pk": 36
},
{
  "fields": {
    "sha1": "fec1942c97010ef2c1f203122dc7f00aef9593b4",
    "original_filename": "Ultra_SDXC_UHS1_C10_30MBs_Front_64GB.png",
    "name": "",
    "description": "",
    "modified_at": "2015-11-27T22:24:10.060Z",
    "_file_size": 36133,
    "uploaded_at": "2015-11-25T23:07:52.688Z",
    "file": "filer_public/d2/78/d2780f66-c617-4df3-b994-7b090c04189c/ultra_sdxc_uhs1_c10_30mbs_front_64gb.png",
    "owner": [
      "admin"
    ],
    "is_public": true,
    "folder": 2,
    "has_all_mandatory_data": false,
    "polymorphic_ctype": [
      "filer",
      "image"
    ]
  },
  "model": "filer.file",
  "pk": 37
},
{
  "fields": {
    "sha1": "3fc422e227ad55fb59ef50b623653bfe855da728",
    "original_filename": "UltraPLUS_microSDHC_UHS-I_U1_16GB.png",
    "name": "",
    "description": null,
    "modified_at": "2015-11-25T23:08:49.487Z",
    "_file_size": 58265,
    "uploaded_at": "2015-11-25T23:08:17.334Z",
    "file": "filer_public/af/f3/aff3f940-2ad5-4f0e-8652-f07c84173e1f/ultraplus_microsdhc_uhs-i_u1_16gb.png",
    "owner": [
      "admin"
    ],
    "is_public": true,
    "folder": 2,
    "has_all_mandatory_data": false,
    "polymorphic_ctype": [
      "filer",
      "image"
    ]
  },
  "model": "filer.file",
  "pk": 38
},
{
  "fields": {
    "sha1": "e43a6846ab98d857b120f7c46c451eb85bfec6a4",
    "original_filename": "UltraPLUS_microSDHC_UHS-I_U1_32GB.png",
    "name": "",
    "description": null,
    "modified_at": "2015-11-25T23:08:49.505Z",
    "_file_size": 57580,
    "uploaded_at": "2015-11-25T23:08:22.371Z",
    "file": "filer_public/8c/66/8c661349-5bfd-4ff0-9f77-b6f769022809/ultraplus_microsdhc_uhs-i_u1_32gb.png",
    "owner": [
      "admin"
    ],
    "is_public": true,
    "folder": 2,
    "has_all_mandatory_data": false,
    "polymorphic_ctype": [
      "filer",
      "image"
    ]
  },
  "model": "filer.file",
  "pk": 39
},
{
  "fields": {
    "sha1": "cc956fa13435020e08132a0d14fd7e362ec45700",
    "original_filename": "UltraPLUS_microSDXC_UHS-I_U1_64GB.png",
    "name": "",
    "description": null,
    "modified_at": "2015-11-25T23:08:49.523Z",
    "_file_size": 57937,
    "uploaded_at": "2015-11-25T23:08:27.317Z",
    "file": "filer_public/e2/21/e2210738-5dfd-4dea-a344-2687362631c2/ultraplus_microsdxc_uhs-i_u1_64gb.png",
    "owner": [
      "admin"
    ],
    "is_public": true,
    "folder": 2,
    "has_all_mandatory_data": false,
    "polymorphic_ctype": [
      "filer",
      "image"
    ]
  },
  "model": "filer.file",
  "pk": 40
},
{
  "fields": {
    "sha1": "4cd65b704c4ba8e3009b3c861a6cac80001433be",
    "original_filename": "UltraPLUS_microSDXC_UHS-I_U1_128GB.png",
    "name": "",
    "description": null,
    "modified_at": "2015-11-25T23:08:49.537Z",
    "_file_size": 53164,
    "uploaded_at": "2015-11-25T23:08:32.648Z",
    "file": "filer_public/1a/dd/1add42e2-e333-4033-a6c9-ea9fc0696ec3/ultraplus_microsdxc_uhs-i_u1_128gb.png",
    "owner": [
      "admin"
    ],
    "is_public": true,
    "folder": 2,
    "has_all_mandatory_data": false,
    "polymorphic_ctype": [
      "filer",
      "image"
    ]
  },
  "model": "filer.file",
  "pk": 41
},
{
  "fields": {
    "sha1": "45df4d9ad464ca7546dbf7b2ff76140b592a337b",
    "original_filename": "UltraPLUS_SDHC_48MBs_Class10_Front_16GB.png",
    "name": "",
    "description": null,
    "modified_at": "2015-11-25T23:08:49.550Z",
    "_file_size": 49291,
    "uploaded_at": "2015-11-25T23:08:38.205Z",
    "file": "filer_public/1c/25/1c256751-75d6-4256-9a40-c5c94fc6e6c0/ultraplus_sdhc_48mbs_class10_front_16gb.png",
    "owner": [
      "admin"
    ],
    "is_public": true,
    "folder": 2,
    "has_all_mandatory_data": false,
    "polymorphic_ctype": [
      "filer",
      "image"
    ]
  },
  "model": "filer.file",
  "pk": 42
},
{
  "fields": {
    "sha1": "4d06ceb06507ce4f3d811de33e118de52b854b16",
    "original_filename": "UltraPLUS_SDXC_48MBs_Class10_Front_64GB.png",
    "name": "",
    "description": null,
    "modified_at": "2015-11-25T23:08:49.562Z",
    "_file_size": 53174,
    "uploaded_at": "2015-11-25T23:08:42.936Z",
    "file": "filer_public/48/03/4803f140-10a5-47c5-a2cb-716db76ce186/ultraplus_sdxc_48mbs_class10_front_64gb.png",
    "owner": [
      "admin"
    ],
    "is_public": true,
    "folder": 2,
    "has_all_mandatory_data": false,
    "polymorphic_ctype": [
      "filer",
      "image"
    ]
  },
  "model": "filer.file",
  "pk": 43
},
{
  "fields": {
    "sha1": "3d85dc837429e27b5eafa7c3cd2de06694505a57",
    "original_filename": "ExtremePRO_SDHC_U3_Front_16GB.png",
    "name": "",
    "description": null,
    "modified_at": "2015-11-26T23:09:19.891Z",
    "_file_size": 40453,
    "uploaded_at": "2015-11-26T23:09:13.277Z",
    "file": "filer_public/07/8c/078cf8f3-6754-465b-8214-38544895fbad/extremepro_sdhc_u3_front_16gb.png",
    "owner": [
      "admin"
    ],
    "is_public": true,
    "folder": 2,
    "has_all_mandatory_data": false,
    "polymorphic_ctype": [
      "filer",
      "image"
    ]
  },
  "model": "filer.file",
  "pk": 44
},
{
  "fields": {
    "sha1": "fec1942c97010ef2c1f203122dc7f00aef9593b4",
    "original_filename": "Ultra_SDXC_UHS1_C10_30MBs_Front_64GB.png",
    "name": "",
    "description": null,
    "modified_at": "2015-11-27T22:31:38.995Z",
    "_file_size": 36133,
    "uploaded_at": "2015-11-27T22:31:29.769Z",
    "file": "filer_public/9a/20/9a205e9b-a261-47ba-8843-dfff67b8ceca/ultra_sdxc_uhs1_c10_30mbs_front_64gb.png",
    "owner": [
      "admin"
    ],
    "is_public": true,
    "folder": 2,
    "has_all_mandatory_data": false,
    "polymorphic_ctype": [
      "filer",
      "image"
    ]
  },
  "model": "filer.file",
  "pk": 45
},
{
  "fields": {
    "sha1": "706a4126675865282af593a7e99ddd6bd4d7c929",
    "original_filename": "UltraPLUS_SDHC_48MBs_Class10_Front_32GB.png",
    "name": "",
    "description": null,
    "modified_at": "2015-11-27T22:39:48.836Z",
    "_file_size": 52902,
    "uploaded_at": "2015-11-27T22:39:42.734Z",
    "file": "filer_public/0f/b8/0fb8cf9e-f8c8-49ab-96df-058fa52dcf26/ultraplus_sdhc_48mbs_class10_front_32gb.png",
    "owner": [
      "admin"
    ],
    "is_public": true,
    "folder": 2,
    "has_all_mandatory_data": false,
    "polymorphic_ctype": [
      "filer",
      "image"
    ]
  },
  "model": "filer.file",
  "pk": 46
},
{
  "fields": {
    "sha1": "8f9bc060ba8de0196de9310ee739915ad4cca8d8",
    "original_filename": "UltraPLUS_SDXC_48MBs_Class10_Front_128GB.png",
    "name": "",
    "description": null,
    "modified_at": "2015-11-27T22:41:17.351Z",
    "_file_size": 48723,
    "uploaded_at": "2015-11-27T22:41:11.006Z",
    "file": "filer_public/5e/16/5e16493a-4099-4b9f-9836-854d75b4aecb/ultraplus_sdxc_48mbs_class10_front_128gb.png",
    "owner": [
      "admin"
    ],
    "is_public": true,
    "folder": 2,
    "has_all_mandatory_data": false,
    "polymorphic_ctype": [
      "filer",
      "image"
    ]
  },
  "model": "filer.file",
  "pk": 47
},
{
  "fields": {
    "sha1": "ae5118bad2c87de7587d65e4cf84227febfe7794",
    "original_filename": "Kyocera-Hydro-Edge-front.png",
    "name": "",
    "description": null,
    "modified_at": "2015-12-02T20:55:07.037Z",
    "_file_size": 91415,
    "uploaded_at": "2015-12-02T20:55:07.037Z",
    "file": "filer_public/fa/4e/fa4e451d-29cd-4b74-9750-58bbd7852688/kyocera-hydro-edge-front.png",
    "owner": [
      "admin"
    ],
    "is_public": true,
    "folder": null,
    "has_all_mandatory_data": false,
    "polymorphic_ctype": [
      "filer",
      "image"
    ]
  },
  "model": "filer.file",
  "pk": 48
},
{
  "fields": {
    "sha1": "ae5118bad2c87de7587d65e4cf84227febfe7794",
    "original_filename": "Kyocera-Hydro-Edge-front.png",
    "name": "",
    "description": null,
    "modified_at": "2015-12-02T20:55:17.555Z",
    "_file_size": 91415,
    "uploaded_at": "2015-12-02T20:55:17.555Z",
    "file": "filer_public/2e/dd/2eddc30b-1587-4b27-a941-43d15edde6c3/kyocera-hydro-edge-front.png",
    "owner": [
      "admin"
    ],
    "is_public": true,
    "folder": null,
    "has_all_mandatory_data": false,
    "polymorphic_ctype": [
      "filer",
      "image"
    ]
  },
  "model": "filer.file",
  "pk": 49
},
{
  "fields": {
    "sha1": "ae5118bad2c87de7587d65e4cf84227febfe7794",
    "original_filename": "Kyocera-Hydro-Edge-front.png",
    "name": "",
    "description": null,
    "modified_at": "2015-12-02T20:55:47.961Z",
    "_file_size": 91415,
    "uploaded_at": "2015-12-02T20:55:34.469Z",
    "file": "filer_public/b1/4e/b14ed41c-beb8-4614-8887-c2c8eb4afbe4/kyocera-hydro-edge-front.png",
    "owner": [
      "admin"
    ],
    "is_public": true,
    "folder": 3,
    "has_all_mandatory_data": false,
    "polymorphic_ctype": [
      "filer",
      "image"
    ]
  },
  "model": "filer.file",
  "pk": 50
},
{
  "fields": {
    "sha1": "b7dd00919f5b4c74a14e1e4a510730c58761c7a4",
    "original_filename": "Kyocera-Hydro-Edge-back.png",
    "name": "",
    "description": null,
    "modified_at": "2015-12-02T20:55:47.974Z",
    "_file_size": 113808,
    "uploaded_at": "2015-12-02T20:55:40.194Z",
    "file": "filer_public/2b/d3/2bd3c728-19e0-4edc-89d1-c522e0202355/kyocera-hydro-edge-back.png",
    "owner": [
      "admin"
    ],
    "is_public": true,
    "folder": 3,
    "has_all_mandatory_data": false,
    "polymorphic_ctype": [
      "filer",
      "image"
    ]
  },
  "model": "filer.file",
  "pk": 51
},
{
  "fields": {
    "sha1": "5d6843414cb64adb38a9a6759862969ae3383c4e",
    "original_filename": "Nexus-4-front.png",
    "name": "",
    "description": null,
    "modified_at": "2015-12-02T22:08:39.599Z",
    "_file_size": 67024,
    "uploaded_at": "2015-12-02T22:08:12.534Z",
    "file": "filer_public/19/b2/19b2e1b2-9bc9-4615-8418-a7ad75f6a77a/nexus-4-front.png",
    "owner": [
      "admin"
    ],
    "is_public": true,
    "folder": 3,
    "has_all_mandatory_data": false,
    "polymorphic_ctype": [
      "filer",
      "image"
    ]
  },
  "model": "filer.file",
  "pk": 52
},
{
  "fields": {
    "sha1": "6a4fd8bf4637afd00c9b4a66b7fde1c9ea742a4a",
    "original_filename": "Nexus-4-diagonal.png",
    "name": "",
    "description": null,
    "modified_at": "2015-12-02T22:08:39.612Z",
    "_file_size": 77164,
    "uploaded_at": "2015-12-02T22:08:18.645Z",
    "file": "filer_public/32/61/326155d5-470e-44b3-8ca4-ec82a7e71161/nexus-4-diagonal.png",
    "owner": [
      "admin"
    ],
    "is_public": true,
    "folder": 3,
    "has_all_mandatory_data": false,
    "polymorphic_ctype": [
      "filer",
      "image"
    ]
  },
  "model": "filer.file",
  "pk": 53
},
{
  "fields": {
    "sha1": "a3ba499fdfbfdf7e37c241587809d83f36718176",
    "original_filename": "Nexus-4-side.png",
    "name": "",
    "description": null,
    "modified_at": "2015-12-02T22:08:39.626Z",
    "_file_size": 12394,
    "uploaded_at": "2015-12-02T22:08:26.664Z",
    "file": "filer_public/4d/1e/4d1e5599-5275-42c8-aa9c-37d35e856da4/nexus-4-side.png",
    "owner": [
      "admin"
    ],
    "is_public": true,
    "folder": 3,
    "has_all_mandatory_data": false,
    "polymorphic_ctype": [
      "filer",
      "image"
    ]
  },
  "model": "filer.file",
  "pk": 54
},
{
  "fields": {
    "sha1": "60da97e41e9d17fc0aa827aa3ce5093dc00f4374",
    "original_filename": "Nexus-4-back.png",
    "name": "",
    "description": null,
    "modified_at": "2015-12-02T22:08:39.638Z",
    "_file_size": 61066,
    "uploaded_at": "2015-12-02T22:08:32.242Z",
    "file": "filer_public/8a/85/8a855334-4cce-48a2-94bd-89219a9dc3a5/nexus-4-back.png",
    "owner": [
      "admin"
    ],
    "is_public": true,
    "folder": 3,
    "has_all_mandatory_data": false,
    "polymorphic_ctype": [
      "filer",
      "image"
    ]
  },
  "model": "filer.file",
  "pk": 55
},
{
  "fields": {
    "sha1": "4a2b030d753d717e566ccc8150f04465adbd0477",
    "original_filename": "HighEndurance_microSDHC_C10_32GB-retina.png",
    "name": "",
    "description": null,
    "modified_at": "2015-12-03T11:16:39.954Z",
    "_file_size": 114459,
    "uploaded_at": "2015-12-03T11:16:26.324Z",
    "file": "filer_public/fb/b2/fbb280d7-a8c8-4a4e-b80c-49ed886a4369/highendurance_microsdhc_c10_32gb-retina.png",
    "owner": [
      "admin"
    ],
    "is_public": true,
    "folder": 2,
    "has_all_mandatory_data": false,
    "polymorphic_ctype": [
      "filer",
      "image"
    ]
  },
  "model": "filer.file",
  "pk": 56
},
{
  "fields": {
    "sha1": "77d4cab457bef125957ddd866ca3cd788c177e64",
    "original_filename": "HighEndurance_microSDXC_C10_64GB-retina.png",
    "name": "",
    "description": null,
    "modified_at": "2015-12-03T11:16:39.967Z",
    "_file_size": 116994,
    "uploaded_at": "2015-12-03T11:16:31.457Z",
    "file": "filer_public/e6/7c/e67c6c43-4ed3-4389-a99e-526ef2054e5a/highendurance_microsdxc_c10_64gb-retina.png",
    "owner": [
      "admin"
    ],
    "is_public": true,
    "folder": 2,
    "has_all_mandatory_data": false,
    "polymorphic_ctype": [
      "filer",
      "image"
    ]
  },
  "model": "filer.file",
  "pk": 57
},
{
  "fields": {
    "sha1": "e1538c7b6ecf4b2c5f10b6b8251593910fb714df",
    "original_filename": "Galaxy-S6-Active-1.jpg",
    "name": "",
    "description": null,
    "modified_at": "2015-12-03T15:47:14.360Z",
    "_file_size": 128330,
    "uploaded_at": "2015-12-03T15:46:43.056Z",
    "file": "filer_public/75/a8/75a89318-9f9e-4f76-9308-ccd0aa48efa8/galaxy-s6-active-1.jpg",
    "owner": [
      "admin"
    ],
    "is_public": true,
    "folder": 3,
    "has_all_mandatory_data": false,
    "polymorphic_ctype": [
      "filer",
      "image"
    ]
  },
  "model": "filer.file",
  "pk": 58
},
{
  "fields": {
    "sha1": "1c6f68b0eb0dffb01da6165d93faa070f3864415",
    "original_filename": "Galaxy-S6-Active-2.jpg",
    "name": "",
    "description": null,
    "modified_at": "2015-12-03T15:47:14.380Z",
    "_file_size": 109284,
    "uploaded_at": "2015-12-03T15:46:47.292Z",
    "file": "filer_public/b7/d8/b7d8bb7f-4a4b-4c70-8bb2-cd5b535aec04/galaxy-s6-active-2.jpg",
    "owner": [
      "admin"
    ],
    "is_public": true,
    "folder": 3,
    "has_all_mandatory_data": false,
    "polymorphic_ctype": [
      "filer",
      "image"
    ]
  },
  "model": "filer.file",
  "pk": 59
},
{
  "fields": {
    "sha1": "958fa31892d93e11572f1dd4f4ec97d844f6c050",
    "original_filename": "Galaxy-S6-Active-3.jpg",
    "name": "",
    "description": null,
    "modified_at": "2015-12-03T15:47:14.395Z",
    "_file_size": 120640,
    "uploaded_at": "2015-12-03T15:46:52.170Z",
    "file": "filer_public/da/2a/da2afdff-c84f-405e-ac4c-e1921e2248d3/galaxy-s6-active-3.jpg",
    "owner": [
      "admin"
    ],
    "is_public": true,
    "folder": 3,
    "has_all_mandatory_data": false,
    "polymorphic_ctype": [
      "filer",
      "image"
    ]
  },
  "model": "filer.file",
  "pk": 60
},
{
  "fields": {
    "sha1": "f82a2e6916bb02f108c46a0a4270ae8d77f788ad",
    "original_filename": "Galaxy-S6-Active-4.jpg",
    "name": "",
    "description": null,
    "modified_at": "2015-12-03T15:47:14.414Z",
    "_file_size": 121766,
    "uploaded_at": "2015-12-03T15:46:56.375Z",
    "file": "filer_public/17/d2/17d2b973-3ee3-448f-b357-7dcd97ef314b/galaxy-s6-active-4.jpg",
    "owner": [
      "admin"
    ],
    "is_public": true,
    "folder": 3,
    "has_all_mandatory_data": false,
    "polymorphic_ctype": [
      "filer",
      "image"
    ]
  },
  "model": "filer.file",
  "pk": 61
},
{
  "fields": {
    "sha1": "15a4e2bfb89dafe375d800a477f766bdae50f058",
    "original_filename": "Galaxy-S6-Active-5.jpg",
    "name": "",
    "description": null,
    "modified_at": "2015-12-03T15:47:14.432Z",
    "_file_size": 21030,
    "uploaded_at": "2015-12-03T15:47:01.072Z",
    "file": "filer_public/34/00/3400176e-1c1f-4d76-96a7-a913dd5d0c36/galaxy-s6-active-5.jpg",
    "owner": [
      "admin"
    ],
    "is_public": true,
    "folder": 3,
    "has_all_mandatory_data": false,
    "polymorphic_ctype": [
      "filer",
      "image"
    ]
  },
  "model": "filer.file",
  "pk": 62
},
{
  "fields": {
    "sha1": "d4f02003be82919e31b3079af8e18ffbb792d553",
    "original_filename": "Galaxy-S6-Active-6.jpg",
    "name": "",
    "description": null,
    "modified_at": "2015-12-03T15:47:14.448Z",
    "_file_size": 22499,
    "uploaded_at": "2015-12-03T15:47:05.916Z",
    "file": "filer_public/14/9b/149bba99-2578-4d44-b2e0-24575e4057f1/galaxy-s6-active-6.jpg",
    "owner": [
      "admin"
    ],
    "is_public": true,
    "folder": 3,
    "has_all_mandatory_data": false,
    "polymorphic_ctype": [
      "filer",
      "image"
    ]
  },
  "model": "filer.file",
  "pk": 63
},
{
  "fields": {
    "sha1": "5a972bec66b32fb7f6375a1982fa141237a2ae1e",
    "original_filename": "Sony-xperia-tl.png",
    "name": "",
    "description": null,
    "modified_at": "2015-12-03T16:17:12.616Z",
    "_file_size": 82426,
    "uploaded_at": "2015-12-03T16:17:04.868Z",
    "file": "filer_public/61/93/6193feb1-a694-435c-9756-fb3045944142/sony-xperia-tl.png",
    "owner": [
      "admin"
    ],
    "is_public": true,
    "folder": 3,
    "has_all_mandatory_data": false,
    "polymorphic_ctype": [
      "filer",
      "image"
    ]
  },
  "model": "filer.file",
  "pk": 64
},
{
  "fields": {
    "sha1": "1febc00666cd9f6112e5f2438e4b2129a94ec0d9",
    "original_filename": "htc-evo-design-4g-front.png",
    "name": "",
    "description": null,
    "modified_at": "2015-12-03T16:20:30.853Z",
    "_file_size": 61803,
    "uploaded_at": "2015-12-03T16:20:30.853Z",
    "file": "filer_public/4b/ca/4bca5259-4913-4c94-bf27-d440b659cec8/htc-evo-design-4g-front.png",
    "owner": [
      "admin"
    ],
    "is_public": true,
    "folder": null,
    "has_all_mandatory_data": false,
    "polymorphic_ctype": [
      "filer",
      "image"
    ]
  },
  "model": "filer.file",
  "pk": 65
},
{
  "fields": {
    "sha1": "1febc00666cd9f6112e5f2438e4b2129a94ec0d9",
    "original_filename": "htc-evo-design-4g-front.png",
    "name": "",
    "description": null,
    "modified_at": "2015-12-03T16:20:36.237Z",
    "_file_size": 61803,
    "uploaded_at": "2015-12-03T16:20:36.237Z",
    "file": "filer_public/19/42/1942fd7d-dec4-45a3-b5d0-39fba4b63b5c/htc-evo-design-4g-front.png",
    "owner": [
      "admin"
    ],
    "is_public": true,
    "folder": null,
    "has_all_mandatory_data": false,
    "polymorphic_ctype": [
      "filer",
      "image"
    ]
  },
  "model": "filer.file",
  "pk": 66
},
{
  "fields": {
    "sha1": "1febc00666cd9f6112e5f2438e4b2129a94ec0d9",
    "original_filename": "htc-evo-design-4g-front.png",
    "name": "",
    "description": null,
    "modified_at": "2015-12-03T16:21:04.511Z",
    "_file_size": 61803,
    "uploaded_at": "2015-12-03T16:20:51.106Z",
    "file": "filer_public/b0/f2/b0f2d986-9ffe-4468-a6d1-41173ad99248/htc-evo-design-4g-front.png",
    "owner": [
      "admin"
    ],
    "is_public": true,
    "folder": 3,
    "has_all_mandatory_data": false,
    "polymorphic_ctype": [
      "filer",
      "image"
    ]
  },
  "model": "filer.file",
  "pk": 67
},
{
  "fields": {
    "sha1": "b663f062c8f4f1889f6954792506122f938bab5b",
    "original_filename": "htc-evo-design-4g-back.png",
    "name": "",
    "description": null,
    "modified_at": "2015-12-03T16:21:04.526Z",
    "_file_size": 51429,
    "uploaded_at": "2015-12-03T16:20:56.688Z",
    "file": "filer_public/74/e1/74e1e8a0-890a-4eba-bac1-8a35cb74bdb8/htc-evo-design-4g-back.png",
    "owner": [
      "admin"
    ],
    "is_public": true,
    "folder": 3,
    "has_all_mandatory_data": false,
    "polymorphic_ctype": [
      "filer",
      "image"
    ]
  },
  "model": "filer.file",
  "pk": 68
},
{
  "fields": {
    "sha1": "55fe6944cbe49bd2a59018e547f227656bca1c0f",
    "original_filename": "apple-iphone5-w1.jpg",
    "name": "",
    "description": null,
    "modified_at": "2015-12-04T10:52:15.487Z",
    "_file_size": 233944,
    "uploaded_at": "2015-12-04T10:51:58.712Z",
    "file": "filer_public/53/e9/53e9ed7b-061c-46ea-9030-6547c200241c/apple-iphone5-w1.jpg",
    "owner": [
      "admin"
    ],
    "is_public": true,
    "folder": 3,
    "has_all_mandatory_data": false,
    "polymorphic_ctype": [
      "filer",
      "image"
    ]
  },
  "model": "filer.file",
  "pk": 77
},
{
  "fields": {
    "sha1": "cb153dae599550d11ee77f18963a7cb38720b3a5",
    "original_filename": "apple-iphone5-w2.jpg",
    "name": "",
    "description": null,
    "modified_at": "2015-12-04T10:52:15.505Z",
    "_file_size": 120576,
    "uploaded_at": "2015-12-04T10:52:05.963Z",
    "file": "filer_public/b7/56/b7562747-39f2-435b-9cf1-70699de203f6/apple-iphone5-w2.jpg",
    "owner": [
      "admin"
    ],
    "is_public": true,
    "folder": 3,
    "has_all_mandatory_data": false,
    "polymorphic_ctype": [
      "filer",
      "image"
    ]
  },
  "model": "filer.file",
  "pk": 78
},
{
  "fields": {
    "sha1": "9d58be944b1ad0de6dd3bfbc2e73603830537d97",
    "original_filename": "motorola-atrix-4g.0.jpg",
    "name": "",
    "description": null,
    "modified_at": "2015-12-04T10:59:18.677Z",
    "_file_size": 23174,
    "uploaded_at": "2015-12-04T10:58:49.329Z",
    "file": "filer_public/2a/4f/2a4f5ccf-fb07-4941-a1e6-9d67f45308a2/motorola-atrix-4g0.jpg",
    "owner": [
      "admin"
    ],
    "is_public": true,
    "folder": 3,
    "has_all_mandatory_data": false,
    "polymorphic_ctype": [
      "filer",
      "image"
    ]
  },
  "model": "filer.file",
  "pk": 79
},
{
  "fields": {
    "sha1": "c3b9a5004c474b42fb1483a24983db456e1e2038",
    "original_filename": "motorola-atrix-4g.1.jpg",
    "name": "",
    "description": null,
    "modified_at": "2015-12-04T10:59:18.693Z",
    "_file_size": 16530,
    "uploaded_at": "2015-12-04T10:58:55.994Z",
    "file": "filer_public/87/93/8793bdfd-2e58-445a-8bce-9c928e987d6e/motorola-atrix-4g1.jpg",
    "owner": [
      "admin"
    ],
    "is_public": true,
    "folder": 3,
    "has_all_mandatory_data": false,
    "polymorphic_ctype": [
      "filer",
      "image"
    ]
  },
  "model": "filer.file",
  "pk": 80
},
{
  "fields": {
    "sha1": "5a318b90f8a091b1601e009a5bcaf556d1bc238a",
    "original_filename": "motorola-atrix-4g.2.jpg",
    "name": "",
    "description": null,
    "modified_at": "2015-12-04T10:59:18.707Z",
    "_file_size": 23788,
    "uploaded_at": "2015-12-04T10:59:03.699Z",
    "file": "filer_public/2e/04/2e049bff-5d51-485d-becb-e83069e92161/motorola-atrix-4g2.jpg",
    "owner": [
      "admin"
    ],
    "is_public": true,
    "folder": 3,
    "has_all_mandatory_data": false,
    "polymorphic_ctype": [
      "filer",
      "image"
    ]
  },
  "model": "filer.file",
  "pk": 81
},
{
  "fields": {
    "sha1": "4ff2578c44c4faaba918061cd8d6b4f5fc8358bd",
    "original_filename": "motorola-atrix-4g.3.jpg",
    "name": "",
    "description": null,
    "modified_at": "2015-12-04T10:59:18.723Z",
    "_file_size": 19553,
    "uploaded_at": "2015-12-04T10:59:10.019Z",
    "file": "filer_public/30/ec/30ecd4fd-dcdd-4d4d-9d61-d7358b3020bb/motorola-atrix-4g3.jpg",
    "owner": [
      "admin"
    ],
    "is_public": true,
    "folder": 3,
    "has_all_mandatory_data": false,
    "polymorphic_ctype": [
      "filer",
      "image"
    ]
  },
  "model": "filer.file",
  "pk": 82
},
{
  "fields": {
    "subject_location": null,
    "must_always_publish_copyright": false,
    "date_taken": "2015-11-25T17:33:34.787Z",
    "author": null,
    "_height": 500,
    "_width": 485,
    "must_always_publish_author_credit": false,
    "default_alt_text": null,
    "default_caption": null
  },
  "model": "filer.image",
  "pk": 1
},
{
  "fields": {
    "subject_location": null,
    "must_always_publish_copyright": false,
    "date_taken": "2015-11-25T17:50:59.272Z",
    "author": null,
    "_height": 500,
    "_width": 500,
    "must_always_publish_author_credit": false,
    "default_alt_text": null,
    "default_caption": null
  },
  "model": "filer.image",
  "pk": 2
},
{
  "fields": {
    "subject_location": null,
    "must_always_publish_copyright": false,
    "date_taken": "2015-11-25T17:51:00.072Z",
    "author": null,
    "_height": 500,
    "_width": 500,
    "must_always_publish_author_credit": false,
    "default_alt_text": null,
    "default_caption": null
  },
  "model": "filer.image",
  "pk": 3
},
{
  "fields": {
    "subject_location": null,
    "must_always_publish_copyright": false,
    "date_taken": "2015-11-25T17:51:43.341Z",
    "author": null,
    "_height": 500,
    "_width": 500,
    "must_always_publish_author_credit": false,
    "default_alt_text": null,
    "default_caption": null
  },
  "model": "filer.image",
  "pk": 5
},
{
  "fields": {
    "subject_location": null,
    "must_always_publish_copyright": false,
    "date_taken": "2015-11-25T23:02:04.130Z",
    "author": null,
    "_height": 500,
    "_width": 500,
    "must_always_publish_author_credit": false,
    "default_alt_text": null,
    "default_caption": null
  },
  "model": "filer.image",
  "pk": 8
},
{
  "fields": {
    "subject_location": null,
    "must_always_publish_copyright": false,
    "date_taken": "2015-11-25T23:02:14.032Z",
    "author": null,
    "_height": 500,
    "_width": 500,
    "must_always_publish_author_credit": false,
    "default_alt_text": null,
    "default_caption": null
  },
  "model": "filer.image",
  "pk": 9
},
{
  "fields": {
    "subject_location": null,
    "must_always_publish_copyright": false,
    "date_taken": "2015-11-25T23:02:18.721Z",
    "author": null,
    "_height": 1000,
    "_width": 1000,
    "must_always_publish_author_credit": false,
    "default_alt_text": null,
    "default_caption": null
  },
  "model": "filer.image",
  "pk": 10
},
{
  "fields": {
    "subject_location": null,
    "must_always_publish_copyright": false,
    "date_taken": "2015-11-25T23:02:26.959Z",
    "author": null,
    "_height": 1000,
    "_width": 1000,
    "must_always_publish_author_credit": false,
    "default_alt_text": null,
    "default_caption": null
  },
  "model": "filer.image",
  "pk": 11
},
{
  "fields": {
    "subject_location": null,
    "must_always_publish_copyright": false,
    "date_taken": "2015-11-25T23:02:35.941Z",
    "author": null,
    "_height": 1000,
    "_width": 1000,
    "must_always_publish_author_credit": false,
    "default_alt_text": null,
    "default_caption": null
  },
  "model": "filer.image",
  "pk": 12
},
{
  "fields": {
    "subject_location": null,
    "must_always_publish_copyright": false,
    "date_taken": "2015-11-25T23:02:41.851Z",
    "author": null,
    "_height": 1000,
    "_width": 1000,
    "must_always_publish_author_credit": false,
    "default_alt_text": null,
    "default_caption": null
  },
  "model": "filer.image",
  "pk": 13
},
{
  "fields": {
    "subject_location": null,
    "must_always_publish_copyright": false,
    "date_taken": "2015-11-25T23:02:47.944Z",
    "author": null,
    "_height": 1000,
    "_width": 1000,
    "must_always_publish_author_credit": false,
    "default_alt_text": null,
    "default_caption": null
  },
  "model": "filer.image",
  "pk": 14
},
{
  "fields": {
    "subject_location": null,
    "must_always_publish_copyright": false,
    "date_taken": "2015-11-25T23:02:57.546Z",
    "author": null,
    "_height": 1000,
    "_width": 1000,
    "must_always_publish_author_credit": false,
    "default_alt_text": null,
    "default_caption": null
  },
  "model": "filer.image",
  "pk": 15
},
{
  "fields": {
    "subject_location": null,
    "must_always_publish_copyright": false,
    "date_taken": "2015-11-25T23:03:03.189Z",
    "author": null,
    "_height": 1000,
    "_width": 1000,
    "must_always_publish_author_credit": false,
    "default_alt_text": null,
    "default_caption": null
  },
  "model": "filer.image",
  "pk": 16
},
{
  "fields": {
    "subject_location": null,
    "must_always_publish_copyright": false,
    "date_taken": "2015-11-25T23:03:09.894Z",
    "author": null,
    "_height": 1000,
    "_width": 1000,
    "must_always_publish_author_credit": false,
    "default_alt_text": null,
    "default_caption": null
  },
  "model": "filer.image",
  "pk": 17
},
{
  "fields": {
    "subject_location": null,
    "must_always_publish_copyright": false,
    "date_taken": "2015-11-25T23:03:14.989Z",
    "author": null,
    "_height": 1000,
    "_width": 1000,
    "must_always_publish_author_credit": false,
    "default_alt_text": null,
    "default_caption": null
  },
  "model": "filer.image",
  "pk": 18
},
{
  "fields": {
    "subject_location": null,
    "must_always_publish_copyright": false,
    "date_taken": "2015-11-25T23:03:25.827Z",
    "author": null,
    "_height": 1000,
    "_width": 1000,
    "must_always_publish_author_credit": false,
    "default_alt_text": null,
    "default_caption": null
  },
  "model": "filer.image",
  "pk": 19
},
{
  "fields": {
    "subject_location": null,
    "must_always_publish_copyright": false,
    "date_taken": "2015-11-25T23:03:31.576Z",
    "author": null,
    "_height": 1000,
    "_width": 1000,
    "must_always_publish_author_credit": false,
    "default_alt_text": null,
    "default_caption": null
  },
  "model": "filer.image",
  "pk": 20
},
{
  "fields": {
    "subject_location": null,
    "must_always_publish_copyright": false,
    "date_taken": "2015-11-25T23:03:36.924Z",
    "author": null,
    "_height": 1000,
    "_width": 1000,
    "must_always_publish_author_credit": false,
    "default_alt_text": null,
    "default_caption": null
  },
  "model": "filer.image",
  "pk": 21
},
{
  "fields": {
    "subject_location": null,
    "must_always_publish_copyright": false,
    "date_taken": "2015-11-25T23:04:41.770Z",
    "author": null,
    "_height": 1000,
    "_width": 1000,
    "must_always_publish_author_credit": false,
    "default_alt_text": null,
    "default_caption": null
  },
  "model": "filer.image",
  "pk": 22
},
{
  "fields": {
    "subject_location": null,
    "must_always_publish_copyright": false,
    "date_taken": "2015-11-25T23:04:54.673Z",
    "author": null,
    "_height": 1000,
    "_width": 1000,
    "must_always_publish_author_credit": false,
    "default_alt_text": null,
    "default_caption": null
  },
  "model": "filer.image",
  "pk": 23
},
{
  "fields": {
    "subject_location": null,
    "must_always_publish_copyright": false,
    "date_taken": "2015-11-25T23:05:09.490Z",
    "author": null,
    "_height": 1000,
    "_width": 1000,
    "must_always_publish_author_credit": false,
    "default_alt_text": null,
    "default_caption": null
  },
  "model": "filer.image",
  "pk": 24
},
{
  "fields": {
    "subject_location": null,
    "must_always_publish_copyright": false,
    "date_taken": "2015-11-25T23:05:20.877Z",
    "author": null,
    "_height": 1000,
    "_width": 1000,
    "must_always_publish_author_credit": false,
    "default_alt_text": null,
    "default_caption": null
  },
  "model": "filer.image",
  "pk": 25
},
{
  "fields": {
    "subject_location": "",
    "must_always_publish_copyright": false,
    "date_taken": "2015-11-25T23:05:29.865Z",
    "author": "",
    "_height": 1000,
    "_width": 1000,
    "must_always_publish_author_credit": false,
    "default_alt_text": "",
    "default_caption": ""
  },
  "model": "filer.image",
  "pk": 26
},
{
  "fields": {
    "subject_location": null,
    "must_always_publish_copyright": false,
    "date_taken": "2015-11-25T23:05:36.910Z",
    "author": null,
    "_height": 1000,
    "_width": 1000,
    "must_always_publish_author_credit": false,
    "default_alt_text": null,
    "default_caption": null
  },
  "model": "filer.image",
  "pk": 27
},
{
  "fields": {
    "subject_location": null,
    "must_always_publish_copyright": false,
    "date_taken": "2015-11-25T23:05:45.357Z",
    "author": null,
    "_height": 1000,
    "_width": 1000,
    "must_always_publish_author_credit": false,
    "default_alt_text": null,
    "default_caption": null
  },
  "model": "filer.image",
  "pk": 28
},
{
  "fields": {
    "subject_location": null,
    "must_always_publish_copyright": false,
    "date_taken": "2015-11-25T23:05:51.418Z",
    "author": null,
    "_height": 1000,
    "_width": 1000,
    "must_always_publish_author_credit": false,
    "default_alt_text": null,
    "default_caption": null
  },
  "model": "filer.image",
  "pk": 29
},
{
  "fields": {
    "subject_location": null,
    "must_always_publish_copyright": false,
    "date_taken": "2015-11-25T23:06:27.719Z",
    "author": null,
    "_height": 1000,
    "_width": 1000,
    "must_always_publish_author_credit": false,
    "default_alt_text": null,
    "default_caption": null
  },
  "model": "filer.image",
  "pk": 30
},
{
  "fields": {
    "subject_location": null,
    "must_always_publish_copyright": false,
    "date_taken": "2015-11-25T23:06:32.642Z",
    "author": null,
    "_height": 1000,
    "_width": 1000,
    "must_always_publish_author_credit": false,
    "default_alt_text": null,
    "default_caption": null
  },
  "model": "filer.image",
  "pk": 31
},
{
  "fields": {
    "subject_location": null,
    "must_always_publish_copyright": false,
    "date_taken": "2015-11-25T23:06:36.921Z",
    "author": null,
    "_height": 1000,
    "_width": 1000,
    "must_always_publish_author_credit": false,
    "default_alt_text": null,
    "default_caption": null
  },
  "model": "filer.image",
  "pk": 32
},
{
  "fields": {
    "subject_location": null,
    "must_always_publish_copyright": false,
    "date_taken": "2015-11-25T23:06:43.248Z",
    "author": null,
    "_height": 500,
    "_width": 500,
    "must_always_publish_author_credit": false,
    "default_alt_text": null,
    "default_caption": null
  },
  "model": "filer.image",
  "pk": 33
},
{
  "fields": {
    "subject_location": null,
    "must_always_publish_copyright": false,
    "date_taken": "2015-11-25T23:06:48.795Z",
    "author": null,
    "_height": 500,
    "_width": 500,
    "must_always_publish_author_credit": false,
    "default_alt_text": null,
    "default_caption": null
  },
  "model": "filer.image",
  "pk": 34
},
{
  "fields": {
    "subject_location": null,
    "must_always_publish_copyright": false,
    "date_taken": "2015-11-25T23:07:05.029Z",
    "author": null,
    "_height": 1000,
    "_width": 1000,
    "must_always_publish_author_credit": false,
    "default_alt_text": null,
    "default_caption": null
  },
  "model": "filer.image",
  "pk": 35
},
{
  "fields": {
    "subject_location": null,
    "must_always_publish_copyright": false,
    "date_taken": "2015-11-25T23:07:47.574Z",
    "author": null,
    "_height": 1000,
    "_width": 1000,
    "must_always_publish_author_credit": false,
    "default_alt_text": null,
    "default_caption": null
  },
  "model": "filer.image",
  "pk": 36
},
{
  "fields": {
    "subject_location": "",
    "must_always_publish_copyright": false,
    "date_taken": "2015-11-25T23:07:52.677Z",
    "author": "",
    "_height": 500,
    "_width": 500,
    "must_always_publish_author_credit": false,
    "default_alt_text": "",
    "default_caption": ""
  },
  "model": "filer.image",
  "pk": 37
},
{
  "fields": {
    "subject_location": null,
    "must_always_publish_copyright": false,
    "date_taken": "2015-11-25T23:08:17.324Z",
    "author": null,
    "_height": 500,
    "_width": 500,
    "must_always_publish_author_credit": false,
    "default_alt_text": null,
    "default_caption": null
  },
  "model": "filer.image",
  "pk": 38
},
{
  "fields": {
    "subject_location": null,
    "must_always_publish_copyright": false,
    "date_taken": "2015-11-25T23:08:22.358Z",
    "author": null,
    "_height": 500,
    "_width": 500,
    "must_always_publish_author_credit": false,
    "default_alt_text": null,
    "default_caption": null
  },
  "model": "filer.image",
  "pk": 39
},
{
  "fields": {
    "subject_location": null,
    "must_always_publish_copyright": false,
    "date_taken": "2015-11-25T23:08:27.308Z",
    "author": null,
    "_height": 500,
    "_width": 500,
    "must_always_publish_author_credit": false,
    "default_alt_text": null,
    "default_caption": null
  },
  "model": "filer.image",
  "pk": 40
},
{
  "fields": {
    "subject_location": null,
    "must_always_publish_copyright": false,
    "date_taken": "2015-11-25T23:08:32.639Z",
    "author": null,
    "_height": 500,
    "_width": 500,
    "must_always_publish_author_credit": false,
    "default_alt_text": null,
    "default_caption": null
  },
  "model": "filer.image",
  "pk": 41
},
{
  "fields": {
    "subject_location": null,
    "must_always_publish_copyright": false,
    "date_taken": "2015-11-25T23:08:38.196Z",
    "author": null,
    "_height": 500,
    "_width": 500,
    "must_always_publish_author_credit": false,
    "default_alt_text": null,
    "default_caption": null
  },
  "model": "filer.image",
  "pk": 42
},
{
  "fields": {
    "subject_location": null,
    "must_always_publish_copyright": false,
    "date_taken": "2015-11-25T23:08:42.925Z",
    "author": null,
    "_height": 500,
    "_width": 500,
    "must_always_publish_author_credit": false,
    "default_alt_text": null,
    "default_caption": null
  },
  "model": "filer.image",
  "pk": 43
},
{
  "fields": {
    "subject_location": null,
    "must_always_publish_copyright": false,
    "date_taken": "2015-11-26T23:09:13.267Z",
    "author": null,
    "_height": 500,
    "_width": 500,
    "must_always_publish_author_credit": false,
    "default_alt_text": null,
    "default_caption": null
  },
  "model": "filer.image",
  "pk": 44
},
{
  "fields": {
    "subject_location": null,
    "must_always_publish_copyright": false,
    "date_taken": "2015-11-27T22:31:29.758Z",
    "author": null,
    "_height": 500,
    "_width": 500,
    "must_always_publish_author_credit": false,
    "default_alt_text": null,
    "default_caption": null
  },
  "model": "filer.image",
  "pk": 45
},
{
  "fields": {
    "subject_location": null,
    "must_always_publish_copyright": false,
    "date_taken": "2015-11-27T22:39:42.726Z",
    "author": null,
    "_height": 500,
    "_width": 500,
    "must_always_publish_author_credit": false,
    "default_alt_text": null,
    "default_caption": null
  },
  "model": "filer.image",
  "pk": 46
},
{
  "fields": {
    "subject_location": null,
    "must_always_publish_copyright": false,
    "date_taken": "2015-11-27T22:41:10.997Z",
    "author": null,
    "_height": 500,
    "_width": 500,
    "must_always_publish_author_credit": false,
    "default_alt_text": null,
    "default_caption": null
  },
  "model": "filer.image",
  "pk": 47
},
{
  "fields": {
    "subject_location": null,
    "must_always_publish_copyright": false,
    "date_taken": "2015-12-02T20:55:07.026Z",
    "author": null,
    "_height": 400,
    "_width": 400,
    "must_always_publish_author_credit": false,
    "default_alt_text": null,
    "default_caption": null
  },
  "model": "filer.image",
  "pk": 48
},
{
  "fields": {
    "subject_location": null,
    "must_always_publish_copyright": false,
    "date_taken": "2015-12-02T20:55:17.546Z",
    "author": null,
    "_height": 400,
    "_width": 400,
    "must_always_publish_author_credit": false,
    "default_alt_text": null,
    "default_caption": null
  },
  "model": "filer.image",
  "pk": 49
},
{
  "fields": {
    "subject_location": null,
    "must_always_publish_copyright": false,
    "date_taken": "2015-12-02T20:55:34.460Z",
    "author": null,
    "_height": 400,
    "_width": 400,
    "must_always_publish_author_credit": false,
    "default_alt_text": null,
    "default_caption": null
  },
  "model": "filer.image",
  "pk": 50
},
{
  "fields": {
    "subject_location": null,
    "must_always_publish_copyright": false,
    "date_taken": "2015-12-02T20:55:40.183Z",
    "author": null,
    "_height": 400,
    "_width": 400,
    "must_always_publish_author_credit": false,
    "default_alt_text": null,
    "default_caption": null
  },
  "model": "filer.image",
  "pk": 51
},
{
  "fields": {
    "subject_location": null,
    "must_always_publish_copyright": false,
    "date_taken": "2015-12-02T22:08:12.504Z",
    "author": null,
    "_height": 400,
    "_width": 400,
    "must_always_publish_author_credit": false,
    "default_alt_text": null,
    "default_caption": null
  },
  "model": "filer.image",
  "pk": 52
},
{
  "fields": {
    "subject_location": null,
    "must_always_publish_copyright": false,
    "date_taken": "2015-12-02T22:08:18.628Z",
    "author": null,
    "_height": 400,
    "_width": 400,
    "must_always_publish_author_credit": false,
    "default_alt_text": null,
    "default_caption": null
  },
  "model": "filer.image",
  "pk": 53
},
{
  "fields": {
    "subject_location": null,
    "must_always_publish_copyright": false,
    "date_taken": "2015-12-02T22:08:26.653Z",
    "author": null,
    "_height": 400,
    "_width": 400,
    "must_always_publish_author_credit": false,
    "default_alt_text": null,
    "default_caption": null
  },
  "model": "filer.image",
  "pk": 54
},
{
  "fields": {
    "subject_location": null,
    "must_always_publish_copyright": false,
    "date_taken": "2015-12-02T22:08:32.232Z",
    "author": null,
    "_height": 400,
    "_width": 400,
    "must_always_publish_author_credit": false,
    "default_alt_text": null,
    "default_caption": null
  },
  "model": "filer.image",
  "pk": 55
},
{
  "fields": {
    "subject_location": null,
    "must_always_publish_copyright": false,
    "date_taken": "2015-12-03T11:16:26.311Z",
    "author": null,
    "_height": 1000,
    "_width": 1000,
    "must_always_publish_author_credit": false,
    "default_alt_text": null,
    "default_caption": null
  },
  "model": "filer.image",
  "pk": 56
},
{
  "fields": {
    "subject_location": null,
    "must_always_publish_copyright": false,
    "date_taken": "2015-12-03T11:16:31.439Z",
    "author": null,
    "_height": 1000,
    "_width": 1000,
    "must_always_publish_author_credit": false,
    "default_alt_text": null,
    "default_caption": null
  },
  "model": "filer.image",
  "pk": 57
},
{
  "fields": {
    "subject_location": null,
    "must_always_publish_copyright": false,
    "date_taken": "2015-12-03T15:46:43.045Z",
    "author": null,
    "_height": 600,
    "_width": 600,
    "must_always_publish_author_credit": false,
    "default_alt_text": null,
    "default_caption": null
  },
  "model": "filer.image",
  "pk": 58
},
{
  "fields": {
    "subject_location": null,
    "must_always_publish_copyright": false,
    "date_taken": "2015-12-03T15:46:47.270Z",
    "author": null,
    "_height": 600,
    "_width": 600,
    "must_always_publish_author_credit": false,
    "default_alt_text": null,
    "default_caption": null
  },
  "model": "filer.image",
  "pk": 59
},
{
  "fields": {
    "subject_location": null,
    "must_always_publish_copyright": false,
    "date_taken": "2015-12-03T15:46:52.159Z",
    "author": null,
    "_height": 600,
    "_width": 600,
    "must_always_publish_author_credit": false,
    "default_alt_text": null,
    "default_caption": null
  },
  "model": "filer.image",
  "pk": 60
},
{
  "fields": {
    "subject_location": null,
    "must_always_publish_copyright": false,
    "date_taken": "2015-12-03T15:46:56.357Z",
    "author": null,
    "_height": 600,
    "_width": 600,
    "must_always_publish_author_credit": false,
    "default_alt_text": null,
    "default_caption": null
  },
  "model": "filer.image",
  "pk": 61
},
{
  "fields": {
    "subject_location": null,
    "must_always_publish_copyright": false,
    "date_taken": "2015-12-03T15:47:01.061Z",
    "author": null,
    "_height": 600,
    "_width": 600,
    "must_always_publish_author_credit": false,
    "default_alt_text": null,
    "default_caption": null
  },
  "model": "filer.image",
  "pk": 62
},
{
  "fields": {
    "subject_location": null,
    "must_always_publish_copyright": false,
    "date_taken": "2015-12-03T15:47:05.905Z",
    "author": null,
    "_height": 600,
    "_width": 600,
    "must_always_publish_author_credit": false,
    "default_alt_text": null,
    "default_caption": null
  },
  "model": "filer.image",
  "pk": 63
},
{
  "fields": {
    "subject_location": null,
    "must_always_publish_copyright": false,
    "date_taken": "2015-12-03T16:17:04.856Z",
    "author": null,
    "_height": 400,
    "_width": 400,
    "must_always_publish_author_credit": false,
    "default_alt_text": null,
    "default_caption": null
  },
  "model": "filer.image",
  "pk": 64
},
{
  "fields": {
    "subject_location": null,
    "must_always_publish_copyright": false,
    "date_taken": "2015-12-03T16:20:30.844Z",
    "author": null,
    "_height": 400,
    "_width": 400,
    "must_always_publish_author_credit": false,
    "default_alt_text": null,
    "default_caption": null
  },
  "model": "filer.image",
  "pk": 65
},
{
  "fields": {
    "subject_location": null,
    "must_always_publish_copyright": false,
    "date_taken": "2015-12-03T16:20:36.222Z",
    "author": null,
    "_height": 400,
    "_width": 400,
    "must_always_publish_author_credit": false,
    "default_alt_text": null,
    "default_caption": null
  },
  "model": "filer.image",
  "pk": 66
},
{
  "fields": {
    "subject_location": null,
    "must_always_publish_copyright": false,
    "date_taken": "2015-12-03T16:20:51.097Z",
    "author": null,
    "_height": 400,
    "_width": 400,
    "must_always_publish_author_credit": false,
    "default_alt_text": null,
    "default_caption": null
  },
  "model": "filer.image",
  "pk": 67
},
{
  "fields": {
    "subject_location": null,
    "must_always_publish_copyright": false,
    "date_taken": "2015-12-03T16:20:56.675Z",
    "author": null,
    "_height": 400,
    "_width": 400,
    "must_always_publish_author_credit": false,
    "default_alt_text": null,
    "default_caption": null
  },
  "model": "filer.image",
  "pk": 68
},
{
  "fields": {
    "subject_location": null,
    "must_always_publish_copyright": false,
    "date_taken": "2015-12-04T10:51:58.699Z",
    "author": null,
    "_height": 1473,
    "_width": 1499,
    "must_always_publish_author_credit": false,
    "default_alt_text": null,
    "default_caption": null
  },
  "model": "filer.image",
  "pk": 77
},
{
  "fields": {
    "subject_location": null,
    "must_always_publish_copyright": false,
    "date_taken": "2015-12-04T10:52:05.953Z",
    "author": null,
    "_height": 1473,
    "_width": 1499,
    "must_always_publish_author_credit": false,
    "default_alt_text": null,
    "default_caption": null
  },
  "model": "filer.image",
  "pk": 78
},
{
  "fields": {
    "subject_location": null,
    "must_always_publish_copyright": false,
    "date_taken": "2015-12-04T10:58:49.317Z",
    "author": null,
    "_height": 393,
    "_width": 400,
    "must_always_publish_author_credit": false,
    "default_alt_text": null,
    "default_caption": null
  },
  "model": "filer.image",
  "pk": 79
},
{
  "fields": {
    "subject_location": null,
    "must_always_publish_copyright": false,
    "date_taken": "2015-12-04T10:58:55.980Z",
    "author": null,
    "_height": 393,
    "_width": 400,
    "must_always_publish_author_credit": false,
    "default_alt_text": null,
    "default_caption": null
  },
  "model": "filer.image",
  "pk": 80
},
{
  "fields": {
    "subject_location": null,
    "must_always_publish_copyright": false,
    "date_taken": "2015-12-04T10:59:03.685Z",
    "author": null,
    "_height": 393,
    "_width": 400,
    "must_always_publish_author_credit": false,
    "default_alt_text": null,
    "default_caption": null
  },
  "model": "filer.image",
  "pk": 81
},
{
  "fields": {
    "subject_location": null,
    "must_always_publish_copyright": false,
    "date_taken": "2015-12-04T10:59:10.007Z",
    "author": null,
    "_height": 393,
    "_width": 400,
    "must_always_publish_author_credit": false,
    "default_alt_text": null,
    "default_caption": null
  },
  "model": "filer.image",
  "pk": 82
},
{
  "fields": {
    "supplement": "",
    "customer": 1,
    "street": "Lie Street",
    "country": "GB",
    "priority_shipping": 0,
    "addressee": "John Does",
    "priority_billing": null,
    "location": "London",
    "zip_code": "987987"
  },
  "model": "myshop.address",
  "pk": 1
},
{
  "fields": {
    "status": "awaiting_payment",
    "_total": "8.99",
    "stored_request": "{\"absolute_base_uri\":\"http://localhost:8089/\",\"user_agent\":\"Mozilla/5.0 (Macintosh; Intel Mac OS X 10_10_5) AppleWebKit/537.36 (KHTML, like Gecko) Chrome/49.0.2612.0 Safari/537.36\",\"language\":\"en\",\"remote_ip\":\"127.0.0.1\"}",
    "extra": "{\"rows\":[[\"cartexcludedtaxmodifier\",{\"amount\":\"\\u20ac 0.64\",\"label\":\"19% V.A.T incl.\"}],[\"postal-shipping\",{\"amount\":\"\\u20ac 5.00\",\"label\":\"Shipping costs\"}]],\"shipping_modifier\":\"postal-shipping\",\"payment_modifier\":\"pay-in-advance\",\"annotation\":\"\"}",
    "created_at": "2016-01-15T15:54:57.861Z",
    "updated_at": "2016-01-15T15:54:57.921Z",
    "_subtotal": "3.99",
    "number": 201600001,
    "currency": "EUR",
    "billing_address_text": "John Does\nLie Street\n987987 London\nUnited Kingdom",
    "shipping_address_text": "John Does\nLie Street\n987987 London\nUnited Kingdom",
    "customer": 1
  },
  "model": "myshop.order",
  "pk": 1
},
{
  "fields": {
    "customer": 1,
    "billing_address": 1,
    "extra": "{\"shipping_modifier\":\"postal-shipping\",\"annotation\":\"\",\"payment_modifier\":\"pay-in-advance\"}",
    "created_at": "2015-12-01T22:13:27.652Z",
    "updated_at": "2016-01-15T15:54:57.825Z",
    "shipping_address": 1
  },
  "model": "myshop.cart",
  "pk": 1
},
{
  "fields": {
    "salutation": "mrs",
    "last_access": "2016-01-15T17:05:35.254Z",
    "number": 1,
    "recognized": 2,
    "extra": "{}"
  },
  "model": "myshop.customer",
  "pk": 1
},
{
  "fields": {
    "product": 1,
    "_unit_price": "3.99",
    "_line_total": "3.99",
    "extra": "{\"rows\":[]}",
    "order": 1,
    "product_code": "1041",
    "product_name": "SDHC Card 4GB",
    "quantity": 1
  },
  "model": "myshop.orderitem",
  "pk": 1
},
{
  "fields": {
    "name": "SanDisk"
  },
  "model": "myshop.manufacturer",
  "pk": 1
},
{
  "fields": {
    "product": 1,
    "page": 18
  },
  "model": "myshop.productpage",
  "pk": 1
},
{
  "fields": {
    "product": 2,
    "page": 18
  },
  "model": "myshop.productpage",
  "pk": 2
},
{
  "fields": {
    "product": 2,
    "page": 18
  },
  "model": "myshop.productpage",
  "pk": 3
},
{
  "fields": {
    "product": 3,
    "page": 18
  },
  "model": "myshop.productpage",
  "pk": 4
},
{
  "fields": {
    "product": 5,
    "page": 18
  },
  "model": "myshop.productpage",
  "pk": 5
},
{
  "fields": {
    "product": 6,
    "page": 18
  },
  "model": "myshop.productpage",
  "pk": 6
},
{
  "fields": {
    "product": 7,
    "page": 18
  },
  "model": "myshop.productpage",
  "pk": 7
},
{
  "fields": {
    "product": 8,
    "page": 18
  },
  "model": "myshop.productpage",
  "pk": 8
},
{
  "fields": {
    "product": 12,
    "page": 18
  },
  "model": "myshop.productpage",
  "pk": 9
},
{
  "fields": {
    "product": 15,
    "page": 18
  },
  "model": "myshop.productpage",
  "pk": 10
},
{
  "fields": {
    "product": 16,
    "page": 18
  },
  "model": "myshop.productpage",
  "pk": 11
},
{
  "fields": {
    "product": 12,
    "page": 18
  },
  "model": "myshop.productpage",
  "pk": 12
},
{
  "fields": {
    "product": 14,
    "page": 18
  },
  "model": "myshop.productpage",
  "pk": 13
},
{
  "fields": {
    "product": 20,
    "page": 18
  },
  "model": "myshop.productpage",
  "pk": 14
},
{
  "fields": {
    "product": 25,
    "page": 18
  },
  "model": "myshop.productpage",
  "pk": 15
},
{
  "fields": {
    "product": 26,
    "page": 18
  },
  "model": "myshop.productpage",
  "pk": 16
},
{
  "fields": {
    "product": 27,
    "page": 18
  },
  "model": "myshop.productpage",
  "pk": 17
},
{
  "fields": {
    "product": 28,
    "page": 18
  },
  "model": "myshop.productpage",
  "pk": 18
},
{
  "fields": {
    "product": 29,
    "page": 18
  },
  "model": "myshop.productpage",
  "pk": 19
},
{
  "fields": {
    "product": 31,
    "page": 18
  },
  "model": "myshop.productpage",
  "pk": 22
},
{
  "fields": {
    "product": 31,
    "page": 18
  },
  "model": "myshop.productpage",
  "pk": 23
},
{
  "fields": {
    "product": 32,
    "page": 18
  },
  "model": "myshop.productpage",
  "pk": 24
},
{
  "fields": {
    "product": 31,
    "page": 18
  },
  "model": "myshop.productpage",
  "pk": 25
},
{
  "fields": {
    "product": 33,
    "page": 18
  },
  "model": "myshop.productpage",
  "pk": 26
},
{
  "fields": {
    "product": 25,
    "page": 18
  },
  "model": "myshop.productpage",
  "pk": 27
},
{
  "fields": {
    "product": 26,
    "page": 18
  },
  "model": "myshop.productpage",
  "pk": 28
},
{
  "fields": {
    "product": 27,
    "page": 18
  },
  "model": "myshop.productpage",
  "pk": 29
},
{
  "fields": {
    "product": 28,
    "page": 18
  },
  "model": "myshop.productpage",
  "pk": 30
},
{
  "fields": {
    "product": 29,
    "page": 18
  },
  "model": "myshop.productpage",
  "pk": 31
},
{
  "fields": {
    "product": 34,
    "page": 18
  },
  "model": "myshop.productpage",
  "pk": 32
},
{
  "fields": {
    "product": 35,
    "page": 18
  },
  "model": "myshop.productpage",
  "pk": 33
},
{
  "fields": {
    "product": 36,
    "page": 18
  },
  "model": "myshop.productpage",
  "pk": 34
},
{
  "fields": {
    "product": 38,
    "page": 18
  },
  "model": "myshop.productpage",
  "pk": 35
},
{
  "fields": {
    "product": 40,
    "page": 18
  },
  "model": "myshop.productpage",
  "pk": 36
},
{
  "fields": {
    "product": 41,
    "page": 18
  },
  "model": "myshop.productpage",
  "pk": 37
},
{
  "fields": {
    "product": 43,
    "page": 18
  },
  "model": "myshop.productpage",
  "pk": 38
},
{
  "fields": {
    "product": 44,
    "page": 18
  },
  "model": "myshop.productpage",
  "pk": 39
},
{
  "fields": {
    "product": 4,
    "page": 18
  },
  "model": "myshop.productpage",
  "pk": 40
},
{
  "fields": {
    "product": 9,
    "page": 18
  },
  "model": "myshop.productpage",
  "pk": 41
},
{
  "fields": {
    "product": 10,
    "page": 18
  },
  "model": "myshop.productpage",
  "pk": 42
},
{
  "fields": {
    "product": 11,
    "page": 18
  },
  "model": "myshop.productpage",
  "pk": 43
},
{
  "fields": {
    "product": 17,
    "page": 18
  },
  "model": "myshop.productpage",
  "pk": 44
},
{
  "fields": {
    "product": 18,
    "page": 18
  },
  "model": "myshop.productpage",
  "pk": 45
},
{
  "fields": {
    "product": 19,
    "page": 18
  },
  "model": "myshop.productpage",
  "pk": 46
},
{
  "fields": {
    "product": 23,
    "page": 18
  },
  "model": "myshop.productpage",
  "pk": 47
},
{
  "fields": {
    "product": 24,
    "page": 18
  },
  "model": "myshop.productpage",
  "pk": 48
},
{
  "fields": {
    "product": 13,
    "page": 18
  },
  "model": "myshop.productpage",
  "pk": 49
},
{
  "fields": {
    "product": 21,
    "page": 18
  },
  "model": "myshop.productpage",
  "pk": 50
},
{
  "fields": {
    "product": 22,
    "page": 18
  },
  "model": "myshop.productpage",
  "pk": 51
},
{
  "fields": {
    "product": 4,
    "page": 18
  },
  "model": "myshop.productpage",
  "pk": 52
},
{
  "fields": {
    "product": 13,
    "page": 18
  },
  "model": "myshop.productpage",
  "pk": 53
},
{
  "fields": {
    "product": 16,
    "page": 18
  },
  "model": "myshop.productpage",
  "pk": 54
},
{
  "fields": {
    "product": 15,
    "page": 18
  },
  "model": "myshop.productpage",
  "pk": 55
},
{
  "fields": {
    "product": 17,
    "page": 18
  },
  "model": "myshop.productpage",
  "pk": 56
},
{
  "fields": {
    "product": 18,
    "page": 18
  },
  "model": "myshop.productpage",
  "pk": 57
},
{
  "fields": {
    "product": 19,
    "page": 18
  },
  "model": "myshop.productpage",
  "pk": 58
},
{
  "fields": {
    "product": 21,
    "page": 18
  },
  "model": "myshop.productpage",
  "pk": 59
},
{
  "fields": {
    "product": 22,
    "page": 18
  },
  "model": "myshop.productpage",
  "pk": 60
},
{
  "fields": {
    "product": 23,
    "page": 18
  },
  "model": "myshop.productpage",
  "pk": 61
},
{
  "fields": {
    "product": 24,
    "page": 18
  },
  "model": "myshop.productpage",
  "pk": 62
},
{
  "fields": {
    "product": 1,
    "image": 8,
    "order": 0
  },
  "model": "myshop.productimage",
  "pk": 1
},
{
  "fields": {
    "product": 2,
    "image": 9,
    "order": 0
  },
  "model": "myshop.productimage",
  "pk": 2
},
{
  "fields": {
    "product": 3,
    "image": 10,
    "order": 0
  },
  "model": "myshop.productimage",
  "pk": 3
},
{
  "fields": {
    "product": 5,
    "image": 12,
    "order": 0
  },
  "model": "myshop.productimage",
  "pk": 4
},
{
  "fields": {
    "product": 6,
    "image": 13,
    "order": 0
  },
  "model": "myshop.productimage",
  "pk": 5
},
{
  "fields": {
    "product": 7,
    "image": 14,
    "order": 0
  },
  "model": "myshop.productimage",
  "pk": 6
},
{
  "fields": {
    "product": 8,
    "image": 15,
    "order": 0
  },
  "model": "myshop.productimage",
  "pk": 7
},
{
  "fields": {
    "product": 12,
    "image": 19,
    "order": 0
  },
  "model": "myshop.productimage",
  "pk": 8
},
{
  "fields": {
    "product": 15,
    "image": 24,
    "order": 0
  },
  "model": "myshop.productimage",
  "pk": 9
},
{
  "fields": {
    "product": 16,
    "image": 26,
    "order": 0
  },
  "model": "myshop.productimage",
  "pk": 10
},
{
  "fields": {
    "product": 14,
    "image": 44,
    "order": 0
  },
  "model": "myshop.productimage",
  "pk": 11
},
{
  "fields": {
    "product": 20,
    "image": 22,
    "order": 0
  },
  "model": "myshop.productimage",
  "pk": 12
},
{
  "fields": {
    "product": 25,
    "image": 30,
    "order": 0
  },
  "model": "myshop.productimage",
  "pk": 13
},
{
  "fields": {
    "product": 26,
    "image": 31,
    "order": 0
  },
  "model": "myshop.productimage",
  "pk": 14
},
{
  "fields": {
    "product": 27,
    "image": 32,
    "order": 0
  },
  "model": "myshop.productimage",
  "pk": 15
},
{
  "fields": {
    "product": 28,
    "image": 35,
    "order": 0
  },
  "model": "myshop.productimage",
  "pk": 16
},
{
  "fields": {
    "product": 29,
    "image": 36,
    "order": 0
  },
  "model": "myshop.productimage",
  "pk": 17
},
{
  "fields": {
    "product": 31,
    "image": 33,
    "order": 0
  },
  "model": "myshop.productimage",
  "pk": 19
},
{
  "fields": {
    "product": 32,
    "image": 34,
    "order": 0
  },
  "model": "myshop.productimage",
  "pk": 20
},
{
  "fields": {
    "product": 33,
    "image": 37,
    "order": 0
  },
  "model": "myshop.productimage",
  "pk": 21
},
{
  "fields": {
    "product": 34,
    "image": 38,
    "order": 0
  },
  "model": "myshop.productimage",
  "pk": 22
},
{
  "fields": {
    "product": 35,
    "image": 39,
    "order": 0
  },
  "model": "myshop.productimage",
  "pk": 23
},
{
  "fields": {
    "product": 36,
    "image": 40,
    "order": 0
  },
  "model": "myshop.productimage",
  "pk": 24
},
{
  "fields": {
    "product": 38,
    "image": 41,
    "order": 0
  },
  "model": "myshop.productimage",
  "pk": 25
},
{
  "fields": {
    "product": 40,
    "image": 42,
    "order": 0
  },
  "model": "myshop.productimage",
  "pk": 26
},
{
  "fields": {
    "product": 41,
    "image": 46,
    "order": 0
  },
  "model": "myshop.productimage",
  "pk": 27
},
{
  "fields": {
    "product": 43,
    "image": 43,
    "order": 0
  },
  "model": "myshop.productimage",
  "pk": 28
},
{
  "fields": {
    "product": 44,
    "image": 47,
    "order": 0
  },
  "model": "myshop.productimage",
  "pk": 29
},
{
  "fields": {
    "product": 9,
    "image": 16,
    "order": 1
  },
  "model": "myshop.productimage",
  "pk": 30
},
{
  "fields": {
    "product": 10,
    "image": 17,
    "order": 1
  },
  "model": "myshop.productimage",
  "pk": 31
},
{
  "fields": {
    "product": 11,
    "image": 18,
    "order": 1
  },
  "model": "myshop.productimage",
  "pk": 32
},
{
  "fields": {
    "product": 4,
    "image": 11,
    "order": 1
  },
  "model": "myshop.productimage",
  "pk": 33
},
{
  "fields": {
    "product": 13,
    "image": 21,
    "order": 1
  },
  "model": "myshop.productimage",
  "pk": 34
},
{
  "fields": {
    "product": 17,
    "image": 27,
    "order": 1
  },
  "model": "myshop.productimage",
  "pk": 35
},
{
  "fields": {
    "product": 18,
    "image": 28,
    "order": 1
  },
  "model": "myshop.productimage",
  "pk": 36
},
{
  "fields": {
    "product": 19,
    "image": 29,
    "order": 1
  },
  "model": "myshop.productimage",
  "pk": 37
},
{
  "fields": {
    "product": 21,
    "image": 23,
    "order": 1
  },
  "model": "myshop.productimage",
  "pk": 38
},
{
  "fields": {
    "product": 22,
    "image": 25,
    "order": 1
  },
  "model": "myshop.productimage",
  "pk": 39
},
{
  "fields": {
    "product": 23,
    "image": 56,
    "order": 1
  },
  "model": "myshop.productimage",
  "pk": 40
},
{
  "fields": {
    "product": 24,
    "image": 57,
    "order": 1
  },
  "model": "myshop.productimage",
  "pk": 41
},
{
  "fields": {
    "product_code": "1041",
    "description": "<p>SanDisk SDHC and SDXC memory cards are great choices to capture and store your favorite pictures and videos on standard point and shoot cameras. SanDisk SDHC and SDXC memory cards are compatible with cameras, laptops, tablets, and other devices that support the SDHC and SDXC formats, and are capable of recording hours of HD video (720p).</p>\n",
    "order": 1,
    "created_at": "2015-11-25T23:25:21.739Z",
    "storage": 4,
    "updated_at": "2015-12-04T15:27:06.769Z",
    "unit_price": 3.99,
    "slug": "sdhc-card-4gb",
    "card_type": "SDHC",
    "active": true,
    "manufacturer": 1,
    "speed": "4",
    "product_name": "SDHC Card 4GB",
    "polymorphic_ctype": [
      "myshop",
      "smartcard"
    ]
  },
  "model": "myshop.smartcard",
  "pk": 1
},
{
  "fields": {
    "product_code": "1001",
    "description": "<p>SanDisk SDHC and SDXC memory cards are great choices to capture and store your favorite pictures and videos on standard point and shoot cameras. SanDisk SDHC and SDXC memory cards are compatible with cameras, laptops, tablets, and other devices that support the SDHC and SDXC formats, and are capable of recording hours of HD video (720p).</p>\n",
    "order": 2,
    "created_at": "2015-11-25T23:25:21.739Z",
    "storage": 8,
    "updated_at": "2015-12-02T12:29:13.141Z",
    "unit_price": 5.99,
    "slug": "sdhc-card-8gb",
    "card_type": "SDHC",
    "active": true,
    "manufacturer": 1,
    "speed": "4",
    "product_name": "SDHC Card 8GB",
    "polymorphic_ctype": [
      "myshop",
      "smartcard"
    ]
  },
  "model": "myshop.smartcard",
  "pk": 2
},
{
  "fields": {
    "product_code": "1002",
    "description": "<p>SanDisk SDHC and SDXC memory cards are great choices to capture and store your favorite pictures and videos on standard point and shoot cameras. SanDisk SDHC and SDXC memory cards are compatible with cameras, laptops, tablets, and other devices that support the SDHC and SDXC formats, and are capable of recording hours of HD video (720p).</p>\n",
    "order": 3,
    "created_at": "2015-11-25T23:25:21.739Z",
    "storage": 16,
    "updated_at": "2015-12-02T12:29:13.142Z",
    "unit_price": 7.99,
    "slug": "sdhc-card-16gb",
    "card_type": "SDHC",
    "active": true,
    "manufacturer": 1,
    "speed": "4",
    "product_name": "SDHC Card 16GB",
    "polymorphic_ctype": [
      "myshop",
      "smartcard"
    ]
  },
  "model": "myshop.smartcard",
  "pk": 3
},
{
  "fields": {
    "product_code": "1003",
    "description": "<p>SanDisk SDHC and SDXC memory cards are great choices to capture and store your favorite pictures and videos on standard point and shoot cameras. SanDisk SDHC and SDXC memory cards are compatible with cameras, laptops, tablets, and other devices that support the SDHC and SDXC formats, and are capable of recording hours of HD video (720p).\u00a0</p>\n",
    "order": 4,
    "created_at": "2015-11-25T23:25:21.739Z",
    "storage": 32,
    "updated_at": "2015-12-04T15:40:11.725Z",
    "unit_price": 9.99,
    "slug": "sdhc-card-32gb",
    "card_type": "SDHC",
    "active": true,
    "manufacturer": 1,
    "speed": "4",
    "product_name": "SDHC Card 32GB",
    "polymorphic_ctype": [
      "myshop",
      "smartcard"
    ]
  },
  "model": "myshop.smartcard",
  "pk": 4
},
{
  "fields": {
    "product_code": "1004",
    "description": "<p>SanDisk SDHC and SDXC memory cards are great choices to capture and store your favorite pictures and videos on standard point and shoot cameras. SanDisk SDHC and SDXC memory cards are compatible with cameras, laptops, tablets, and other devices that support the SDHC and SDXC formats, and are capable of recording hours of HD video (720p).\u00a0</p>\n",
    "order": 5,
    "created_at": "2015-11-25T23:25:21.739Z",
    "storage": 64,
    "updated_at": "2015-12-02T12:29:13.144Z",
    "unit_price": 13.99,
    "slug": "sdxc-card-64gb",
    "card_type": "SDXC",
    "active": true,
    "manufacturer": 1,
    "speed": "4",
    "product_name": "SDXC Card 64GB",
    "polymorphic_ctype": [
      "myshop",
      "smartcard"
    ]
  },
  "model": "myshop.smartcard",
  "pk": 5
},
{
  "fields": {
    "product_code": "1005",
    "description": "<p>Extreme sports require extreme readiness. SanDisk Extreme PLUS microSDHC and microSDXC UHS-I cards deliver the speed, capacity, durability, and quality you need to make sure your adventure is captured in stunning detail, even if you blink on the way down. Now rated UHS Speed Class 3 (U3)2, this fast, high-performing card teams up with your action camera to let you capture and share unforgettable extreme sports video. Available in capacities from 16GB to 64GB.</p>\n",
    "order": 6,
    "created_at": "2015-11-25T23:25:21.739Z",
    "storage": 16,
    "updated_at": "2015-12-02T12:29:13.144Z",
    "unit_price": 8.49,
    "slug": "extreme-plus-micro-sdhc-16gb",
    "card_type": "micro SDHC",
    "active": true,
    "manufacturer": 1,
    "speed": "80",
    "product_name": "EXTREME PLUS microSDHC 16GB",
    "polymorphic_ctype": [
      "myshop",
      "smartcard"
    ]
  },
  "model": "myshop.smartcard",
  "pk": 6
},
{
  "fields": {
    "product_code": "1006",
    "description": "<p>Extreme sports require extreme readiness. SanDisk Extreme PLUS microSDHC and microSDXC UHS-I cards deliver the speed, capacity, durability, and quality you need to make sure your adventure is captured in stunning detail, even if you blink on the way down. Now rated UHS Speed Class 3 (U3)2, this fast, high-performing card teams up with your action camera to let you capture and share unforgettable extreme sports video. Available in capacities from 16GB to 64GB.</p>\n",
    "order": 7,
    "created_at": "2015-11-25T23:25:21.739Z",
    "storage": 32,
    "updated_at": "2015-12-02T12:29:13.145Z",
    "unit_price": 11.49,
    "slug": "extreme-plus-micro-sdhc-32gb",
    "card_type": "micro SDHC",
    "active": true,
    "manufacturer": 1,
    "speed": "80",
    "product_name": "EXTREME PLUS microSDHC 32GB",
    "polymorphic_ctype": [
      "myshop",
      "smartcard"
    ]
  },
  "model": "myshop.smartcard",
  "pk": 7
},
{
  "fields": {
    "product_code": "1007",
    "description": "<p>Extreme sports require extreme readiness. SanDisk Extreme PLUS microSDHC and microSDXC UHS-I cards deliver the speed, capacity, durability, and quality you need to make sure your adventure is captured in stunning detail, even if you blink on the way down. Now rated UHS Speed Class 3 (U3)2, this fast, high-performing card teams up with your action camera to let you capture and share unforgettable extreme sports video. Available in capacities from 16GB to 64GB.</p>\n",
    "order": 8,
    "created_at": "2015-11-25T23:25:21.739Z",
    "storage": 64,
    "updated_at": "2015-12-02T12:29:13.146Z",
    "unit_price": 14.49,
    "slug": "extreme-plus-micro-sdxc-64gb",
    "card_type": "micro SDXC",
    "active": true,
    "manufacturer": 1,
    "speed": "80",
    "product_name": "EXTREME PLUS microSDXC 64GB",
    "polymorphic_ctype": [
      "myshop",
      "smartcard"
    ]
  },
  "model": "myshop.smartcard",
  "pk": 8
},
{
  "fields": {
    "product_code": "1008",
    "description": "<p>SanDisk Extreme PLUS SDHC and SDXC UHS-I memory cards offer enough speed, capacity, and durability to meet the demands of advanced photographers and passionate shutterbugs alike. Ideal for use with advanced cameras and HD camcorders, this card offers data speeds up to ten times faster than an ordinary memory card1 ensuring you'll never miss the moment.</p>",
    "order": 9,
    "created_at": "2015-11-25T23:25:21.739Z",
    "storage": 16,
    "updated_at": "2015-12-04T15:33:20.439Z",
    "unit_price": 8.49,
    "slug": "extreme-plus-sdhc-16gb",
    "card_type": "SDHC",
    "active": true,
    "manufacturer": 1,
    "speed": "80",
    "product_name": "EXTREME PLUS SDHC 16GB",
    "polymorphic_ctype": [
      "myshop",
      "smartcard"
    ]
  },
  "model": "myshop.smartcard",
  "pk": 9
},
{
  "fields": {
    "product_code": "1009",
    "description": "<p>SanDisk Extreme PLUS SDHC and SDXC UHS-I memory cards offer enough speed, capacity, and durability to meet the demands of advanced photographers and passionate shutterbugs alike. Ideal for use with advanced cameras and HD camcorders, this card offers data speeds up to ten times faster than an ordinary memory card1 ensuring you'll never miss the moment.</p>",
    "order": 10,
    "created_at": "2015-11-25T23:25:21.739Z",
    "storage": 32,
    "updated_at": "2015-12-04T15:33:37.897Z",
    "unit_price": 10.49,
    "slug": "extreme-plus-sdhc-32gb",
    "card_type": "SDHC",
    "active": true,
    "manufacturer": 1,
    "speed": "80",
    "product_name": "EXTREME PLUS SDHC 32GB",
    "polymorphic_ctype": [
      "myshop",
      "smartcard"
    ]
  },
  "model": "myshop.smartcard",
  "pk": 10
},
{
  "fields": {
    "product_code": "1010",
    "description": "<p>SanDisk Extreme PLUS SDHC and SDXC UHS-I memory cards offer enough speed, capacity, and durability to meet the demands of advanced photographers and passionate shutterbugs alike. Ideal for use with advanced cameras and HD camcorders, this card offers data speeds up to ten times faster than an ordinary memory card1 ensuring you'll never miss the moment.</p>",
    "order": 11,
    "created_at": "2015-11-25T23:25:21.739Z",
    "storage": 64,
    "updated_at": "2015-12-04T15:33:56.154Z",
    "unit_price": 13.79,
    "slug": "extreme-plus-sdhc-64gb",
    "card_type": "SDXC",
    "active": true,
    "manufacturer": 1,
    "speed": "80",
    "product_name": "EXTREME PLUS SDXC 64GB",
    "polymorphic_ctype": [
      "myshop",
      "smartcard"
    ]
  },
  "model": "myshop.smartcard",
  "pk": 11
},
{
  "fields": {
    "product_code": "1011",
    "description": "<p>SanDisk Extreme PRO microSDHC/microSDXC UHS-I memory cards now come with up to 64GB1 of storage for uncompromising smartphone, tablet and camera performance. Capture 4K Ultra HD and Full HD videos2 and enjoy transfer speeds of up to 95MB/s3 so you can shoot like a pro and still experience world-class responsiveness from your phone. Class 10 and UHS Speed Class 3 (U3)4 ratings mean your videos can meet today's highest resolution standards.</p>\n",
    "order": 12,
    "created_at": "2015-11-25T23:25:21.739Z",
    "storage": 32,
    "updated_at": "2015-12-02T12:29:13.148Z",
    "unit_price": 12.99,
    "slug": "extreme-pro-micro-sdhc-32gb",
    "card_type": "micro SDXC",
    "active": true,
    "manufacturer": 1,
    "speed": "95",
    "product_name": "Extreme PRO microSDHC 32GB",
    "polymorphic_ctype": [
      "myshop",
      "smartcard"
    ]
  },
  "model": "myshop.smartcard",
  "pk": 12
},
{
  "fields": {
    "product_code": "1012",
    "description": "<p>SanDisk Extreme PRO microSDHC/microSDXC UHS-I memory cards now come with up to 64GB1 of storage for uncompromising smartphone, tablet and camera performance. Capture 4K Ultra HD and Full HD videos2 and enjoy transfer speeds of up to 95MB/s3 so you can shoot like a pro and still experience world-class responsiveness from your phone. Class 10 and UHS Speed Class 3 (U3)4 ratings mean your videos can meet today's highest resolution standards.</p>",
    "order": 13,
    "created_at": "2015-11-25T23:25:21.739Z",
    "storage": 64,
    "updated_at": "2015-12-04T15:41:37.506Z",
    "unit_price": 16.99,
    "slug": "extreme-pro-micro-sdxc-16gb",
    "card_type": "SDXC",
    "active": true,
    "manufacturer": 1,
    "speed": "95",
    "product_name": "Extreme PRO microSDXC 64GB",
    "polymorphic_ctype": [
      "myshop",
      "smartcard"
    ]
  },
  "model": "myshop.smartcard",
  "pk": 13
},
{
  "fields": {
    "product_code": "1013",
    "description": "<p>With write speeds up to 90 MB/s1 and recording at the UHS Speed Class 3 (U3)2 . Our most powerful, highest capacity UHS-I SD memory card enables your DSLR, advanced digital or HD video camera3 to deliver high resolution, real-world color and stutter-free video. Transfer speeds up to 95 MB/s1 ensure that your data moves fast for a more efficient post-production workflow.</p>\n",
    "order": 14,
    "created_at": "2015-11-25T23:25:21.739Z",
    "storage": 16,
    "updated_at": "2015-12-02T12:29:13.149Z",
    "unit_price": 9.99,
    "slug": "extreme-pro-sdhc-16gb",
    "card_type": "SDHC",
    "active": true,
    "manufacturer": 1,
    "speed": "95",
    "product_name": "Extreme PRO SDHC 16GB",
    "polymorphic_ctype": [
      "myshop",
      "smartcard"
    ]
  },
  "model": "myshop.smartcard",
  "pk": 14
},
{
  "fields": {
    "product_code": "1014",
    "description": "<p>With write speeds up to 90 MB/s1 and recording at the UHS Speed Class 3 (U3)2 . Our most powerful, highest capacity UHS-I SD memory card enables your DSLR, advanced digital or HD video camera3 to deliver high resolution, real-world color and stutter-free video. Transfer speeds up to 95 MB/s1 ensure that your data moves fast for a more efficient post-production workflow.</p>\n",
    "order": 15,
    "created_at": "2015-11-25T23:25:21.739Z",
    "storage": 32,
    "updated_at": "2015-12-04T15:45:20.804Z",
    "unit_price": 13.99,
    "slug": "extreme-pro-sdhc-32gb",
    "card_type": "SDHC",
    "active": true,
    "manufacturer": 1,
    "speed": "95",
    "product_name": "Extreme PRO SDHC 32GB",
    "polymorphic_ctype": [
      "myshop",
      "smartcard"
    ]
  },
  "model": "myshop.smartcard",
  "pk": 15
},
{
  "fields": {
    "product_code": "1015",
    "description": "<p>With write speeds up to 90 MB/s1 and recording at the UHS Speed Class 3 (U3)2 . Our most powerful, highest capacity UHS-I SD memory card enables your DSLR, advanced digital or HD video camera3 to deliver high resolution, real-world color and stutter-free video. Transfer speeds up to 95 MB/s1 ensure that your data moves fast for a more efficient post-production workflow.</p>\n",
    "order": 16,
    "created_at": "2015-11-25T23:25:21.739Z",
    "storage": 64,
    "updated_at": "2015-12-04T15:44:37.758Z",
    "unit_price": 17.99,
    "slug": "extreme-pro-sdxc-64gb",
    "card_type": "micro SDXC",
    "active": true,
    "manufacturer": 1,
    "speed": "95",
    "product_name": "Extreme PRO SDXC 64GB",
    "polymorphic_ctype": [
      "myshop",
      "smartcard"
    ]
  },
  "model": "myshop.smartcard",
  "pk": 16
},
{
  "fields": {
    "product_code": "1016",
    "description": "<p>With write speeds up to 90 MB/s1 and recording at the UHS Speed Class 3 (U3)2 . Our most powerful, highest capacity UHS-I SD memory card enables your DSLR, advanced digital or HD video camera3 to deliver high resolution, real-world color and stutter-free video. Transfer speeds up to 95 MB/s1 ensure that your data moves fast for a more efficient post-production workflow.</p>",
    "order": 17,
    "created_at": "2015-11-25T23:25:21.739Z",
    "storage": 128,
    "updated_at": "2015-12-04T15:45:53.309Z",
    "unit_price": 24.99,
    "slug": "extreme-pro-sdxc-128gb",
    "card_type": "SDXC",
    "active": true,
    "manufacturer": 1,
    "speed": "95",
    "product_name": "Extreme PRO SDXC 128GB",
    "polymorphic_ctype": [
      "myshop",
      "smartcard"
    ]
  },
  "model": "myshop.smartcard",
  "pk": 17
},
{
  "fields": {
    "product_code": "1017",
    "description": "<p>With write speeds up to 90 MB/s1 and recording at the UHS Speed Class 3 (U3)2 . Our most powerful, highest capacity UHS-I SD memory card enables your DSLR, advanced digital or HD video camera3 to deliver high resolution, real-world color and stutter-free video. Transfer speeds up to 95 MB/s1 ensure that your data moves fast for a more efficient post-production workflow.</p>",
    "order": 18,
    "created_at": "2015-11-25T23:25:21.739Z",
    "storage": 256,
    "updated_at": "2015-12-04T15:46:17.077Z",
    "unit_price": 36.99,
    "slug": "extreme-pro-sdxc-256gb",
    "card_type": "SDXC",
    "active": true,
    "manufacturer": 1,
    "speed": "95",
    "product_name": "Extreme PRO SDXC 256GB",
    "polymorphic_ctype": [
      "myshop",
      "smartcard"
    ]
  },
  "model": "myshop.smartcard",
  "pk": 18
},
{
  "fields": {
    "product_code": "1018",
    "description": "<p>With write speeds up to 90 MB/s1 and recording at the UHS Speed Class 3 (U3)2 . Our most powerful, highest capacity UHS-I SD memory card enables your DSLR, advanced digital or HD video camera3 to deliver high resolution, real-world color and stutter-free video. Transfer speeds up to 95 MB/s1 ensure that your data moves fast for a more efficient post-production workflow.</p>",
    "order": 19,
    "created_at": "2015-11-25T23:25:21.739Z",
    "storage": 512,
    "updated_at": "2015-12-04T15:46:32.069Z",
    "unit_price": 63.99,
    "slug": "extreme-pro-sdxc-512gb",
    "card_type": "SDXC",
    "active": true,
    "manufacturer": 1,
    "speed": "95",
    "product_name": "Extreme PRO SDXC 512GB",
    "polymorphic_ctype": [
      "myshop",
      "smartcard"
    ]
  },
  "model": "myshop.smartcard",
  "pk": 19
},
{
  "fields": {
    "product_code": "1019",
    "description": "<p>Our fastest SDHC/SDXC memory cards, the SanDisk Extreme PRO SDHC/SDXC UHS-II Memory Cards offer uncompromising read and write speeds professional photographers and videographers require. This memory card delivers exceptional read speeds of up to 280MB/s1 for maximum efficiency and write speeds of up to 250MB/s1 to handle all your camera's advanced modes. Optimized for cameras that support the new UHS-II standard, the card has a UHS Speed Class 3 Rating, the highest available to support 4K, Full HD, and 3D video recording2. And with capacities from 16GB to 64GB3 you\u2019ll never have to worry about running out of space.</p>\n",
    "order": 20,
    "created_at": "2015-11-25T23:25:21.739Z",
    "storage": 16,
    "updated_at": "2015-12-02T12:29:13.153Z",
    "unit_price": 11.59,
    "slug": "extreme-pro-sdhc-II-16gb",
    "card_type": "SDHC II",
    "active": true,
    "manufacturer": 1,
    "speed": "280",
    "product_name": "Extreme PRO SDHC II 16GB",
    "polymorphic_ctype": [
      "myshop",
      "smartcard"
    ]
  },
  "model": "myshop.smartcard",
  "pk": 20
},
{
  "fields": {
    "product_code": "1020",
    "description": "<p>Our fastest SDHC/SDXC memory cards, the SanDisk Extreme PRO SDHC/SDXC UHS-II Memory Cards offer uncompromising read and write speeds professional photographers and videographers require. This memory card delivers exceptional read speeds of up to 280MB/s1 for maximum efficiency and write speeds of up to 250MB/s1 to handle all your camera's advanced modes. Optimized for cameras that support the new UHS-II standard, the card has a UHS Speed Class 3 Rating, the highest available to support 4K, Full HD, and 3D video recording2. And with capacities from 16GB to 64GB3 you\u2019ll never have to worry about running out of space.</p>",
    "order": 21,
    "created_at": "2015-11-25T23:25:21.739Z",
    "storage": 16,
    "updated_at": "2015-12-04T15:48:22.681Z",
    "unit_price": 15.59,
    "slug": "extreme-pro-sdhc-II-32gb",
    "card_type": "SDHC II",
    "active": true,
    "manufacturer": 1,
    "speed": "280",
    "product_name": "Extreme PRO SDHC II 32GB",
    "polymorphic_ctype": [
      "myshop",
      "smartcard"
    ]
  },
  "model": "myshop.smartcard",
  "pk": 21
},
{
  "fields": {
    "product_code": "1021",
    "description": "<p>Our fastest SDHC/SDXC memory cards, the SanDisk Extreme PRO SDHC/SDXC UHS-II Memory Cards offer uncompromising read and write speeds professional photographers and videographers require. This memory card delivers exceptional read speeds of up to 280MB/s1 for maximum efficiency and write speeds of up to 250MB/s1 to handle all your camera's advanced modes. Optimized for cameras that support the new UHS-II standard, the card has a UHS Speed Class 3 Rating, the highest available to support 4K, Full HD, and 3D video recording2. And with capacities from 16GB to 64GB3 you\u2019ll never have to worry about running out of space.</p>",
    "order": 22,
    "created_at": "2015-11-25T23:25:21.739Z",
    "storage": 64,
    "updated_at": "2015-12-04T15:48:42.613Z",
    "unit_price": 21.59,
    "slug": "extreme-pro-sdxc-II-64gb",
    "card_type": "SDHC II",
    "active": true,
    "manufacturer": 1,
    "speed": "280",
    "product_name": "Extreme PRO SDXC II 64GB",
    "polymorphic_ctype": [
      "myshop",
      "smartcard"
    ]
  },
  "model": "myshop.smartcard",
  "pk": 22
},
{
  "fields": {
    "product_code": "1022",
    "description": "<p>Built to stand up to hours of Full HD1 video recording, the SanDisk High Endurance Video Monitoring microSDHC and microSDXC Memory Cards provide the capacity, performance and exceptional reliability today\u2019s home security and dash cams demand. They\u2019re also protected against extreme temperatures, shock, water and x-rays2, so you can be confident the evidence is there when you need it. SanDisk High Endurance Video Monitoring Cards are available in capacities of 32GB and 64GB.</p>",
    "order": 23,
    "created_at": "2015-11-25T23:25:21.739Z",
    "storage": 32,
    "updated_at": "2015-12-04T15:49:19.367Z",
    "unit_price": 8.39,
    "slug": "micro-sdhc-32gb",
    "card_type": "micro SDHC",
    "active": true,
    "manufacturer": 1,
    "speed": "20",
    "product_name": "Micro SDHC 32GB",
    "polymorphic_ctype": [
      "myshop",
      "smartcard"
    ]
  },
  "model": "myshop.smartcard",
  "pk": 23
},
{
  "fields": {
    "product_code": "1023",
    "description": "<p>Built to stand up to hours of Full HD1 video recording, the SanDisk High Endurance Video Monitoring microSDHC and microSDXC Memory Cards provide the capacity, performance and exceptional reliability today\u2019s home security and dash cams demand. They\u2019re also protected against extreme temperatures, shock, water and x-rays2, so you can be confident the evidence is there when you need it. SanDisk High Endurance Video Monitoring Cards are available in capacities of 32GB and 64GB.</p>",
    "order": 24,
    "created_at": "2015-11-25T23:25:21.739Z",
    "storage": 64,
    "updated_at": "2015-12-04T15:49:35.043Z",
    "unit_price": 12.89,
    "slug": "micro-sdhc-64gb",
    "card_type": "micro SDHC",
    "active": true,
    "manufacturer": 1,
    "speed": "20",
    "product_name": "Micro SDHC 64GB",
    "polymorphic_ctype": [
      "myshop",
      "smartcard"
    ]
  },
  "model": "myshop.smartcard",
  "pk": 24
},
{
  "fields": {
    "product_code": "1024",
    "description": "<p>Store lots of photos and Full HD videos\u2014and transfer them quickly to your computer\u2014using SanDisk Ultra SDXC and SDHC UHS-I Memory Cards. Great for compact-to-midrange point-and-shoot digital cameras and camcorders, these memory cards offer read speeds of up to 40 MB/s and are twice as fast as ordinary SDHC cards, allowing you to take pictures and transfer files quickly. SanDisk Ultra SDXC and SDHC UHS-I Memory Cards come with up to 128 GB of storage and are resistant to water, extreme temperatures, x-rays, and shocks. A label allows you to note what's on the card for easy identification.</p>\n",
    "order": 25,
    "created_at": "2015-11-25T23:25:21.739Z",
    "storage": 8,
    "updated_at": "2015-12-02T12:29:13.157Z",
    "unit_price": 7.99,
    "slug": "ultra-hs-sdhc-8gb-40mbps",
    "card_type": "SDHC",
    "active": true,
    "manufacturer": 1,
    "speed": "40",
    "product_name": "Ultra SDHC 8GB 40Mb/s",
    "polymorphic_ctype": [
      "myshop",
      "smartcard"
    ]
  },
  "model": "myshop.smartcard",
  "pk": 25
},
{
  "fields": {
    "product_code": "1025",
    "description": "<p>Store lots of photos and Full HD videos\u2014and transfer them quickly to your computer\u2014using SanDisk Ultra SDXC and SDHC UHS-I Memory Cards. Great for compact-to-midrange point-and-shoot digital cameras and camcorders, these memory cards offer read speeds of up to 40 MB/s and are twice as fast as ordinary SDHC cards, allowing you to take pictures and transfer files quickly. SanDisk Ultra SDXC and SDHC UHS-I Memory Cards come with up to 128 GB of storage and are resistant to water, extreme temperatures, x-rays, and shocks. A label allows you to note what's on the card for easy identification.</p>\n",
    "order": 26,
    "created_at": "2015-11-25T23:25:21.739Z",
    "storage": 16,
    "updated_at": "2015-12-02T12:29:13.157Z",
    "unit_price": 11.99,
    "slug": "ultra-hs-sdhc-16gb-40mbps",
    "card_type": "SDHC",
    "active": true,
    "manufacturer": 1,
    "speed": "40",
    "product_name": "Ultra SDHC 16GB 40MB/s",
    "polymorphic_ctype": [
      "myshop",
      "smartcard"
    ]
  },
  "model": "myshop.smartcard",
  "pk": 26
},
{
  "fields": {
    "product_code": "1026",
    "description": "<p>Store lots of photos and Full HD videos\u2014and transfer them quickly to your computer\u2014using SanDisk Ultra SDXC and SDHC UHS-I Memory Cards. Great for compact-to-midrange point-and-shoot digital cameras and camcorders, these memory cards offer read speeds of up to 40 MB/s and are twice as fast as ordinary SDHC cards, allowing you to take pictures and transfer files quickly. SanDisk Ultra SDXC and SDHC UHS-I Memory Cards come with up to 128 GB of storage and are resistant to water, extreme temperatures, x-rays, and shocks. A label allows you to note what's on the card for easy identification.</p>\n",
    "order": 27,
    "created_at": "2015-11-25T23:25:21.739Z",
    "storage": 32,
    "updated_at": "2015-12-02T12:29:13.158Z",
    "unit_price": 16.99,
    "slug": "ultra-hs-sdhc-32gb-40mbps",
    "card_type": "SDHC",
    "active": true,
    "manufacturer": 1,
    "speed": "40",
    "product_name": "Ultra SDHC 32GB 40Mb/s",
    "polymorphic_ctype": [
      "myshop",
      "smartcard"
    ]
  },
  "model": "myshop.smartcard",
  "pk": 27
},
{
  "fields": {
    "product_code": "1027",
    "description": "<p>Store lots of photos and Full HD videos\u2014and transfer them quickly to your computer\u2014using SanDisk Ultra SDXC and SDHC UHS-I Memory Cards. Great for compact-to-midrange point-and-shoot digital cameras and camcorders, these memory cards offer read speeds of up to 40 MB/s and are twice as fast as ordinary SDHC cards, allowing you to take pictures and transfer files quickly. SanDisk Ultra SDXC and SDHC UHS-I Memory Cards come with up to 128 GB of storage and are resistant to water, extreme temperatures, x-rays, and shocks. A label allows you to note what's on the card for easy identification.</p>\n",
    "order": 28,
    "created_at": "2015-11-25T23:25:21.739Z",
    "storage": 64,
    "updated_at": "2015-12-02T12:29:13.158Z",
    "unit_price": 23.99,
    "slug": "ultra-hs-sdxc-64gb-40mbps",
    "card_type": "SDHC",
    "active": true,
    "manufacturer": 1,
    "speed": "40",
    "product_name": "Ultra SDXC 64GB 40Mb/s",
    "polymorphic_ctype": [
      "myshop",
      "smartcard"
    ]
  },
  "model": "myshop.smartcard",
  "pk": 28
},
{
  "fields": {
    "product_code": "1028",
    "description": "<p>Store lots of photos and Full HD videos\u2014and transfer them quickly to your computer\u2014using SanDisk Ultra SDXC and SDHC UHS-I Memory Cards. Great for compact-to-midrange point-and-shoot digital cameras and camcorders, these memory cards offer read speeds of up to 40 MB/s and are twice as fast as ordinary SDHC cards, allowing you to take pictures and transfer files quickly. SanDisk Ultra SDXC and SDHC UHS-I Memory Cards come with up to 128 GB of storage and are resistant to water, extreme temperatures, x-rays, and shocks. A label allows you to note what's on the card for easy identification.</p>\n",
    "order": 29,
    "created_at": "2015-11-25T23:25:21.739Z",
    "storage": 128,
    "updated_at": "2015-12-02T12:29:13.159Z",
    "unit_price": 29.99,
    "slug": "ultra-hs-sdxc-128gb-40mbps",
    "card_type": "SDHC",
    "active": true,
    "manufacturer": 1,
    "speed": "40",
    "product_name": "Ultra SDXC 128GB 40Mb/s",
    "polymorphic_ctype": [
      "myshop",
      "smartcard"
    ]
  },
  "model": "myshop.smartcard",
  "pk": 29
},
{
  "fields": {
    "product_code": "1029",
    "description": "<p>Take better pictures and Full HD videos with your compact to mid-range point and shoot camera or camcorder. With SanDisk Ultra\u00ae UHS-I cards you\u2019ll benefit from faster downloads and better performance to capture and store up to 64GB of high quality pictures and Full HD video. Take advantage of ultra-fast read speeds of up to 30MB/s to save time moving photos and videos from the card to your computer.</p>\n",
    "order": 31,
    "created_at": "2015-11-25T23:25:21.739Z",
    "storage": 16,
    "updated_at": "2015-12-02T12:29:13.160Z",
    "unit_price": 11.99,
    "slug": "ultra-sdhc-16gb-30mbps",
    "card_type": "SDHC",
    "active": true,
    "manufacturer": 1,
    "speed": "30",
    "product_name": "Ultra SDHC 16GB 30Mb/s",
    "polymorphic_ctype": [
      "myshop",
      "smartcard"
    ]
  },
  "model": "myshop.smartcard",
  "pk": 31
},
{
  "fields": {
    "product_code": "1030",
    "description": "<p>Take better pictures and Full HD videos with your compact to mid-range point and shoot camera or camcorder. With SanDisk Ultra\u00ae UHS-I cards you\u2019ll benefit from faster downloads and better performance to capture and store up to 64GB of high quality pictures and Full HD video. Take advantage of ultra-fast read speeds of up to 30MB/s to save time moving photos and videos from the card to your computer.</p>\n",
    "order": 32,
    "created_at": "2015-11-25T23:25:21.739Z",
    "storage": 32,
    "updated_at": "2015-12-02T12:29:13.160Z",
    "unit_price": 15.99,
    "slug": "ultra-sdhc-32gb-30mbps",
    "card_type": "SDHC",
    "active": true,
    "manufacturer": 1,
    "speed": "30",
    "product_name": "Ultra SDHC 32GB 30Mb/s",
    "polymorphic_ctype": [
      "myshop",
      "smartcard"
    ]
  },
  "model": "myshop.smartcard",
  "pk": 32
},
{
  "fields": {
    "product_code": "1031",
    "description": "<p>Take better pictures and Full HD videos with your compact to mid-range point and shoot camera or camcorder. With SanDisk Ultra\u00ae UHS-I cards you\u2019ll benefit from faster downloads and better performance to capture and store up to 64GB of high quality pictures and Full HD video. Take advantage of ultra-fast read speeds of up to 30MB/s to save time moving photos and videos from the card to your computer.</p>\n",
    "order": 33,
    "created_at": "2015-11-25T23:25:21.739Z",
    "storage": 64,
    "updated_at": "2015-12-02T12:29:13.161Z",
    "unit_price": 19.99,
    "slug": "ultra-sdxc-64gb-30mbps",
    "card_type": "SDXC",
    "active": true,
    "manufacturer": 1,
    "speed": "30",
    "product_name": "Ultra SDXC 64GB 30Mb/s",
    "polymorphic_ctype": [
      "myshop",
      "smartcard"
    ]
  },
  "model": "myshop.smartcard",
  "pk": 33
},
{
  "fields": {
    "product_code": "1032",
    "description": "<p>Shoot and save more high-quality photos and Full HD video2 on your Android smartphone or tablet with SanDisk Ultra PLUS microSDHC\u2122 and microSDXC\u2122 UHS-I Cards. With storage capacities up to 128GB3, you can take more photos and videos without worrying about running out of space.</p>\n",
    "order": 34,
    "created_at": "2015-11-25T23:25:21.739Z",
    "storage": 16,
    "updated_at": "2015-12-02T12:29:13.162Z",
    "unit_price": 7.89,
    "slug": "ultra-sdhc-micro-16gb",
    "card_type": "micro SDHC",
    "active": true,
    "manufacturer": 1,
    "speed": "48",
    "product_name": "Ultra PLUS micro SDHC 16GB",
    "polymorphic_ctype": [
      "myshop",
      "smartcard"
    ]
  },
  "model": "myshop.smartcard",
  "pk": 34
},
{
  "fields": {
    "product_code": "1033",
    "description": "<p>Shoot and save more high-quality photos and Full HD video2 on your Android smartphone or tablet with SanDisk Ultra PLUS microSDHC\u2122 and microSDXC\u2122 UHS-I Cards. With storage capacities up to 128GB3, you can take more photos and videos without worrying about running out of space.</p>\n",
    "order": 35,
    "created_at": "2015-11-25T23:25:21.739Z",
    "storage": 32,
    "updated_at": "2015-12-02T12:29:13.162Z",
    "unit_price": 11.79,
    "slug": "ultra-sdhc-micro-32gb",
    "card_type": "micro SDHC",
    "active": true,
    "manufacturer": 1,
    "speed": "48",
    "product_name": "Ultra PLUS micro SDHC 32GB",
    "polymorphic_ctype": [
      "myshop",
      "smartcard"
    ]
  },
  "model": "myshop.smartcard",
  "pk": 35
},
{
  "fields": {
    "product_code": "1034",
    "description": "<p>Shoot and save more high-quality photos and Full HD video on your Android smartphone or tablet with SanDisk Ultra PLUS microSDHC\u2122 and microSDXC\u2122 UHS-I Cards. With storage capacities up to 128GB3, you can take more photos and videos without worrying about running out of space.</p>\n",
    "order": 36,
    "created_at": "2015-11-25T23:25:21.739Z",
    "storage": 32,
    "updated_at": "2015-12-02T12:29:13.163Z",
    "unit_price": 18.79,
    "slug": "ultra-sdhc-micro-64gb",
    "card_type": "micro SDHC",
    "active": true,
    "manufacturer": 1,
    "speed": "48",
    "product_name": "Ultra PLUS micro SDXC 64GB",
    "polymorphic_ctype": [
      "myshop",
      "smartcard"
    ]
  },
  "model": "myshop.smartcard",
  "pk": 36
},
{
  "fields": {
    "product_code": "1035",
    "description": "<p>Shoot and save more high-quality photos and Full HD video on your Android smartphone or tablet with SanDisk Ultra PLUS microSDHC\u2122 and microSDXC\u2122 UHS-I Cards. With storage capacities up to 128GB3, you can take more photos and videos without worrying about running out of space.</p>\n",
    "order": 38,
    "created_at": "2015-11-25T23:25:21.739Z",
    "storage": 128,
    "updated_at": "2015-12-02T12:29:13.164Z",
    "unit_price": 26.79,
    "slug": "ultra-sdxc-micro-128gb",
    "card_type": "micro SDHC",
    "active": true,
    "manufacturer": 1,
    "speed": "48",
    "product_name": "Ultra PLUS micro SDXC 128GB",
    "polymorphic_ctype": [
      "myshop",
      "smartcard"
    ]
  },
  "model": "myshop.smartcard",
  "pk": 38
},
{
  "fields": {
    "product_code": "1036",
    "description": "<p>Store lots of photos and Full HD videos\u2014and transfer them quickly to your computer\u2014using SanDisk Ultra PLUS SDXC and SDHC UHS-I Memory Cards. Great for compact-to-midrange point-and-shoot digital cameras and camcorders, these memory cards offer read speeds of up to 48 MB/s and are twice as fast as ordinary SDHC cards, allowing you to take pictures and transfer files quickly. SanDisk Ultra PLUS SDXC and SDHC UHS-I Memory Cards come with up to 128 GB of storage and are resistant to water, extreme temperatures, x-rays, and shocks. A label allows you to note what's on the card for easy identification.</p>\n",
    "order": 40,
    "created_at": "2015-11-25T23:25:21.739Z",
    "storage": 16,
    "updated_at": "2015-12-02T12:29:13.164Z",
    "unit_price": 9.65,
    "slug": "ultra-plus-sdhc-16gb",
    "card_type": "SDHC",
    "active": true,
    "manufacturer": 1,
    "speed": "48",
    "product_name": "Ultra PLUS SDHC 16GB",
    "polymorphic_ctype": [
      "myshop",
      "smartcard"
    ]
  },
  "model": "myshop.smartcard",
  "pk": 40
},
{
  "fields": {
    "product_code": "1037",
    "description": "<p>Store lots of photos and Full HD videos\u2014and transfer them quickly to your computer\u2014using SanDisk Ultra PLUS SDXC and SDHC UHS-I Memory Cards. Great for compact-to-midrange point-and-shoot digital cameras and camcorders, these memory cards offer read speeds of up to 48 MB/s and are twice as fast as ordinary SDHC cards, allowing you to take pictures and transfer files quickly. SanDisk Ultra PLUS SDXC and SDHC UHS-I Memory Cards come with up to 128 GB of storage and are resistant to water, extreme temperatures, x-rays, and shocks. A label allows you to note what's on the card for easy identification.</p>\n",
    "order": 41,
    "created_at": "2015-11-25T23:25:21.739Z",
    "storage": 32,
    "updated_at": "2015-12-02T12:29:13.165Z",
    "unit_price": 12.68,
    "slug": "ultra-plus-sdhc-32gb",
    "card_type": "SDHC",
    "active": true,
    "manufacturer": 1,
    "speed": "48",
    "product_name": "Ultra PLUS SDHC 32GB",
    "polymorphic_ctype": [
      "myshop",
      "smartcard"
    ]
  },
  "model": "myshop.smartcard",
  "pk": 41
},
{
  "fields": {
    "product_code": "1039",
    "description": "<p>Store lots of photos and Full HD videos\u2014and transfer them quickly to your computer\u2014using SanDisk Ultra PLUS SDXC and SDHC UHS-I Memory Cards. Great for compact-to-midrange point-and-shoot digital cameras and camcorders, these memory cards offer read speeds of up to 48 MB/s and are twice as fast as ordinary SDHC cards, allowing you to take pictures and transfer files quickly. SanDisk Ultra PLUS SDXC and SDHC UHS-I Memory Cards come with up to 128 GB of storage and are resistant to water, extreme temperatures, x-rays, and shocks. A label allows you to note what's on the card for easy identification.</p>\n",
    "order": 43,
    "created_at": "2015-11-25T23:25:21.739Z",
    "storage": 64,
    "updated_at": "2015-12-02T12:29:13.166Z",
    "unit_price": 26.15,
    "slug": "ultra-plus-sdxc-64gb",
    "card_type": "SDHC",
    "active": true,
    "manufacturer": 1,
    "speed": "48",
    "product_name": "Ultra PLUS SDXC 64GB",
    "polymorphic_ctype": [
      "myshop",
      "smartcard"
    ]
  },
  "model": "myshop.smartcard",
  "pk": 43
},
{
  "fields": {
    "product_code": "1040",
    "description": "<p>Store lots of photos and Full HD videos\u2014and transfer them quickly to your computer\u2014using SanDisk Ultra PLUS SDXC and SDHC UHS-I Memory Cards. Great for compact-to-midrange point-and-shoot digital cameras and camcorders, these memory cards offer read speeds of up to 48 MB/s and are twice as fast as ordinary SDHC cards, allowing you to take pictures and transfer files quickly. SanDisk Ultra PLUS SDXC and SDHC UHS-I Memory Cards come with up to 128 GB of storage and are resistant to water, extreme temperatures, x-rays, and shocks. A label allows you to note what's on the card for easy identification.</p>\n",
    "order": 44,
    "created_at": "2015-11-25T23:25:21.739Z",
    "storage": 128,
    "updated_at": "2015-12-02T12:29:13.167Z",
    "unit_price": 34.55,
    "slug": "ultra-plus-sdxc-128gb",
    "card_type": "SDXC",
    "active": true,
    "manufacturer": 1,
    "speed": "48",
    "product_name": "Ultra PLUS SDXC 128GB",
    "polymorphic_ctype": [
      "myshop",
      "smartcard"
    ]
  },
  "model": "myshop.smartcard",
  "pk": 44
}
]
