[
{
  "model": "email_auth.user",
  "pk": 1,
  "fields": {
    "password": "pbkdf2_sha256$24000$JIzlGfa1E11F$JmWUzcb2BneLqW/dG0iRv53j5pVuB+PQ/oVyaSRO7T8=",
    "last_login": "2016-04-07T13:32:37.327Z",
    "is_superuser": true,
    "username": "admin",
    "first_name": "The",
    "last_name": "Superuser",
    "email": "admin@example.com",
    "is_staff": true,
    "is_active": true,
    "date_joined": "2015-10-16T13:01:57.437Z",
    "groups": [],
    "user_permissions": []
  }
},
{
  "model": "email_auth.user",
  "pk": 2,
  "fields": {
    "password": "!qIyv4xYdiE292blenyXr9eduHxBYU3k5EhvpGwyK",
    "last_login": null,
    "is_superuser": false,
    "username": "9OmKacig9RrdWbzpDJH9KHFxkCE2",
    "first_name": "",
    "last_name": "",
    "email": "guest@somewhere.net",
    "is_staff": false,
    "is_active": false,
    "date_joined": "2016-01-20T11:49:10.545Z",
    "groups": [],
    "user_permissions": []
  }
},
{
  "model": "email_auth.user",
  "pk": 4,
  "fields": {
    "password": "!XRR60szALdsR0gbx4D84sFqerZIVlBYDR5OQIPG5",
    "last_login": null,
    "is_superuser": false,
    "username": "9@i06MhxTVhSr1TWfIGKyzgMB13i",
    "first_name": "",
    "last_name": "",
    "email": "",
    "is_staff": false,
    "is_active": false,
    "date_joined": "2016-03-05T16:30:37.767Z",
    "groups": [],
    "user_permissions": []
  }
},
{
  "model": "email_auth.user",
  "pk": 5,
  "fields": {
    "password": "!lVpRJS5ADQZDz4JqgbdmE37IapT9d57FbAYgCQ5j",
    "last_login": null,
    "is_superuser": false,
    "username": "9OFgGvkKZqoblYr9pfuaXivB1cVu",
    "first_name": "",
    "last_name": "",
    "email": "john@example.com",
    "is_staff": false,
    "is_active": false,
    "date_joined": "2016-03-07T11:00:02.400Z",
    "groups": [],
    "user_permissions": []
  }
},
{
  "model": "email_auth.user",
  "pk": 13,
  "fields": {
    "password": "pbkdf2_sha256$24000$Mf7JTfJKaC1O$ogJo3opmxR0xc++MX33uTYrJnsr4NecgdHfovW4ahvk=",
    "last_login": "2016-03-27T15:49:30.436Z",
    "is_superuser": false,
    "username": "7yDD6UO6k1NDPvbC8IHjvWpzIr5s",
    "first_name": "Jacob",
    "last_name": "Rief",
    "email": "jacob.rief@gmx.at",
    "is_staff": false,
    "is_active": true,
    "date_joined": "2016-03-27T15:46:59.867Z",
    "groups": [],
    "user_permissions": []
  }
},
{
  "model": "email_auth.user",
  "pk": 14,
  "fields": {
    "password": "!Ls7x0XMl18Kf3utq4p32f63nG28rikyLvqv9VJFQ",
    "last_login": null,
    "is_superuser": false,
    "username": "9fjAleKSxSLPE2HlEhwh8u6SrzMh",
    "first_name": "",
    "last_name": "",
    "email": "",
    "is_staff": false,
    "is_active": false,
    "date_joined": "2016-04-05T20:18:54.886Z",
    "groups": [],
    "user_permissions": []
  }
},
{
  "model": "email_auth.user",
  "pk": 15,
  "fields": {
    "password": "!7U6Pqth0yhR7RdJ9hJ38XdGvp3wMmJhABgVvcmhy",
    "last_login": null,
    "is_superuser": false,
    "username": "5@CcrIbSDbTbjxjVFgOCl3GOOPh9",
    "first_name": "",
    "last_name": "",
    "email": "",
    "is_staff": false,
    "is_active": false,
    "date_joined": "2016-04-05T20:28:58.136Z",
    "groups": [],
    "user_permissions": []
  }
},
{
  "model": "email_auth.user",
  "pk": 16,
  "fields": {
    "password": "!TU5ufokP8Be7Je70BDTSOhckGLVYp28iEAznbDMM",
    "last_login": null,
    "is_superuser": false,
    "username": "6njhVO7DXidPDee3hvRpfQp2iYUV",
    "first_name": "",
    "last_name": "",
    "email": "",
    "is_staff": false,
    "is_active": false,
    "date_joined": "2016-04-05T21:05:26.372Z",
    "groups": [],
    "user_permissions": []
  }
},
{
  "model": "email_auth.user",
  "pk": 17,
  "fields": {
    "password": "!dH9T90PFOBFsPhl1TZ4DnxnyNjsHt8SPnDczSF3S",
    "last_login": null,
    "is_superuser": false,
    "username": "6q1TePC@Y3IeRQJ4fW2k6FByjNG5",
    "first_name": "",
    "last_name": "",
    "email": "",
    "is_staff": false,
    "is_active": false,
    "date_joined": "2016-04-06T15:04:09.577Z",
    "groups": [],
    "user_permissions": []
  }
},
{
  "model": "email_auth.user",
  "pk": 18,
  "fields": {
    "password": "!Pvg5JIcpF4IimpQ8PLlQATHuqCtGuZ8c8MbqVsPo",
    "last_login": null,
    "is_superuser": false,
    "username": "5j0NEgMAc6XW2X2ZJ0K9IwkW4OKe",
    "first_name": "",
    "last_name": "",
    "email": "",
    "is_staff": false,
    "is_active": false,
    "date_joined": "2016-04-06T19:45:30.180Z",
    "groups": [],
    "user_permissions": []
  }
},
{
  "model": "cms.usersettings",
  "pk": 1,
  "fields": {
    "user": [
      "admin"
    ],
    "language": "en",
    "clipboard": 1
  }
},
{
  "model": "cms.page",
  "pk": 3,
  "fields": {
    "path": "0009",
    "depth": 1,
    "numchild": 1,
    "created_by": "admin",
    "changed_by": "admin",
    "parent": null,
    "creation_date": "2015-10-30T23:26:23.274Z",
    "changed_date": "2016-03-29T10:03:49.042Z",
    "publication_date": "2015-10-30T23:26:35.875Z",
    "publication_end_date": null,
    "in_navigation": true,
    "soft_root": true,
    "reverse_id": "shop-cart",
    "navigation_extenders": "",
    "template": "myshop/pages/default.html",
    "site": 1,
    "login_required": false,
    "limit_visibility_in_menu": null,
    "is_home": false,
    "application_urls": "",
    "application_namespace": null,
    "publisher_is_draft": true,
    "publisher_public": 4,
    "languages": "de,en",
    "revision_id": 0,
    "xframe_options": 0,
    "placeholders": [
      13,
      14
    ]
  }
},
{
  "model": "cms.page",
  "pk": 4,
  "fields": {
    "path": "000A",
    "depth": 1,
    "numchild": 1,
    "created_by": "admin",
    "changed_by": "admin",
    "parent": null,
    "creation_date": "2015-10-30T23:26:35.899Z",
    "changed_date": "2016-03-29T10:03:48.900Z",
    "publication_date": "2015-10-30T23:26:35.875Z",
    "publication_end_date": null,
    "in_navigation": true,
    "soft_root": true,
    "reverse_id": "shop-cart",
    "navigation_extenders": "",
    "template": "myshop/pages/default.html",
    "site": 1,
    "login_required": false,
    "limit_visibility_in_menu": null,
    "is_home": false,
    "application_urls": "",
    "application_namespace": null,
    "publisher_is_draft": false,
    "publisher_public": 3,
    "languages": "de,en",
    "revision_id": 0,
    "xframe_options": 0,
    "placeholders": [
      16,
      15
    ]
  }
},
{
  "model": "cms.page",
  "pk": 5,
  "fields": {
    "path": "00090001",
    "depth": 2,
    "numchild": 0,
    "created_by": "admin",
    "changed_by": "admin",
    "parent": 3,
    "creation_date": "2015-11-03T11:50:25.384Z",
    "changed_date": "2016-04-01T09:21:45.155Z",
    "publication_date": "2015-11-03T11:55:55.669Z",
    "publication_end_date": null,
    "in_navigation": true,
    "soft_root": false,
    "reverse_id": null,
    "navigation_extenders": null,
    "template": "INHERIT",
    "site": 1,
    "login_required": false,
    "limit_visibility_in_menu": null,
    "is_home": false,
    "application_urls": null,
    "application_namespace": null,
    "publisher_is_draft": true,
    "publisher_public": 6,
    "languages": "de,en",
    "revision_id": 0,
    "xframe_options": 0,
    "placeholders": [
      18,
      19
    ]
  }
},
{
  "model": "cms.page",
  "pk": 6,
  "fields": {
    "path": "000A0001",
    "depth": 2,
    "numchild": 0,
    "created_by": "admin",
    "changed_by": "admin",
    "parent": 4,
    "creation_date": "2015-11-03T11:55:55.686Z",
    "changed_date": "2016-04-01T09:21:45.084Z",
    "publication_date": "2015-11-03T11:55:55.669Z",
    "publication_end_date": null,
    "in_navigation": true,
    "soft_root": false,
    "reverse_id": null,
    "navigation_extenders": null,
    "template": "INHERIT",
    "site": 1,
    "login_required": false,
    "limit_visibility_in_menu": null,
    "is_home": false,
    "application_urls": null,
    "application_namespace": null,
    "publisher_is_draft": false,
    "publisher_public": 5,
    "languages": "de,en",
    "revision_id": 0,
    "xframe_options": 0,
    "placeholders": [
      20,
      21
    ]
  }
},
{
  "model": "cms.page",
  "pk": 7,
  "fields": {
    "path": "0001",
    "depth": 1,
    "numchild": 0,
    "created_by": "admin",
    "changed_by": "admin",
    "parent": null,
    "creation_date": "2015-11-03T22:32:25.921Z",
    "changed_date": "2016-04-07T13:43:22.101Z",
    "publication_date": "2015-11-03T22:32:52.028Z",
    "publication_end_date": null,
    "in_navigation": true,
    "soft_root": false,
    "reverse_id": null,
    "navigation_extenders": "",
    "template": "myshop/pages/default.html",
    "site": 1,
    "login_required": false,
    "limit_visibility_in_menu": null,
    "is_home": true,
    "application_urls": "",
    "application_namespace": null,
    "publisher_is_draft": true,
    "publisher_public": 8,
    "languages": "de,en",
    "revision_id": 0,
    "xframe_options": 0,
    "placeholders": [
      22,
      23
    ]
  }
},
{
  "model": "cms.page",
  "pk": 8,
  "fields": {
    "path": "0002",
    "depth": 1,
    "numchild": 0,
    "created_by": "admin",
    "changed_by": "admin",
    "parent": null,
    "creation_date": "2015-11-03T22:32:52.049Z",
    "changed_date": "2016-04-07T13:42:27.011Z",
    "publication_date": "2015-11-03T22:32:52.028Z",
    "publication_end_date": null,
    "in_navigation": true,
    "soft_root": false,
    "reverse_id": null,
    "navigation_extenders": "",
    "template": "myshop/pages/default.html",
    "site": 1,
    "login_required": false,
    "limit_visibility_in_menu": null,
    "is_home": true,
    "application_urls": "",
    "application_namespace": null,
    "publisher_is_draft": false,
    "publisher_public": 7,
    "languages": "de,en",
    "revision_id": 0,
    "xframe_options": 0,
    "placeholders": [
      24,
      25
    ]
  }
},
{
  "model": "cms.page",
  "pk": 9,
  "fields": {
    "path": "0007",
    "depth": 1,
    "numchild": 2,
    "created_by": "admin",
    "changed_by": "admin",
    "parent": null,
    "creation_date": "2015-11-12T12:31:29.943Z",
    "changed_date": "2015-11-25T16:20:45.992Z",
    "publication_date": "2015-11-12T12:32:30.971Z",
    "publication_end_date": null,
    "in_navigation": false,
    "soft_root": true,
    "reverse_id": null,
    "navigation_extenders": "",
    "template": "myshop/pages/default.html",
    "site": 1,
    "login_required": false,
    "limit_visibility_in_menu": null,
    "is_home": false,
    "application_urls": "",
    "application_namespace": null,
    "publisher_is_draft": true,
    "publisher_public": 10,
    "languages": "de,en",
    "revision_id": 0,
    "xframe_options": 0,
    "placeholders": [
      26,
      27
    ]
  }
},
{
  "model": "cms.page",
  "pk": 10,
  "fields": {
    "path": "0008",
    "depth": 1,
    "numchild": 2,
    "created_by": "admin",
    "changed_by": "admin",
    "parent": null,
    "creation_date": "2015-11-12T12:32:30.994Z",
    "changed_date": "2015-11-25T16:20:45.416Z",
    "publication_date": "2015-11-12T12:32:30.971Z",
    "publication_end_date": null,
    "in_navigation": false,
    "soft_root": true,
    "reverse_id": null,
    "navigation_extenders": "",
    "template": "myshop/pages/default.html",
    "site": 1,
    "login_required": false,
    "limit_visibility_in_menu": null,
    "is_home": false,
    "application_urls": "",
    "application_namespace": null,
    "publisher_is_draft": false,
    "publisher_public": 9,
    "languages": "de,en",
    "revision_id": 0,
    "xframe_options": 0,
    "placeholders": [
      28,
      29
    ]
  }
},
{
  "model": "cms.page",
  "pk": 11,
  "fields": {
    "path": "00070002",
    "depth": 2,
    "numchild": 1,
    "created_by": "admin",
    "changed_by": "admin",
    "parent": 9,
    "creation_date": "2015-11-12T12:33:31.134Z",
    "changed_date": "2016-02-16T08:03:13.953Z",
    "publication_date": "2015-11-12T12:33:43.153Z",
    "publication_end_date": null,
    "in_navigation": true,
    "soft_root": false,
    "reverse_id": "shop-order",
    "navigation_extenders": "",
    "template": "INHERIT",
    "site": 1,
    "login_required": false,
    "limit_visibility_in_menu": null,
    "is_home": false,
    "application_urls": "OrderApp",
    "application_namespace": null,
    "publisher_is_draft": true,
    "publisher_public": 12,
    "languages": "de,en",
    "revision_id": 0,
    "xframe_options": 0,
    "placeholders": [
      30,
      31
    ]
  }
},
{
  "model": "cms.page",
  "pk": 12,
  "fields": {
    "path": "00080002",
    "depth": 2,
    "numchild": 1,
    "created_by": "admin",
    "changed_by": "admin",
    "parent": 10,
    "creation_date": "2015-11-12T12:33:43.174Z",
    "changed_date": "2016-02-16T08:03:13.820Z",
    "publication_date": "2015-11-12T12:33:43.153Z",
    "publication_end_date": null,
    "in_navigation": true,
    "soft_root": false,
    "reverse_id": "shop-order",
    "navigation_extenders": "",
    "template": "INHERIT",
    "site": 1,
    "login_required": false,
    "limit_visibility_in_menu": null,
    "is_home": false,
    "application_urls": "OrderApp",
    "application_namespace": null,
    "publisher_is_draft": false,
    "publisher_public": 11,
    "languages": "de,en",
    "revision_id": 0,
    "xframe_options": 0,
    "placeholders": [
      32,
      33
    ]
  }
},
{
  "model": "cms.page",
  "pk": 13,
  "fields": {
    "path": "000700020001",
    "depth": 3,
    "numchild": 0,
    "created_by": "admin",
    "changed_by": "admin",
    "parent": 11,
    "creation_date": "2015-11-12T23:19:46.076Z",
    "changed_date": "2016-02-04T06:48:43.045Z",
    "publication_date": "2015-11-12T23:21:22.963Z",
    "publication_end_date": null,
    "in_navigation": true,
    "soft_root": true,
    "reverse_id": "shop-order-last",
    "navigation_extenders": "",
    "template": "INHERIT",
    "site": 1,
    "login_required": false,
    "limit_visibility_in_menu": null,
    "is_home": false,
    "application_urls": "OrderApp",
    "application_namespace": null,
    "publisher_is_draft": true,
    "publisher_public": 14,
    "languages": "de,en",
    "revision_id": 0,
    "xframe_options": 0,
    "placeholders": [
      34,
      35
    ]
  }
},
{
  "model": "cms.page",
  "pk": 14,
  "fields": {
    "path": "000800020001",
    "depth": 3,
    "numchild": 0,
    "created_by": "admin",
    "changed_by": "admin",
    "parent": 12,
    "creation_date": "2015-11-12T23:21:22.986Z",
    "changed_date": "2016-02-04T06:48:42.898Z",
    "publication_date": "2015-11-12T23:21:22.963Z",
    "publication_end_date": null,
    "in_navigation": true,
    "soft_root": true,
    "reverse_id": "shop-order-last",
    "navigation_extenders": "",
    "template": "INHERIT",
    "site": 1,
    "login_required": false,
    "limit_visibility_in_menu": null,
    "is_home": false,
    "application_urls": "OrderApp",
    "application_namespace": null,
    "publisher_is_draft": false,
    "publisher_public": 13,
    "languages": "de,en",
    "revision_id": 0,
    "xframe_options": 0,
    "placeholders": [
      36,
      37
    ]
  }
},
{
  "model": "cms.page",
  "pk": 15,
  "fields": {
    "path": "00070003",
    "depth": 2,
    "numchild": 0,
    "created_by": "admin",
    "changed_by": "admin",
    "parent": 9,
    "creation_date": "2015-11-13T00:06:49.562Z",
    "changed_date": "2016-02-15T21:31:31.111Z",
    "publication_date": "2015-11-13T00:07:13.450Z",
    "publication_end_date": null,
    "in_navigation": true,
    "soft_root": false,
    "reverse_id": null,
    "navigation_extenders": null,
    "template": "INHERIT",
    "site": 1,
    "login_required": false,
    "limit_visibility_in_menu": null,
    "is_home": false,
    "application_urls": null,
    "application_namespace": null,
    "publisher_is_draft": true,
    "publisher_public": 16,
    "languages": "de,en",
    "revision_id": 0,
    "xframe_options": 0,
    "placeholders": [
      38,
      39
    ]
  }
},
{
  "model": "cms.page",
  "pk": 16,
  "fields": {
    "path": "00080003",
    "depth": 2,
    "numchild": 0,
    "created_by": "admin",
    "changed_by": "admin",
    "parent": 10,
    "creation_date": "2015-11-13T00:07:13.478Z",
    "changed_date": "2016-02-15T21:31:30.976Z",
    "publication_date": "2015-11-13T00:07:13.450Z",
    "publication_end_date": null,
    "in_navigation": true,
    "soft_root": false,
    "reverse_id": null,
    "navigation_extenders": null,
    "template": "INHERIT",
    "site": 1,
    "login_required": false,
    "limit_visibility_in_menu": null,
    "is_home": false,
    "application_urls": null,
    "application_namespace": null,
    "publisher_is_draft": false,
    "publisher_public": 15,
    "languages": "de,en",
    "revision_id": 0,
    "xframe_options": 0,
    "placeholders": [
      40,
      41
    ]
  }
},
{
  "model": "cms.page",
  "pk": 17,
  "fields": {
    "path": "00030001",
    "depth": 2,
    "numchild": 0,
    "created_by": "admin",
    "changed_by": "admin",
    "parent": 21,
    "creation_date": "2015-11-18T09:57:54.691Z",
    "changed_date": "2016-02-09T08:53:21.501Z",
    "publication_date": "2015-10-16T13:11:21.987Z",
    "publication_end_date": null,
    "in_navigation": true,
    "soft_root": false,
    "reverse_id": null,
    "navigation_extenders": "",
    "template": "INHERIT",
    "site": 1,
    "login_required": false,
    "limit_visibility_in_menu": null,
    "is_home": false,
    "application_urls": "ProductsListApp",
    "application_namespace": null,
    "publisher_is_draft": true,
    "publisher_public": 18,
    "languages": "de,en",
    "revision_id": 0,
    "xframe_options": 0,
    "placeholders": [
      45,
      46
    ]
  }
},
{
  "model": "cms.page",
  "pk": 18,
  "fields": {
    "path": "00040001",
    "depth": 2,
    "numchild": 0,
    "created_by": "admin",
    "changed_by": "admin",
    "parent": 22,
    "creation_date": "2015-11-18T10:00:00.309Z",
    "changed_date": "2016-02-09T08:53:21.363Z",
    "publication_date": "2015-10-16T13:11:21.987Z",
    "publication_end_date": null,
    "in_navigation": true,
    "soft_root": false,
    "reverse_id": null,
    "navigation_extenders": "",
    "template": "INHERIT",
    "site": 1,
    "login_required": false,
    "limit_visibility_in_menu": null,
    "is_home": false,
    "application_urls": "ProductsListApp",
    "application_namespace": null,
    "publisher_is_draft": false,
    "publisher_public": 17,
    "languages": "de,en",
    "revision_id": 0,
    "xframe_options": 0,
    "placeholders": [
      48,
      47
    ]
  }
},
{
  "model": "cms.page",
  "pk": 19,
  "fields": {
    "path": "00030002",
    "depth": 2,
    "numchild": 0,
    "created_by": "admin",
    "changed_by": "admin",
    "parent": 21,
    "creation_date": "2015-12-02T22:03:28.593Z",
    "changed_date": "2016-03-01T11:28:41.688Z",
    "publication_date": "2015-12-02T22:04:08.387Z",
    "publication_end_date": null,
    "in_navigation": true,
    "soft_root": false,
    "reverse_id": null,
    "navigation_extenders": "",
    "template": "INHERIT",
    "site": 1,
    "login_required": false,
    "limit_visibility_in_menu": null,
    "is_home": false,
    "application_urls": "ProductsListApp",
    "application_namespace": null,
    "publisher_is_draft": true,
    "publisher_public": 20,
    "languages": "en,de",
    "revision_id": 0,
    "xframe_options": 0,
    "placeholders": [
      49,
      50
    ]
  }
},
{
  "model": "cms.page",
  "pk": 20,
  "fields": {
    "path": "00040002",
    "depth": 2,
    "numchild": 0,
    "created_by": "admin",
    "changed_by": "admin",
    "parent": 22,
    "creation_date": "2015-12-02T22:04:08.420Z",
    "changed_date": "2016-03-01T11:28:41.661Z",
    "publication_date": "2015-12-02T22:04:08.387Z",
    "publication_end_date": null,
    "in_navigation": true,
    "soft_root": false,
    "reverse_id": null,
    "navigation_extenders": "",
    "template": "INHERIT",
    "site": 1,
    "login_required": false,
    "limit_visibility_in_menu": null,
    "is_home": false,
    "application_urls": "ProductsListApp",
    "application_namespace": null,
    "publisher_is_draft": false,
    "publisher_public": 19,
    "languages": "en,de",
    "revision_id": 0,
    "xframe_options": 0,
    "placeholders": [
      51,
      52
    ]
  }
},
{
  "model": "cms.page",
  "pk": 21,
  "fields": {
    "path": "0003",
    "depth": 1,
    "numchild": 3,
    "created_by": "admin",
    "changed_by": "admin",
    "parent": null,
    "creation_date": "2015-12-03T07:54:18.528Z",
    "changed_date": "2016-04-07T13:42:27.044Z",
    "publication_date": "2015-12-03T07:58:33.739Z",
    "publication_end_date": null,
    "in_navigation": true,
    "soft_root": false,
    "reverse_id": null,
    "navigation_extenders": "",
    "template": "myshop/pages/default.html",
    "site": 1,
    "login_required": false,
    "limit_visibility_in_menu": null,
    "is_home": false,
    "application_urls": "ProductsListApp",
    "application_namespace": null,
    "publisher_is_draft": true,
    "publisher_public": 22,
    "languages": "de,en",
    "revision_id": 0,
    "xframe_options": 0,
    "placeholders": [
      53,
      54
    ]
  }
},
{
  "model": "cms.page",
  "pk": 22,
  "fields": {
    "path": "0004",
    "depth": 1,
    "numchild": 3,
    "created_by": "admin",
    "changed_by": "admin",
    "parent": null,
    "creation_date": "2015-12-03T07:58:33.765Z",
    "changed_date": "2016-04-07T13:42:26.972Z",
    "publication_date": "2015-12-03T07:58:33.739Z",
    "publication_end_date": null,
    "in_navigation": true,
    "soft_root": false,
    "reverse_id": null,
    "navigation_extenders": "",
    "template": "myshop/pages/default.html",
    "site": 1,
    "login_required": false,
    "limit_visibility_in_menu": null,
    "is_home": false,
    "application_urls": "ProductsListApp",
    "application_namespace": null,
    "publisher_is_draft": false,
    "publisher_public": 21,
    "languages": "en,de",
    "revision_id": 0,
    "xframe_options": 0,
    "placeholders": [
      56,
      55
    ]
  }
},
{
  "model": "cms.page",
  "pk": 23,
  "fields": {
    "path": "0005",
    "depth": 1,
    "numchild": 0,
    "created_by": "admin",
    "changed_by": "admin",
    "parent": null,
    "creation_date": "2016-01-25T16:40:53.222Z",
    "changed_date": "2016-02-04T07:52:50.532Z",
    "publication_date": "2016-01-25T16:50:14.456Z",
    "publication_end_date": null,
    "in_navigation": true,
    "soft_root": true,
    "reverse_id": "shop-search-product",
    "navigation_extenders": "",
    "template": "myshop/pages/default.html",
    "site": 1,
    "login_required": false,
    "limit_visibility_in_menu": null,
    "is_home": false,
    "application_urls": "ProductSearchApp",
    "application_namespace": null,
    "publisher_is_draft": true,
    "publisher_public": 24,
    "languages": "de,en",
    "revision_id": 0,
    "xframe_options": 0,
    "placeholders": [
      58,
      59
    ]
  }
},
{
  "model": "cms.page",
  "pk": 24,
  "fields": {
    "path": "0006",
    "depth": 1,
    "numchild": 0,
    "created_by": "admin",
    "changed_by": "admin",
    "parent": null,
    "creation_date": "2016-01-25T16:50:14.491Z",
    "changed_date": "2016-02-04T07:52:50.229Z",
    "publication_date": "2016-01-25T16:50:14.456Z",
    "publication_end_date": null,
    "in_navigation": true,
    "soft_root": true,
    "reverse_id": "shop-search-product",
    "navigation_extenders": "",
    "template": "myshop/pages/default.html",
    "site": 1,
    "login_required": false,
    "limit_visibility_in_menu": null,
    "is_home": false,
    "application_urls": "ProductSearchApp",
    "application_namespace": null,
    "publisher_is_draft": false,
    "publisher_public": 23,
    "languages": "en,de",
    "revision_id": 0,
    "xframe_options": 0,
    "placeholders": [
      60,
      61
    ]
  }
},
{
  "model": "cms.page",
  "pk": 25,
  "fields": {
    "path": "00030003",
    "depth": 2,
    "numchild": 0,
    "created_by": "admin",
    "changed_by": "admin",
    "parent": 21,
    "creation_date": "2016-02-17T15:25:29.728Z",
    "changed_date": "2016-02-17T15:26:29.427Z",
    "publication_date": "2016-02-17T15:26:22.100Z",
    "publication_end_date": null,
    "in_navigation": true,
    "soft_root": false,
    "reverse_id": null,
    "navigation_extenders": "",
    "template": "INHERIT",
    "site": 1,
    "login_required": false,
    "limit_visibility_in_menu": null,
    "is_home": false,
    "application_urls": "ProductsListApp",
    "application_namespace": null,
    "publisher_is_draft": true,
    "publisher_public": 26,
    "languages": "en,de",
    "revision_id": 0,
    "xframe_options": 0,
    "placeholders": [
      64,
      63
    ]
  }
},
{
  "model": "cms.page",
  "pk": 26,
  "fields": {
    "path": "00040003",
    "depth": 2,
    "numchild": 0,
    "created_by": "admin",
    "changed_by": "admin",
    "parent": 22,
    "creation_date": "2016-02-17T15:26:22.144Z",
    "changed_date": "2016-02-17T15:26:29.286Z",
    "publication_date": "2016-02-17T15:26:22.100Z",
    "publication_end_date": null,
    "in_navigation": true,
    "soft_root": false,
    "reverse_id": null,
    "navigation_extenders": "",
    "template": "INHERIT",
    "site": 1,
    "login_required": false,
    "limit_visibility_in_menu": null,
    "is_home": false,
    "application_urls": "ProductsListApp",
    "application_namespace": null,
    "publisher_is_draft": false,
    "publisher_public": 25,
    "languages": "en,de",
    "revision_id": 0,
    "xframe_options": 0,
    "placeholders": [
      65,
      66
    ]
  }
},
{
  "model": "cms.placeholder",
  "pk": 1,
  "fields": {
    "slot": "clipboard",
    "default_width": null
  }
},
{
  "model": "cms.placeholder",
  "pk": 6,
  "fields": {
    "slot": "Static Footer",
    "default_width": null
  }
},
{
  "model": "cms.placeholder",
  "pk": 7,
  "fields": {
    "slot": "Static Footer",
    "default_width": null
  }
},
{
  "model": "cms.placeholder",
  "pk": 8,
  "fields": {
    "slot": "Product Detail",
    "default_width": null
  }
},
{
  "model": "cms.placeholder",
  "pk": 9,
  "fields": {
    "slot": "Product Detail",
    "default_width": null
  }
},
{
  "model": "cms.placeholder",
  "pk": 10,
  "fields": {
    "slot": "Product Detail",
    "default_width": null
  }
},
{
  "model": "cms.placeholder",
  "pk": 11,
  "fields": {
    "slot": "Product Detail",
    "default_width": null
  }
},
{
  "model": "cms.placeholder",
  "pk": 12,
  "fields": {
    "slot": "Product Detail",
    "default_width": null
  }
},
{
  "model": "cms.placeholder",
  "pk": 13,
  "fields": {
    "slot": "Breadcrumb",
    "default_width": null
  }
},
{
  "model": "cms.placeholder",
  "pk": 14,
  "fields": {
    "slot": "Main Content",
    "default_width": null
  }
},
{
  "model": "cms.placeholder",
  "pk": 15,
  "fields": {
    "slot": "Breadcrumb",
    "default_width": null
  }
},
{
  "model": "cms.placeholder",
  "pk": 16,
  "fields": {
    "slot": "Main Content",
    "default_width": null
  }
},
{
  "model": "cms.placeholder",
  "pk": 17,
  "fields": {
    "slot": "Product Detail",
    "default_width": null
  }
},
{
  "model": "cms.placeholder",
  "pk": 18,
  "fields": {
    "slot": "Breadcrumb",
    "default_width": null
  }
},
{
  "model": "cms.placeholder",
  "pk": 19,
  "fields": {
    "slot": "Main Content",
    "default_width": null
  }
},
{
  "model": "cms.placeholder",
  "pk": 20,
  "fields": {
    "slot": "Breadcrumb",
    "default_width": null
  }
},
{
  "model": "cms.placeholder",
  "pk": 21,
  "fields": {
    "slot": "Main Content",
    "default_width": null
  }
},
{
  "model": "cms.placeholder",
  "pk": 22,
  "fields": {
    "slot": "Breadcrumb",
    "default_width": null
  }
},
{
  "model": "cms.placeholder",
  "pk": 23,
  "fields": {
    "slot": "Main Content",
    "default_width": null
  }
},
{
  "model": "cms.placeholder",
  "pk": 24,
  "fields": {
    "slot": "Breadcrumb",
    "default_width": null
  }
},
{
  "model": "cms.placeholder",
  "pk": 25,
  "fields": {
    "slot": "Main Content",
    "default_width": null
  }
},
{
  "model": "cms.placeholder",
  "pk": 26,
  "fields": {
    "slot": "Breadcrumb",
    "default_width": null
  }
},
{
  "model": "cms.placeholder",
  "pk": 27,
  "fields": {
    "slot": "Main Content",
    "default_width": null
  }
},
{
  "model": "cms.placeholder",
  "pk": 28,
  "fields": {
    "slot": "Breadcrumb",
    "default_width": null
  }
},
{
  "model": "cms.placeholder",
  "pk": 29,
  "fields": {
    "slot": "Main Content",
    "default_width": null
  }
},
{
  "model": "cms.placeholder",
  "pk": 30,
  "fields": {
    "slot": "Breadcrumb",
    "default_width": null
  }
},
{
  "model": "cms.placeholder",
  "pk": 31,
  "fields": {
    "slot": "Main Content",
    "default_width": null
  }
},
{
  "model": "cms.placeholder",
  "pk": 32,
  "fields": {
    "slot": "Breadcrumb",
    "default_width": null
  }
},
{
  "model": "cms.placeholder",
  "pk": 33,
  "fields": {
    "slot": "Main Content",
    "default_width": null
  }
},
{
  "model": "cms.placeholder",
  "pk": 34,
  "fields": {
    "slot": "Breadcrumb",
    "default_width": null
  }
},
{
  "model": "cms.placeholder",
  "pk": 35,
  "fields": {
    "slot": "Main Content",
    "default_width": null
  }
},
{
  "model": "cms.placeholder",
  "pk": 36,
  "fields": {
    "slot": "Breadcrumb",
    "default_width": null
  }
},
{
  "model": "cms.placeholder",
  "pk": 37,
  "fields": {
    "slot": "Main Content",
    "default_width": null
  }
},
{
  "model": "cms.placeholder",
  "pk": 38,
  "fields": {
    "slot": "Breadcrumb",
    "default_width": null
  }
},
{
  "model": "cms.placeholder",
  "pk": 39,
  "fields": {
    "slot": "Main Content",
    "default_width": null
  }
},
{
  "model": "cms.placeholder",
  "pk": 40,
  "fields": {
    "slot": "Breadcrumb",
    "default_width": null
  }
},
{
  "model": "cms.placeholder",
  "pk": 41,
  "fields": {
    "slot": "Main Content",
    "default_width": null
  }
},
{
  "model": "cms.placeholder",
  "pk": 42,
  "fields": {
    "slot": "Product Detail",
    "default_width": null
  }
},
{
  "model": "cms.placeholder",
  "pk": 43,
  "fields": {
    "slot": "Product Detail",
    "default_width": null
  }
},
{
  "model": "cms.placeholder",
  "pk": 44,
  "fields": {
    "slot": "Product Detail",
    "default_width": null
  }
},
{
  "model": "cms.placeholder",
  "pk": 45,
  "fields": {
    "slot": "Breadcrumb",
    "default_width": null
  }
},
{
  "model": "cms.placeholder",
  "pk": 46,
  "fields": {
    "slot": "Main Content",
    "default_width": null
  }
},
{
  "model": "cms.placeholder",
  "pk": 47,
  "fields": {
    "slot": "Breadcrumb",
    "default_width": null
  }
},
{
  "model": "cms.placeholder",
  "pk": 48,
  "fields": {
    "slot": "Main Content",
    "default_width": null
  }
},
{
  "model": "cms.placeholder",
  "pk": 49,
  "fields": {
    "slot": "Breadcrumb",
    "default_width": null
  }
},
{
  "model": "cms.placeholder",
  "pk": 50,
  "fields": {
    "slot": "Main Content",
    "default_width": null
  }
},
{
  "model": "cms.placeholder",
  "pk": 51,
  "fields": {
    "slot": "Breadcrumb",
    "default_width": null
  }
},
{
  "model": "cms.placeholder",
  "pk": 52,
  "fields": {
    "slot": "Main Content",
    "default_width": null
  }
},
{
  "model": "cms.placeholder",
  "pk": 53,
  "fields": {
    "slot": "Breadcrumb",
    "default_width": null
  }
},
{
  "model": "cms.placeholder",
  "pk": 54,
  "fields": {
    "slot": "Main Content",
    "default_width": null
  }
},
{
  "model": "cms.placeholder",
  "pk": 55,
  "fields": {
    "slot": "Breadcrumb",
    "default_width": null
  }
},
{
  "model": "cms.placeholder",
  "pk": 56,
  "fields": {
    "slot": "Main Content",
    "default_width": null
  }
},
{
  "model": "cms.placeholder",
  "pk": 57,
  "fields": {
    "slot": "blueprint",
    "default_width": null
  }
},
{
  "model": "cms.placeholder",
  "pk": 58,
  "fields": {
    "slot": "Breadcrumb",
    "default_width": null
  }
},
{
  "model": "cms.placeholder",
  "pk": 59,
  "fields": {
    "slot": "Main Content",
    "default_width": null
  }
},
{
  "model": "cms.placeholder",
  "pk": 60,
  "fields": {
    "slot": "Breadcrumb",
    "default_width": null
  }
},
{
  "model": "cms.placeholder",
  "pk": 61,
  "fields": {
    "slot": "Main Content",
    "default_width": null
  }
},
{
  "model": "cms.placeholder",
  "pk": 62,
  "fields": {
    "slot": "Commodity Details",
    "default_width": null
  }
},
{
  "model": "cms.placeholder",
  "pk": 63,
  "fields": {
    "slot": "Breadcrumb",
    "default_width": null
  }
},
{
  "model": "cms.placeholder",
  "pk": 64,
  "fields": {
    "slot": "Main Content",
    "default_width": null
  }
},
{
  "model": "cms.placeholder",
  "pk": 65,
  "fields": {
    "slot": "Breadcrumb",
    "default_width": null
  }
},
{
  "model": "cms.placeholder",
  "pk": 66,
  "fields": {
    "slot": "Main Content",
    "default_width": null
  }
},
{
  "model": "cms.placeholder",
  "pk": 67,
  "fields": {
    "slot": "Commodity Details",
    "default_width": null
  }
},
{
  "model": "cms.placeholder",
  "pk": 77,
  "fields": {
    "slot": "clipboard",
    "default_width": null
  }
},
{
  "model": "cms.cmsplugin",
  "pk": 11,
  "fields": {
    "path": "00270001",
    "depth": 2,
    "numchild": 1,
    "placeholder": 14,
    "parent": 763,
    "position": 0,
    "language": "de",
    "plugin_type": "BootstrapRowPlugin",
    "creation_date": "2015-11-01T00:05:30.475Z",
    "changed_date": "2016-03-01T11:39:17.807Z"
  }
},
{
  "model": "cms.cmsplugin",
  "pk": 12,
  "fields": {
    "path": "002700010001",
    "depth": 3,
    "numchild": 1,
    "placeholder": 14,
    "parent": 11,
    "position": 0,
    "language": "de",
    "plugin_type": "BootstrapColumnPlugin",
    "creation_date": "2015-11-01T00:05:36.180Z",
    "changed_date": "2016-03-01T11:39:17.790Z"
  }
},
{
  "model": "cms.cmsplugin",
  "pk": 16,
  "fields": {
    "path": "0027000100010001",
    "depth": 4,
    "numchild": 0,
    "placeholder": 14,
    "parent": 12,
    "position": 0,
    "language": "de",
    "plugin_type": "ShopCartPlugin",
    "creation_date": "2015-11-02T14:46:52.664Z",
    "changed_date": "2016-03-01T11:39:17.793Z"
  }
},
{
  "model": "cms.cmsplugin",
  "pk": 21,
  "fields": {
    "path": "00270002",
    "depth": 2,
    "numchild": 2,
    "placeholder": 14,
    "parent": 763,
    "position": 1,
    "language": "de",
    "plugin_type": "BootstrapRowPlugin",
    "creation_date": "2015-11-03T10:32:50.862Z",
    "changed_date": "2016-03-01T11:39:17.799Z"
  }
},
{
  "model": "cms.cmsplugin",
  "pk": 22,
  "fields": {
    "path": "002700020001",
    "depth": 3,
    "numchild": 1,
    "placeholder": 14,
    "parent": 21,
    "position": 0,
    "language": "de",
    "plugin_type": "BootstrapColumnPlugin",
    "creation_date": "2015-11-03T10:32:56.109Z",
    "changed_date": "2016-03-01T11:39:14.263Z"
  }
},
{
  "model": "cms.cmsplugin",
  "pk": 23,
  "fields": {
    "path": "002700020002",
    "depth": 3,
    "numchild": 1,
    "placeholder": 14,
    "parent": 21,
    "position": 1,
    "language": "de",
    "plugin_type": "BootstrapColumnPlugin",
    "creation_date": "2015-11-03T10:32:56.205Z",
    "changed_date": "2016-03-01T11:39:14.270Z"
  }
},
{
  "model": "cms.cmsplugin",
  "pk": 25,
  "fields": {
    "path": "0027000200010001",
    "depth": 4,
    "numchild": 0,
    "placeholder": 14,
    "parent": 22,
    "position": 0,
    "language": "de",
    "plugin_type": "BootstrapButtonPlugin",
    "creation_date": "2015-11-03T10:46:46.928Z",
    "changed_date": "2016-03-01T11:39:14.266Z"
  }
},
{
  "model": "cms.cmsplugin",
  "pk": 35,
  "fields": {
    "path": "00290001",
    "depth": 2,
    "numchild": 1,
    "placeholder": 19,
    "parent": 773,
    "position": 0,
    "language": "de",
    "plugin_type": "SegmentPlugin",
    "creation_date": "2015-11-03T11:52:31.490Z",
    "changed_date": "2016-02-01T10:00:23.539Z"
  }
},
{
  "model": "cms.cmsplugin",
  "pk": 36,
  "fields": {
    "path": "00290002",
    "depth": 2,
    "numchild": 1,
    "placeholder": 19,
    "parent": 773,
    "position": 1,
    "language": "de",
    "plugin_type": "SegmentPlugin",
    "creation_date": "2015-11-03T11:52:57.955Z",
    "changed_date": "2016-02-01T10:00:23.544Z"
  }
},
{
  "model": "cms.cmsplugin",
  "pk": 40,
  "fields": {
    "path": "002900010001",
    "depth": 3,
    "numchild": 1,
    "placeholder": 19,
    "parent": 35,
    "position": 0,
    "language": "de",
    "plugin_type": "BootstrapRowPlugin",
    "creation_date": "2015-11-03T12:00:22.464Z",
    "changed_date": "2016-02-04T11:31:26.018Z"
  }
},
{
  "model": "cms.cmsplugin",
  "pk": 41,
  "fields": {
    "path": "0029000100010001",
    "depth": 4,
    "numchild": 1,
    "placeholder": 19,
    "parent": 40,
    "position": 0,
    "language": "de",
    "plugin_type": "BootstrapColumnPlugin",
    "creation_date": "2015-11-03T12:00:27.233Z",
    "changed_date": "2016-03-07T11:05:18.757Z"
  }
},
{
  "model": "cms.cmsplugin",
  "pk": 42,
  "fields": {
    "path": "00290001000100010001",
    "depth": 5,
    "numchild": 4,
    "placeholder": 19,
    "parent": 41,
    "position": 0,
    "language": "de",
    "plugin_type": "ProcessBarPlugin",
    "creation_date": "2015-11-03T12:01:52.087Z",
    "changed_date": "2016-02-01T10:00:23.583Z"
  }
},
{
  "model": "cms.cmsplugin",
  "pk": 43,
  "fields": {
    "path": "002900010001000100010001",
    "depth": 6,
    "numchild": 4,
    "placeholder": 19,
    "parent": 42,
    "position": 1,
    "language": "de",
    "plugin_type": "ProcessStepPlugin",
    "creation_date": "2015-11-03T12:01:57.069Z",
    "changed_date": "2016-02-24T10:22:27.026Z"
  }
},
{
  "model": "cms.cmsplugin",
  "pk": 44,
  "fields": {
    "path": "002900010001000100010002",
    "depth": 6,
    "numchild": 4,
    "placeholder": 19,
    "parent": 42,
    "position": 0,
    "language": "de",
    "plugin_type": "ProcessStepPlugin",
    "creation_date": "2015-11-03T12:01:57.141Z",
    "changed_date": "2016-02-24T10:22:27.036Z"
  }
},
{
  "model": "cms.cmsplugin",
  "pk": 45,
  "fields": {
    "path": "002900010001000100010003",
    "depth": 6,
    "numchild": 7,
    "placeholder": 19,
    "parent": 42,
    "position": 2,
    "language": "de",
    "plugin_type": "ProcessStepPlugin",
    "creation_date": "2015-11-03T12:01:57.216Z",
    "changed_date": "2016-02-24T10:22:27.047Z"
  }
},
{
  "model": "cms.cmsplugin",
  "pk": 46,
  "fields": {
    "path": "0029000100010001000100010001",
    "depth": 7,
    "numchild": 1,
    "placeholder": 19,
    "parent": 43,
    "position": 0,
    "language": "de",
    "plugin_type": "SegmentPlugin",
    "creation_date": "2015-11-03T12:03:13.411Z",
    "changed_date": "2016-02-01T10:00:23.645Z"
  }
},
{
  "model": "cms.cmsplugin",
  "pk": 47,
  "fields": {
    "path": "0029000100010001000100010002",
    "depth": 7,
    "numchild": 1,
    "placeholder": 19,
    "parent": 43,
    "position": 1,
    "language": "de",
    "plugin_type": "SegmentPlugin",
    "creation_date": "2015-11-03T12:03:40.516Z",
    "changed_date": "2016-02-01T10:00:23.658Z"
  }
},
{
  "model": "cms.cmsplugin",
  "pk": 48,
  "fields": {
    "path": "00290001000100010001000100020001",
    "depth": 8,
    "numchild": 0,
    "placeholder": 19,
    "parent": 47,
    "position": 0,
    "language": "de",
    "plugin_type": "GuestFormPlugin",
    "creation_date": "2015-11-03T12:04:17.682Z",
    "changed_date": "2016-02-01T10:00:23.776Z"
  }
},
{
  "model": "cms.cmsplugin",
  "pk": 49,
  "fields": {
    "path": "00290001000100010001000100010001",
    "depth": 8,
    "numchild": 0,
    "placeholder": 19,
    "parent": 46,
    "position": 0,
    "language": "de",
    "plugin_type": "CustomerFormPlugin",
    "creation_date": "2015-11-03T12:05:35.165Z",
    "changed_date": "2016-02-01T10:00:23.770Z"
  }
},
{
  "model": "cms.cmsplugin",
  "pk": 50,
  "fields": {
    "path": "0029000100010001000100010003",
    "depth": 7,
    "numchild": 0,
    "placeholder": 19,
    "parent": 43,
    "position": 3,
    "language": "de",
    "plugin_type": "ProcessNextStepPlugin",
    "creation_date": "2015-11-03T12:06:29.969Z",
    "changed_date": "2016-02-01T10:00:23.670Z"
  }
},
{
  "model": "cms.cmsplugin",
  "pk": 52,
  "fields": {
    "path": "0029000100010001000100020001",
    "depth": 7,
    "numchild": 0,
    "placeholder": 19,
    "parent": 44,
    "position": 0,
    "language": "de",
    "plugin_type": "ShippingAddressFormPlugin",
    "creation_date": "2015-11-03T12:07:45.248Z",
    "changed_date": "2016-03-07T11:04:17.437Z"
  }
},
{
  "model": "cms.cmsplugin",
  "pk": 53,
  "fields": {
    "path": "0029000100010001000100020002",
    "depth": 7,
    "numchild": 0,
    "placeholder": 19,
    "parent": 44,
    "position": 1,
    "language": "de",
    "plugin_type": "BillingAddressFormPlugin",
    "creation_date": "2015-11-03T12:08:16.160Z",
    "changed_date": "2016-03-07T11:04:35.719Z"
  }
},
{
  "model": "cms.cmsplugin",
  "pk": 54,
  "fields": {
    "path": "0029000100010001000100020003",
    "depth": 7,
    "numchild": 0,
    "placeholder": 19,
    "parent": 44,
    "position": 3,
    "language": "de",
    "plugin_type": "ProcessNextStepPlugin",
    "creation_date": "2015-11-03T12:08:38.948Z",
    "changed_date": "2016-02-24T10:22:27.004Z"
  }
},
{
  "model": "cms.cmsplugin",
  "pk": 55,
  "fields": {
    "path": "0029000100010001000100030001",
    "depth": 7,
    "numchild": 0,
    "placeholder": 19,
    "parent": 45,
    "position": 1,
    "language": "de",
    "plugin_type": "ShopCartPlugin",
    "creation_date": "2015-11-03T12:09:28.368Z",
    "changed_date": "2016-02-04T07:46:31.997Z"
  }
},
{
  "model": "cms.cmsplugin",
  "pk": 56,
  "fields": {
    "path": "0029000100010001000100030002",
    "depth": 7,
    "numchild": 0,
    "placeholder": 19,
    "parent": 45,
    "position": 2,
    "language": "de",
    "plugin_type": "PaymentMethodFormPlugin",
    "creation_date": "2015-11-03T12:10:27.667Z",
    "changed_date": "2016-02-04T07:46:32.019Z"
  }
},
{
  "model": "cms.cmsplugin",
  "pk": 57,
  "fields": {
    "path": "0029000100010001000100030003",
    "depth": 7,
    "numchild": 0,
    "placeholder": 19,
    "parent": 45,
    "position": 3,
    "language": "de",
    "plugin_type": "ShippingMethodFormPlugin",
    "creation_date": "2015-11-03T12:10:56.492Z",
    "changed_date": "2016-02-04T07:46:32.044Z"
  }
},
{
  "model": "cms.cmsplugin",
  "pk": 58,
  "fields": {
    "path": "0029000100010001000100030004",
    "depth": 7,
    "numchild": 0,
    "placeholder": 19,
    "parent": 45,
    "position": 4,
    "language": "de",
    "plugin_type": "ExtraAnnotationFormPlugin",
    "creation_date": "2015-11-03T12:11:30.640Z",
    "changed_date": "2016-02-04T07:46:32.069Z"
  }
},
{
  "model": "cms.cmsplugin",
  "pk": 181,
  "fields": {
    "path": "0027000200020001",
    "depth": 4,
    "numchild": 0,
    "placeholder": 14,
    "parent": 23,
    "position": 0,
    "language": "de",
    "plugin_type": "BootstrapButtonPlugin",
    "creation_date": "2015-11-03T16:29:17.878Z",
    "changed_date": "2016-03-01T11:39:14.273Z"
  }
},
{
  "model": "cms.cmsplugin",
  "pk": 200,
  "fields": {
    "path": "00250001",
    "depth": 2,
    "numchild": 2,
    "placeholder": 23,
    "parent": 754,
    "position": 0,
    "language": "de",
    "plugin_type": "BootstrapRowPlugin",
    "creation_date": "2015-11-05T11:08:54.064Z",
    "changed_date": "2016-03-07T11:19:00.554Z"
  }
},
{
  "model": "cms.cmsplugin",
  "pk": 202,
  "fields": {
    "path": "002500010002",
    "depth": 3,
    "numchild": 2,
    "placeholder": 23,
    "parent": 200,
    "position": 0,
    "language": "de",
    "plugin_type": "BootstrapColumnPlugin",
    "creation_date": "2015-11-05T11:09:02.802Z",
    "changed_date": "2016-03-07T11:19:27.459Z"
  }
},
{
  "model": "cms.cmsplugin",
  "pk": 212,
  "fields": {
    "path": "0025000100020001",
    "depth": 4,
    "numchild": 1,
    "placeholder": 23,
    "parent": 202,
    "position": 0,
    "language": "de",
    "plugin_type": "TextPlugin",
    "creation_date": "2015-11-05T12:07:15.175Z",
    "changed_date": "2016-02-23T16:44:33.685Z"
  }
},
{
  "model": "cms.cmsplugin",
  "pk": 238,
  "fields": {
    "path": "002B0001",
    "depth": 2,
    "numchild": 1,
    "placeholder": 31,
    "parent": 834,
    "position": 0,
    "language": "de",
    "plugin_type": "BootstrapRowPlugin",
    "creation_date": "2015-11-12T12:34:05.647Z",
    "changed_date": "2016-02-01T10:00:24.676Z"
  }
},
{
  "model": "cms.cmsplugin",
  "pk": 239,
  "fields": {
    "path": "002B00010001",
    "depth": 3,
    "numchild": 1,
    "placeholder": 31,
    "parent": 238,
    "position": 0,
    "language": "de",
    "plugin_type": "BootstrapColumnPlugin",
    "creation_date": "2015-11-12T12:34:10.821Z",
    "changed_date": "2016-02-01T10:00:24.682Z"
  }
},
{
  "model": "cms.cmsplugin",
  "pk": 242,
  "fields": {
    "path": "002B000100010001",
    "depth": 4,
    "numchild": 0,
    "placeholder": 31,
    "parent": 239,
    "position": 0,
    "language": "de",
    "plugin_type": "ShopOrderViewsPlugin",
    "creation_date": "2015-11-12T12:36:11.833Z",
    "changed_date": "2016-02-01T10:00:24.688Z"
  }
},
{
  "model": "cms.cmsplugin",
  "pk": 246,
  "fields": {
    "path": "002D0001",
    "depth": 2,
    "numchild": 1,
    "placeholder": 31,
    "parent": 839,
    "position": 0,
    "language": "en",
    "plugin_type": "BootstrapRowPlugin",
    "creation_date": "2015-11-12T12:34:05.647Z",
    "changed_date": "2016-02-01T10:00:24.649Z"
  }
},
{
  "model": "cms.cmsplugin",
  "pk": 247,
  "fields": {
    "path": "002D00010001",
    "depth": 3,
    "numchild": 1,
    "placeholder": 31,
    "parent": 246,
    "position": 0,
    "language": "en",
    "plugin_type": "BootstrapColumnPlugin",
    "creation_date": "2015-11-12T12:34:10.821Z",
    "changed_date": "2016-02-01T10:00:24.655Z"
  }
},
{
  "model": "cms.cmsplugin",
  "pk": 248,
  "fields": {
    "path": "002D000100010001",
    "depth": 4,
    "numchild": 0,
    "placeholder": 31,
    "parent": 247,
    "position": 0,
    "language": "en",
    "plugin_type": "ShopOrderViewsPlugin",
    "creation_date": "2015-11-12T12:36:11.833Z",
    "changed_date": "2016-02-01T10:00:24.661Z"
  }
},
{
  "model": "cms.cmsplugin",
  "pk": 258,
  "fields": {
    "path": "002L0001",
    "depth": 2,
    "numchild": 1,
    "placeholder": 35,
    "parent": 922,
    "position": 0,
    "language": "de",
    "plugin_type": "BootstrapRowPlugin",
    "creation_date": "2015-11-12T23:20:16.339Z",
    "changed_date": "2016-02-01T10:00:24.804Z"
  }
},
{
  "model": "cms.cmsplugin",
  "pk": 259,
  "fields": {
    "path": "002L00010001",
    "depth": 3,
    "numchild": 1,
    "placeholder": 35,
    "parent": 258,
    "position": 0,
    "language": "de",
    "plugin_type": "BootstrapColumnPlugin",
    "creation_date": "2015-11-12T23:20:22.388Z",
    "changed_date": "2016-02-01T10:00:24.812Z"
  }
},
{
  "model": "cms.cmsplugin",
  "pk": 260,
  "fields": {
    "path": "002L000100010001",
    "depth": 4,
    "numchild": 0,
    "placeholder": 35,
    "parent": 259,
    "position": 0,
    "language": "de",
    "plugin_type": "ShopOrderViewsPlugin",
    "creation_date": "2015-11-12T23:21:08.149Z",
    "changed_date": "2016-02-01T10:00:24.819Z"
  }
},
{
  "model": "cms.cmsplugin",
  "pk": 269,
  "fields": {
    "path": "002S0001",
    "depth": 2,
    "numchild": 1,
    "placeholder": 39,
    "parent": 941,
    "position": 0,
    "language": "de",
    "plugin_type": "BootstrapRowPlugin",
    "creation_date": "2015-11-13T00:07:20.154Z",
    "changed_date": "2016-02-01T10:00:24.932Z"
  }
},
{
  "model": "cms.cmsplugin",
  "pk": 270,
  "fields": {
    "path": "002S00010001",
    "depth": 3,
    "numchild": 1,
    "placeholder": 39,
    "parent": 269,
    "position": 0,
    "language": "de",
    "plugin_type": "BootstrapColumnPlugin",
    "creation_date": "2015-11-13T00:07:25.179Z",
    "changed_date": "2016-02-01T10:00:24.938Z"
  }
},
{
  "model": "cms.cmsplugin",
  "pk": 275,
  "fields": {
    "path": "002900020001",
    "depth": 3,
    "numchild": 3,
    "placeholder": 19,
    "parent": 36,
    "position": 0,
    "language": "de",
    "plugin_type": "BootstrapRowPlugin",
    "creation_date": "2015-11-13T07:58:26.829Z",
    "changed_date": "2016-02-01T10:00:23.556Z"
  }
},
{
  "model": "cms.cmsplugin",
  "pk": 276,
  "fields": {
    "path": "0029000200010001",
    "depth": 4,
    "numchild": 1,
    "placeholder": 19,
    "parent": 275,
    "position": 0,
    "language": "de",
    "plugin_type": "BootstrapColumnPlugin",
    "creation_date": "2015-11-13T07:58:30.141Z",
    "changed_date": "2016-03-07T11:05:18.871Z"
  }
},
{
  "model": "cms.cmsplugin",
  "pk": 277,
  "fields": {
    "path": "0029000200010002",
    "depth": 4,
    "numchild": 1,
    "placeholder": 19,
    "parent": 275,
    "position": 1,
    "language": "de",
    "plugin_type": "BootstrapColumnPlugin",
    "creation_date": "2015-11-13T07:58:30.251Z",
    "changed_date": "2016-03-07T11:05:18.890Z"
  }
},
{
  "model": "cms.cmsplugin",
  "pk": 278,
  "fields": {
    "path": "0029000200010003",
    "depth": 4,
    "numchild": 1,
    "placeholder": 19,
    "parent": 275,
    "position": 2,
    "language": "de",
    "plugin_type": "BootstrapColumnPlugin",
    "creation_date": "2015-11-13T07:58:30.362Z",
    "changed_date": "2016-03-07T11:05:18.910Z"
  }
},
{
  "model": "cms.cmsplugin",
  "pk": 279,
  "fields": {
    "path": "00290002000100010001",
    "depth": 5,
    "numchild": 0,
    "placeholder": 19,
    "parent": 276,
    "position": 0,
    "language": "de",
    "plugin_type": "ShopAuthenticationPlugin",
    "creation_date": "2015-11-13T07:59:27.855Z",
    "changed_date": "2016-02-01T10:00:23.589Z"
  }
},
{
  "model": "cms.cmsplugin",
  "pk": 281,
  "fields": {
    "path": "00290002000100020001",
    "depth": 5,
    "numchild": 0,
    "placeholder": 19,
    "parent": 277,
    "position": 0,
    "language": "de",
    "plugin_type": "ShopAuthenticationPlugin",
    "creation_date": "2015-11-13T08:01:15.285Z",
    "changed_date": "2016-02-01T10:00:23.595Z"
  }
},
{
  "model": "cms.cmsplugin",
  "pk": 282,
  "fields": {
    "path": "00290002000100030001",
    "depth": 5,
    "numchild": 0,
    "placeholder": 19,
    "parent": 278,
    "position": 0,
    "language": "de",
    "plugin_type": "ShopAuthenticationPlugin",
    "creation_date": "2015-11-13T08:01:42.825Z",
    "changed_date": "2016-02-01T10:00:23.601Z"
  }
},
{
  "model": "cms.cmsplugin",
  "pk": 348,
  "fields": {
    "path": "0025000100030001",
    "depth": 4,
    "numchild": 0,
    "placeholder": 23,
    "parent": 2918,
    "position": 0,
    "language": "de",
    "plugin_type": "BootstrapImagePlugin",
    "creation_date": "2015-11-25T17:34:43.289Z",
    "changed_date": "2016-02-23T16:52:49.866Z"
  }
},
{
  "model": "cms.cmsplugin",
  "pk": 359,
  "fields": {
    "path": "002H0001",
    "depth": 2,
    "numchild": 1,
    "placeholder": 14,
    "parent": 851,
    "position": 0,
    "language": "en",
    "plugin_type": "BootstrapRowPlugin",
    "creation_date": "2015-11-01T00:05:30.475Z",
    "changed_date": "2016-02-01T10:00:23.001Z"
  }
},
{
  "model": "cms.cmsplugin",
  "pk": 360,
  "fields": {
    "path": "002H00010001",
    "depth": 3,
    "numchild": 1,
    "placeholder": 14,
    "parent": 359,
    "position": 0,
    "language": "en",
    "plugin_type": "BootstrapColumnPlugin",
    "creation_date": "2015-11-01T00:05:36.180Z",
    "changed_date": "2016-02-01T10:00:23.014Z"
  }
},
{
  "model": "cms.cmsplugin",
  "pk": 361,
  "fields": {
    "path": "002H000100010001",
    "depth": 4,
    "numchild": 0,
    "placeholder": 14,
    "parent": 360,
    "position": 0,
    "language": "en",
    "plugin_type": "ShopCartPlugin",
    "creation_date": "2015-11-02T14:46:52.664Z",
    "changed_date": "2016-02-01T10:00:23.032Z"
  }
},
{
  "model": "cms.cmsplugin",
  "pk": 362,
  "fields": {
    "path": "002H0002",
    "depth": 2,
    "numchild": 2,
    "placeholder": 14,
    "parent": 851,
    "position": 1,
    "language": "en",
    "plugin_type": "BootstrapRowPlugin",
    "creation_date": "2015-11-03T10:32:50.862Z",
    "changed_date": "2016-02-01T10:00:23.008Z"
  }
},
{
  "model": "cms.cmsplugin",
  "pk": 363,
  "fields": {
    "path": "002H00020001",
    "depth": 3,
    "numchild": 1,
    "placeholder": 14,
    "parent": 362,
    "position": 0,
    "language": "en",
    "plugin_type": "BootstrapColumnPlugin",
    "creation_date": "2015-11-03T10:32:56.109Z",
    "changed_date": "2016-02-01T10:00:23.021Z"
  }
},
{
  "model": "cms.cmsplugin",
  "pk": 364,
  "fields": {
    "path": "002H000200010001",
    "depth": 4,
    "numchild": 0,
    "placeholder": 14,
    "parent": 363,
    "position": 0,
    "language": "en",
    "plugin_type": "BootstrapButtonPlugin",
    "creation_date": "2015-11-03T10:46:46.928Z",
    "changed_date": "2016-02-01T10:00:23.038Z"
  }
},
{
  "model": "cms.cmsplugin",
  "pk": 365,
  "fields": {
    "path": "002H00020002",
    "depth": 3,
    "numchild": 1,
    "placeholder": 14,
    "parent": 362,
    "position": 1,
    "language": "en",
    "plugin_type": "BootstrapColumnPlugin",
    "creation_date": "2015-11-03T10:32:56.205Z",
    "changed_date": "2016-02-01T10:00:23.026Z"
  }
},
{
  "model": "cms.cmsplugin",
  "pk": 366,
  "fields": {
    "path": "002H000200020001",
    "depth": 4,
    "numchild": 0,
    "placeholder": 14,
    "parent": 365,
    "position": 0,
    "language": "en",
    "plugin_type": "BootstrapButtonPlugin",
    "creation_date": "2015-11-03T16:29:17.878Z",
    "changed_date": "2016-02-01T10:00:23.044Z"
  }
},
{
  "model": "cms.cmsplugin",
  "pk": 376,
  "fields": {
    "path": "002J0001",
    "depth": 2,
    "numchild": 1,
    "placeholder": 19,
    "parent": 861,
    "position": 0,
    "language": "en",
    "plugin_type": "SegmentPlugin",
    "creation_date": "2015-11-03T11:52:31.490Z",
    "changed_date": "2016-02-01T10:00:23.251Z"
  }
},
{
  "model": "cms.cmsplugin",
  "pk": 377,
  "fields": {
    "path": "002J00010001",
    "depth": 3,
    "numchild": 1,
    "placeholder": 19,
    "parent": 376,
    "position": 0,
    "language": "en",
    "plugin_type": "BootstrapRowPlugin",
    "creation_date": "2015-11-03T12:00:22.464Z",
    "changed_date": "2016-02-02T17:44:39.880Z"
  }
},
{
  "model": "cms.cmsplugin",
  "pk": 378,
  "fields": {
    "path": "002J000100010001",
    "depth": 4,
    "numchild": 1,
    "placeholder": 19,
    "parent": 377,
    "position": 0,
    "language": "en",
    "plugin_type": "BootstrapColumnPlugin",
    "creation_date": "2015-11-03T12:00:27.233Z",
    "changed_date": "2016-03-07T11:05:50.529Z"
  }
},
{
  "model": "cms.cmsplugin",
  "pk": 379,
  "fields": {
    "path": "002J0001000100010001",
    "depth": 5,
    "numchild": 4,
    "placeholder": 19,
    "parent": 378,
    "position": 0,
    "language": "en",
    "plugin_type": "ProcessBarPlugin",
    "creation_date": "2015-11-03T12:01:52.087Z",
    "changed_date": "2016-02-01T10:00:23.296Z"
  }
},
{
  "model": "cms.cmsplugin",
  "pk": 380,
  "fields": {
    "path": "002J00010001000100010001",
    "depth": 6,
    "numchild": 4,
    "placeholder": 19,
    "parent": 379,
    "position": 0,
    "language": "en",
    "plugin_type": "ProcessStepPlugin",
    "creation_date": "2015-11-03T12:01:57.069Z",
    "changed_date": "2016-02-03T10:46:17.398Z"
  }
},
{
  "model": "cms.cmsplugin",
  "pk": 381,
  "fields": {
    "path": "002J000100010001000100010001",
    "depth": 7,
    "numchild": 1,
    "placeholder": 19,
    "parent": 380,
    "position": 0,
    "language": "en",
    "plugin_type": "SegmentPlugin",
    "creation_date": "2015-11-03T12:03:13.411Z",
    "changed_date": "2016-02-03T10:46:17.291Z"
  }
},
{
  "model": "cms.cmsplugin",
  "pk": 382,
  "fields": {
    "path": "002J0001000100010001000100010001",
    "depth": 8,
    "numchild": 0,
    "placeholder": 19,
    "parent": 381,
    "position": 0,
    "language": "en",
    "plugin_type": "CustomerFormPlugin",
    "creation_date": "2015-11-03T12:05:35.165Z",
    "changed_date": "2016-02-03T10:46:17.303Z"
  }
},
{
  "model": "cms.cmsplugin",
  "pk": 383,
  "fields": {
    "path": "002J000100010001000100010002",
    "depth": 7,
    "numchild": 1,
    "placeholder": 19,
    "parent": 380,
    "position": 1,
    "language": "en",
    "plugin_type": "SegmentPlugin",
    "creation_date": "2015-11-03T12:03:40.516Z",
    "changed_date": "2016-02-03T10:46:17.314Z"
  }
},
{
  "model": "cms.cmsplugin",
  "pk": 384,
  "fields": {
    "path": "002J0001000100010001000100020001",
    "depth": 8,
    "numchild": 0,
    "placeholder": 19,
    "parent": 383,
    "position": 0,
    "language": "en",
    "plugin_type": "GuestFormPlugin",
    "creation_date": "2015-11-03T12:04:17.682Z",
    "changed_date": "2016-02-03T10:46:17.328Z"
  }
},
{
  "model": "cms.cmsplugin",
  "pk": 385,
  "fields": {
    "path": "002J000100010001000100010003",
    "depth": 7,
    "numchild": 0,
    "placeholder": 19,
    "parent": 380,
    "position": 3,
    "language": "en",
    "plugin_type": "ProcessNextStepPlugin",
    "creation_date": "2015-11-03T12:06:29.969Z",
    "changed_date": "2016-02-03T10:46:17.340Z"
  }
},
{
  "model": "cms.cmsplugin",
  "pk": 386,
  "fields": {
    "path": "002J00010001000100010002",
    "depth": 6,
    "numchild": 4,
    "placeholder": 19,
    "parent": 379,
    "position": 1,
    "language": "en",
    "plugin_type": "ProcessStepPlugin",
    "creation_date": "2015-11-03T12:01:57.141Z",
    "changed_date": "2016-02-03T10:46:17.378Z"
  }
},
{
  "model": "cms.cmsplugin",
  "pk": 387,
  "fields": {
    "path": "002J000100010001000100020001",
    "depth": 7,
    "numchild": 0,
    "placeholder": 19,
    "parent": 386,
    "position": 0,
    "language": "en",
    "plugin_type": "ShippingAddressFormPlugin",
    "creation_date": "2015-11-03T12:07:45.248Z",
    "changed_date": "2016-03-07T11:01:23.828Z"
  }
},
{
  "model": "cms.cmsplugin",
  "pk": 388,
  "fields": {
    "path": "002J000100010001000100020002",
    "depth": 7,
    "numchild": 0,
    "placeholder": 19,
    "parent": 386,
    "position": 1,
    "language": "en",
    "plugin_type": "BillingAddressFormPlugin",
    "creation_date": "2015-11-03T12:08:16.160Z",
    "changed_date": "2016-03-07T11:01:45.776Z"
  }
},
{
  "model": "cms.cmsplugin",
  "pk": 389,
  "fields": {
    "path": "002J000100010001000100020003",
    "depth": 7,
    "numchild": 0,
    "placeholder": 19,
    "parent": 386,
    "position": 3,
    "language": "en",
    "plugin_type": "ProcessNextStepPlugin",
    "creation_date": "2015-11-03T12:08:38.948Z",
    "changed_date": "2016-02-01T10:00:23.388Z"
  }
},
{
  "model": "cms.cmsplugin",
  "pk": 390,
  "fields": {
    "path": "002J00010001000100010003",
    "depth": 6,
    "numchild": 7,
    "placeholder": 19,
    "parent": 379,
    "position": 2,
    "language": "en",
    "plugin_type": "ProcessStepPlugin",
    "creation_date": "2015-11-03T12:01:57.216Z",
    "changed_date": "2016-02-03T10:46:17.416Z"
  }
},
{
  "model": "cms.cmsplugin",
  "pk": 391,
  "fields": {
    "path": "002J000100010001000100040005",
    "depth": 7,
    "numchild": 0,
    "placeholder": 19,
    "parent": 1559,
    "position": 1,
    "language": "en",
    "plugin_type": "ShopCartPlugin",
    "creation_date": "2015-11-03T12:09:28.368Z",
    "changed_date": "2016-02-02T11:23:10.370Z"
  }
},
{
  "model": "cms.cmsplugin",
  "pk": 392,
  "fields": {
    "path": "002J000100010001000100030002",
    "depth": 7,
    "numchild": 0,
    "placeholder": 19,
    "parent": 390,
    "position": 2,
    "language": "en",
    "plugin_type": "PaymentMethodFormPlugin",
    "creation_date": "2015-11-03T12:10:27.667Z",
    "changed_date": "2016-02-04T06:45:08.292Z"
  }
},
{
  "model": "cms.cmsplugin",
  "pk": 393,
  "fields": {
    "path": "002J000100010001000100030003",
    "depth": 7,
    "numchild": 0,
    "placeholder": 19,
    "parent": 390,
    "position": 3,
    "language": "en",
    "plugin_type": "ShippingMethodFormPlugin",
    "creation_date": "2015-11-03T12:10:56.492Z",
    "changed_date": "2016-02-04T06:45:08.313Z"
  }
},
{
  "model": "cms.cmsplugin",
  "pk": 394,
  "fields": {
    "path": "002J000100010001000100030004",
    "depth": 7,
    "numchild": 0,
    "placeholder": 19,
    "parent": 390,
    "position": 4,
    "language": "en",
    "plugin_type": "ExtraAnnotationFormPlugin",
    "creation_date": "2015-11-03T12:11:30.640Z",
    "changed_date": "2016-02-04T06:45:08.332Z"
  }
},
{
  "model": "cms.cmsplugin",
  "pk": 395,
  "fields": {
    "path": "002J000100010001000100040001",
    "depth": 7,
    "numchild": 1,
    "placeholder": 19,
    "parent": 1559,
    "position": 8,
    "language": "en",
    "plugin_type": "AcceptConditionFormPlugin",
    "creation_date": "2015-11-03T12:12:11.300Z",
    "changed_date": "2016-02-02T11:23:10.492Z"
  }
},
{
  "model": "cms.cmsplugin",
  "pk": 396,
  "fields": {
    "path": "002J000100010001000100040002",
    "depth": 7,
    "numchild": 0,
    "placeholder": 19,
    "parent": 1559,
    "position": 9,
    "language": "en",
    "plugin_type": "ShopProceedButton",
    "creation_date": "2015-11-03T15:12:48.394Z",
    "changed_date": "2016-02-02T11:23:10.510Z"
  }
},
{
  "model": "cms.cmsplugin",
  "pk": 397,
  "fields": {
    "path": "002J0002",
    "depth": 2,
    "numchild": 1,
    "placeholder": 19,
    "parent": 861,
    "position": 1,
    "language": "en",
    "plugin_type": "SegmentPlugin",
    "creation_date": "2015-11-03T11:52:57.955Z",
    "changed_date": "2016-02-01T10:00:23.256Z"
  }
},
{
  "model": "cms.cmsplugin",
  "pk": 398,
  "fields": {
    "path": "002J00020001",
    "depth": 3,
    "numchild": 3,
    "placeholder": 19,
    "parent": 397,
    "position": 0,
    "language": "en",
    "plugin_type": "BootstrapRowPlugin",
    "creation_date": "2015-11-13T07:58:26.829Z",
    "changed_date": "2016-02-01T10:00:23.269Z"
  }
},
{
  "model": "cms.cmsplugin",
  "pk": 399,
  "fields": {
    "path": "002J000200010001",
    "depth": 4,
    "numchild": 1,
    "placeholder": 19,
    "parent": 398,
    "position": 0,
    "language": "en",
    "plugin_type": "BootstrapColumnPlugin",
    "creation_date": "2015-11-13T07:58:30.141Z",
    "changed_date": "2016-03-07T11:05:50.637Z"
  }
},
{
  "model": "cms.cmsplugin",
  "pk": 400,
  "fields": {
    "path": "002J0002000100010001",
    "depth": 5,
    "numchild": 0,
    "placeholder": 19,
    "parent": 399,
    "position": 0,
    "language": "en",
    "plugin_type": "ShopAuthenticationPlugin",
    "creation_date": "2015-11-13T07:59:27.855Z",
    "changed_date": "2016-02-01T10:00:23.303Z"
  }
},
{
  "model": "cms.cmsplugin",
  "pk": 401,
  "fields": {
    "path": "002J000200010002",
    "depth": 4,
    "numchild": 1,
    "placeholder": 19,
    "parent": 398,
    "position": 1,
    "language": "en",
    "plugin_type": "BootstrapColumnPlugin",
    "creation_date": "2015-11-13T07:58:30.251Z",
    "changed_date": "2016-03-07T11:05:50.657Z"
  }
},
{
  "model": "cms.cmsplugin",
  "pk": 402,
  "fields": {
    "path": "002J0002000100020001",
    "depth": 5,
    "numchild": 0,
    "placeholder": 19,
    "parent": 401,
    "position": 0,
    "language": "en",
    "plugin_type": "ShopAuthenticationPlugin",
    "creation_date": "2015-11-13T08:01:15.285Z",
    "changed_date": "2016-02-01T10:00:23.310Z"
  }
},
{
  "model": "cms.cmsplugin",
  "pk": 403,
  "fields": {
    "path": "002J000200010003",
    "depth": 4,
    "numchild": 1,
    "placeholder": 19,
    "parent": 398,
    "position": 2,
    "language": "en",
    "plugin_type": "BootstrapColumnPlugin",
    "creation_date": "2015-11-13T07:58:30.362Z",
    "changed_date": "2016-03-07T11:05:50.677Z"
  }
},
{
  "model": "cms.cmsplugin",
  "pk": 404,
  "fields": {
    "path": "002J0002000100030001",
    "depth": 5,
    "numchild": 0,
    "placeholder": 19,
    "parent": 403,
    "position": 0,
    "language": "en",
    "plugin_type": "ShopAuthenticationPlugin",
    "creation_date": "2015-11-13T08:01:42.825Z",
    "changed_date": "2016-02-01T10:00:23.315Z"
  }
},
{
  "model": "cms.cmsplugin",
  "pk": 565,
  "fields": {
    "path": "002F0001",
    "depth": 2,
    "numchild": 2,
    "placeholder": 23,
    "parent": 844,
    "position": 1,
    "language": "en",
    "plugin_type": "BootstrapRowPlugin",
    "creation_date": "2015-11-05T11:08:54.064Z",
    "changed_date": "2016-03-01T22:52:49.481Z"
  }
},
{
  "model": "cms.cmsplugin",
  "pk": 566,
  "fields": {
    "path": "002F00010001",
    "depth": 3,
    "numchild": 1,
    "placeholder": 23,
    "parent": 565,
    "position": 0,
    "language": "en",
    "plugin_type": "BootstrapColumnPlugin",
    "creation_date": "2015-11-05T11:09:02.696Z",
    "changed_date": "2016-04-07T13:43:21.956Z"
  }
},
{
  "model": "cms.cmsplugin",
  "pk": 567,
  "fields": {
    "path": "002F000100010001",
    "depth": 4,
    "numchild": 0,
    "placeholder": 23,
    "parent": 566,
    "position": 0,
    "language": "en",
    "plugin_type": "BootstrapImagePlugin",
    "creation_date": "2015-11-25T17:34:43.289Z",
    "changed_date": "2016-02-01T10:00:24.419Z"
  }
},
{
  "model": "cms.cmsplugin",
  "pk": 568,
  "fields": {
    "path": "002F00010002",
    "depth": 3,
    "numchild": 1,
    "placeholder": 23,
    "parent": 565,
    "position": 1,
    "language": "en",
    "plugin_type": "BootstrapColumnPlugin",
    "creation_date": "2015-11-05T11:09:02.802Z",
    "changed_date": "2016-02-01T10:00:24.413Z"
  }
},
{
  "model": "cms.cmsplugin",
  "pk": 569,
  "fields": {
    "path": "002F000100020001",
    "depth": 4,
    "numchild": 0,
    "placeholder": 23,
    "parent": 568,
    "position": 0,
    "language": "en",
    "plugin_type": "TextPlugin",
    "creation_date": "2015-12-01T21:58:00.739Z",
    "changed_date": "2016-02-01T10:00:24.427Z"
  }
},
{
  "model": "cms.cmsplugin",
  "pk": 607,
  "fields": {
    "path": "001Z0001",
    "depth": 2,
    "numchild": 1,
    "placeholder": 54,
    "parent": 738,
    "position": 0,
    "language": "de",
    "plugin_type": "BootstrapRowPlugin",
    "creation_date": "2015-12-03T08:01:03.043Z",
    "changed_date": "2016-02-01T10:00:25.222Z"
  }
},
{
  "model": "cms.cmsplugin",
  "pk": 608,
  "fields": {
    "path": "001Z00010001",
    "depth": 3,
    "numchild": 2,
    "placeholder": 54,
    "parent": 607,
    "position": 0,
    "language": "de",
    "plugin_type": "BootstrapColumnPlugin",
    "creation_date": "2015-12-03T08:01:07.295Z",
    "changed_date": "2016-02-24T10:05:17.831Z"
  }
},
{
  "model": "cms.cmsplugin",
  "pk": 609,
  "fields": {
    "path": "001Z000100010001",
    "depth": 4,
    "numchild": 0,
    "placeholder": 54,
    "parent": 608,
    "position": 1,
    "language": "de",
    "plugin_type": "ShopCatalogPlugin",
    "creation_date": "2015-12-03T08:01:36.851Z",
    "changed_date": "2016-02-01T10:00:25.244Z"
  }
},
{
  "model": "cms.cmsplugin",
  "pk": 640,
  "fields": {
    "path": "00250001000200010001",
    "depth": 5,
    "numchild": 0,
    "placeholder": 23,
    "parent": 212,
    "position": 0,
    "language": "de",
    "plugin_type": "TextLinkPlugin",
    "creation_date": "2015-12-14T21:58:41.769Z",
    "changed_date": "2016-02-01T10:00:24.499Z"
  }
},
{
  "model": "cms.cmsplugin",
  "pk": 679,
  "fields": {
    "path": "0025000100020002",
    "depth": 4,
    "numchild": 0,
    "placeholder": 23,
    "parent": 202,
    "position": 2,
    "language": "de",
    "plugin_type": "BootstrapButtonPlugin",
    "creation_date": "2015-12-18T18:10:29.618Z",
    "changed_date": "2016-02-23T16:44:33.690Z"
  }
},
{
  "model": "cms.cmsplugin",
  "pk": 694,
  "fields": {
    "path": "001Z000100010002",
    "depth": 4,
    "numchild": 0,
    "placeholder": 54,
    "parent": 608,
    "position": 0,
    "language": "de",
    "plugin_type": "TextPlugin",
    "creation_date": "2015-12-19T17:58:32.891Z",
    "changed_date": "2016-02-23T17:04:47.200Z"
  }
},
{
  "model": "cms.cmsplugin",
  "pk": 716,
  "fields": {
    "path": "002Y0001",
    "depth": 2,
    "numchild": 1,
    "placeholder": 54,
    "parent": 974,
    "position": 0,
    "language": "en",
    "plugin_type": "BootstrapRowPlugin",
    "creation_date": "2016-01-02T13:24:32.828Z",
    "changed_date": "2016-02-01T10:00:25.190Z"
  }
},
{
  "model": "cms.cmsplugin",
  "pk": 717,
  "fields": {
    "path": "002Y00010001",
    "depth": 3,
    "numchild": 2,
    "placeholder": 54,
    "parent": 716,
    "position": 0,
    "language": "en",
    "plugin_type": "BootstrapColumnPlugin",
    "creation_date": "2016-01-02T13:24:37.507Z",
    "changed_date": "2016-02-01T10:00:25.196Z"
  }
},
{
  "model": "cms.cmsplugin",
  "pk": 718,
  "fields": {
    "path": "002Y000100010001",
    "depth": 4,
    "numchild": 0,
    "placeholder": 54,
    "parent": 717,
    "position": 1,
    "language": "en",
    "plugin_type": "ShopCatalogPlugin",
    "creation_date": "2016-01-02T13:24:52.350Z",
    "changed_date": "2016-02-09T08:52:15.576Z"
  }
},
{
  "model": "cms.cmsplugin",
  "pk": 738,
  "fields": {
    "path": "001Z",
    "depth": 1,
    "numchild": 1,
    "placeholder": 54,
    "parent": null,
    "position": 0,
    "language": "de",
    "plugin_type": "BootstrapContainerPlugin",
    "creation_date": "2016-01-16T21:57:47.046Z",
    "changed_date": "2016-02-01T10:00:25.212Z"
  }
},
{
  "model": "cms.cmsplugin",
  "pk": 754,
  "fields": {
    "path": "0025",
    "depth": 1,
    "numchild": 1,
    "placeholder": 23,
    "parent": null,
    "position": 0,
    "language": "de",
    "plugin_type": "BootstrapContainerPlugin",
    "creation_date": "2016-01-16T21:59:33.811Z",
    "changed_date": "2016-03-07T11:18:44.660Z"
  }
},
{
  "model": "cms.cmsplugin",
  "pk": 763,
  "fields": {
    "path": "0027",
    "depth": 1,
    "numchild": 2,
    "placeholder": 14,
    "parent": null,
    "position": 0,
    "language": "de",
    "plugin_type": "BootstrapContainerPlugin",
    "creation_date": "2016-01-16T22:04:14.197Z",
    "changed_date": "2016-02-01T10:00:23.054Z"
  }
},
{
  "model": "cms.cmsplugin",
  "pk": 773,
  "fields": {
    "path": "0029",
    "depth": 1,
    "numchild": 2,
    "placeholder": 19,
    "parent": null,
    "position": 0,
    "language": "de",
    "plugin_type": "BootstrapContainerPlugin",
    "creation_date": "2016-01-16T22:05:03.362Z",
    "changed_date": "2016-03-07T11:05:18.729Z"
  }
},
{
  "model": "cms.cmsplugin",
  "pk": 834,
  "fields": {
    "path": "002B",
    "depth": 1,
    "numchild": 1,
    "placeholder": 31,
    "parent": null,
    "position": 0,
    "language": "de",
    "plugin_type": "BootstrapContainerPlugin",
    "creation_date": "2016-01-16T22:08:37.403Z",
    "changed_date": "2016-02-01T10:00:24.669Z"
  }
},
{
  "model": "cms.cmsplugin",
  "pk": 839,
  "fields": {
    "path": "002D",
    "depth": 1,
    "numchild": 1,
    "placeholder": 31,
    "parent": null,
    "position": 0,
    "language": "en",
    "plugin_type": "BootstrapContainerPlugin",
    "creation_date": "2016-01-16T22:09:23.575Z",
    "changed_date": "2016-02-01T10:00:24.642Z"
  }
},
{
  "model": "cms.cmsplugin",
  "pk": 844,
  "fields": {
    "path": "002F",
    "depth": 1,
    "numchild": 1,
    "placeholder": 23,
    "parent": null,
    "position": 0,
    "language": "en",
    "plugin_type": "BootstrapContainerPlugin",
    "creation_date": "2016-01-16T22:10:03.370Z",
    "changed_date": "2016-03-07T11:17:56.631Z"
  }
},
{
  "model": "cms.cmsplugin",
  "pk": 851,
  "fields": {
    "path": "002H",
    "depth": 1,
    "numchild": 2,
    "placeholder": 14,
    "parent": null,
    "position": 0,
    "language": "en",
    "plugin_type": "BootstrapContainerPlugin",
    "creation_date": "2016-01-16T22:11:13.002Z",
    "changed_date": "2016-02-01T10:00:22.992Z"
  }
},
{
  "model": "cms.cmsplugin",
  "pk": 861,
  "fields": {
    "path": "002J",
    "depth": 1,
    "numchild": 2,
    "placeholder": 19,
    "parent": null,
    "position": 0,
    "language": "en",
    "plugin_type": "BootstrapContainerPlugin",
    "creation_date": "2016-01-16T22:11:53.541Z",
    "changed_date": "2016-03-07T11:05:50.499Z"
  }
},
{
  "model": "cms.cmsplugin",
  "pk": 922,
  "fields": {
    "path": "002L",
    "depth": 1,
    "numchild": 1,
    "placeholder": 35,
    "parent": null,
    "position": 0,
    "language": "de",
    "plugin_type": "BootstrapContainerPlugin",
    "creation_date": "2016-01-16T22:14:28.367Z",
    "changed_date": "2016-02-01T10:00:24.795Z"
  }
},
{
  "model": "cms.cmsplugin",
  "pk": 927,
  "fields": {
    "path": "002N",
    "depth": 1,
    "numchild": 1,
    "placeholder": 35,
    "parent": null,
    "position": 0,
    "language": "en",
    "plugin_type": "BootstrapContainerPlugin",
    "creation_date": "2016-01-16T22:14:28.367Z",
    "changed_date": "2016-02-01T10:00:24.767Z"
  }
},
{
  "model": "cms.cmsplugin",
  "pk": 928,
  "fields": {
    "path": "002N0001",
    "depth": 2,
    "numchild": 1,
    "placeholder": 35,
    "parent": 927,
    "position": 0,
    "language": "en",
    "plugin_type": "BootstrapRowPlugin",
    "creation_date": "2015-11-12T23:20:16.339Z",
    "changed_date": "2016-02-01T10:00:24.775Z"
  }
},
{
  "model": "cms.cmsplugin",
  "pk": 929,
  "fields": {
    "path": "002N00010001",
    "depth": 3,
    "numchild": 1,
    "placeholder": 35,
    "parent": 928,
    "position": 0,
    "language": "en",
    "plugin_type": "BootstrapColumnPlugin",
    "creation_date": "2015-11-12T23:20:22.388Z",
    "changed_date": "2016-02-01T10:00:24.781Z"
  }
},
{
  "model": "cms.cmsplugin",
  "pk": 930,
  "fields": {
    "path": "002N000100010001",
    "depth": 4,
    "numchild": 0,
    "placeholder": 35,
    "parent": 929,
    "position": 0,
    "language": "en",
    "plugin_type": "ShopOrderViewsPlugin",
    "creation_date": "2015-11-12T23:21:08.149Z",
    "changed_date": "2016-02-01T10:00:24.787Z"
  }
},
{
  "model": "cms.cmsplugin",
  "pk": 935,
  "fields": {
    "path": "002Q0001",
    "depth": 2,
    "numchild": 1,
    "placeholder": 39,
    "parent": 937,
    "position": 0,
    "language": "en",
    "plugin_type": "BootstrapRowPlugin",
    "creation_date": "2015-11-13T00:07:20.154Z",
    "changed_date": "2016-02-01T10:00:24.904Z"
  }
},
{
  "model": "cms.cmsplugin",
  "pk": 936,
  "fields": {
    "path": "002Q00010001",
    "depth": 3,
    "numchild": 1,
    "placeholder": 39,
    "parent": 935,
    "position": 0,
    "language": "en",
    "plugin_type": "BootstrapColumnPlugin",
    "creation_date": "2015-11-13T00:07:25.179Z",
    "changed_date": "2016-02-01T10:00:24.910Z"
  }
},
{
  "model": "cms.cmsplugin",
  "pk": 937,
  "fields": {
    "path": "002Q",
    "depth": 1,
    "numchild": 1,
    "placeholder": 39,
    "parent": null,
    "position": 0,
    "language": "en",
    "plugin_type": "BootstrapContainerPlugin",
    "creation_date": "2016-01-16T22:17:06.110Z",
    "changed_date": "2016-02-01T10:00:24.897Z"
  }
},
{
  "model": "cms.cmsplugin",
  "pk": 941,
  "fields": {
    "path": "002S",
    "depth": 1,
    "numchild": 1,
    "placeholder": 39,
    "parent": null,
    "position": 0,
    "language": "de",
    "plugin_type": "BootstrapContainerPlugin",
    "creation_date": "2016-01-16T22:18:02.418Z",
    "changed_date": "2016-02-01T10:00:24.925Z"
  }
},
{
  "model": "cms.cmsplugin",
  "pk": 942,
  "fields": {
    "path": "002S000100010001",
    "depth": 4,
    "numchild": 0,
    "placeholder": 39,
    "parent": 270,
    "position": 0,
    "language": "de",
    "plugin_type": "TextPlugin",
    "creation_date": "2016-01-16T22:18:20.221Z",
    "changed_date": "2016-02-01T10:00:24.944Z"
  }
},
{
  "model": "cms.cmsplugin",
  "pk": 947,
  "fields": {
    "path": "002Q000100010001",
    "depth": 4,
    "numchild": 0,
    "placeholder": 39,
    "parent": 936,
    "position": 0,
    "language": "en",
    "plugin_type": "TextPlugin",
    "creation_date": "2016-01-16T22:19:04.517Z",
    "changed_date": "2016-02-01T10:00:24.916Z"
  }
},
{
  "model": "cms.cmsplugin",
  "pk": 961,
  "fields": {
    "path": "002W",
    "depth": 1,
    "numchild": 1,
    "placeholder": 59,
    "parent": null,
    "position": 0,
    "language": "de",
    "plugin_type": "BootstrapContainerPlugin",
    "creation_date": "2016-01-25T17:03:37.276Z",
    "changed_date": "2016-02-01T10:00:25.334Z"
  }
},
{
  "model": "cms.cmsplugin",
  "pk": 962,
  "fields": {
    "path": "002W0001",
    "depth": 2,
    "numchild": 1,
    "placeholder": 59,
    "parent": 961,
    "position": 0,
    "language": "de",
    "plugin_type": "BootstrapRowPlugin",
    "creation_date": "2016-01-25T17:03:48.279Z",
    "changed_date": "2016-02-01T10:00:25.341Z"
  }
},
{
  "model": "cms.cmsplugin",
  "pk": 963,
  "fields": {
    "path": "002W00010001",
    "depth": 3,
    "numchild": 1,
    "placeholder": 59,
    "parent": 962,
    "position": 0,
    "language": "de",
    "plugin_type": "BootstrapColumnPlugin",
    "creation_date": "2016-01-25T17:03:53.493Z",
    "changed_date": "2016-02-01T10:00:25.347Z"
  }
},
{
  "model": "cms.cmsplugin",
  "pk": 969,
  "fields": {
    "path": "002W000100010002",
    "depth": 4,
    "numchild": 0,
    "placeholder": 59,
    "parent": 963,
    "position": 0,
    "language": "de",
    "plugin_type": "ShopSearchResultsPlugin",
    "creation_date": "2016-01-26T08:16:42.322Z",
    "changed_date": "2016-02-01T10:00:25.353Z"
  }
},
{
  "model": "cms.cmsplugin",
  "pk": 974,
  "fields": {
    "path": "002Y",
    "depth": 1,
    "numchild": 1,
    "placeholder": 54,
    "parent": null,
    "position": 0,
    "language": "en",
    "plugin_type": "BootstrapContainerPlugin",
    "creation_date": "2016-01-26T23:56:56.939Z",
    "changed_date": "2016-02-01T10:00:25.183Z"
  }
},
{
  "model": "cms.cmsplugin",
  "pk": 979,
  "fields": {
    "path": "0029000100010001000100010004",
    "depth": 7,
    "numchild": 0,
    "placeholder": 19,
    "parent": 43,
    "position": 2,
    "language": "de",
    "plugin_type": "RequiredFormFieldsPlugin",
    "creation_date": "2016-01-28T09:51:53.338Z",
    "changed_date": "2016-02-01T10:00:23.664Z"
  }
},
{
  "model": "cms.cmsplugin",
  "pk": 982,
  "fields": {
    "path": "0029000100010001000100020005",
    "depth": 7,
    "numchild": 0,
    "placeholder": 19,
    "parent": 44,
    "position": 2,
    "language": "de",
    "plugin_type": "RequiredFormFieldsPlugin",
    "creation_date": "2016-01-28T09:53:06.884Z",
    "changed_date": "2016-02-24T10:22:27.010Z"
  }
},
{
  "model": "cms.cmsplugin",
  "pk": 984,
  "fields": {
    "path": "0029000100010001000100030009",
    "depth": 7,
    "numchild": 0,
    "placeholder": 19,
    "parent": 45,
    "position": 5,
    "language": "de",
    "plugin_type": "RequiredFormFieldsPlugin",
    "creation_date": "2016-01-28T09:53:35.815Z",
    "changed_date": "2016-02-04T07:46:32.091Z"
  }
},
{
  "model": "cms.cmsplugin",
  "pk": 1284,
  "fields": {
    "path": "002J000100010001000100010004",
    "depth": 7,
    "numchild": 0,
    "placeholder": 19,
    "parent": 380,
    "position": 2,
    "language": "en",
    "plugin_type": "RequiredFormFieldsPlugin",
    "creation_date": "2016-01-29T14:27:21.436Z",
    "changed_date": "2016-02-03T10:46:17.351Z"
  }
},
{
  "model": "cms.cmsplugin",
  "pk": 1285,
  "fields": {
    "path": "002J000100010001000100020004",
    "depth": 7,
    "numchild": 0,
    "placeholder": 19,
    "parent": 386,
    "position": 2,
    "language": "en",
    "plugin_type": "RequiredFormFieldsPlugin",
    "creation_date": "2016-01-29T14:28:24.445Z",
    "changed_date": "2016-02-01T10:00:23.383Z"
  }
},
{
  "model": "cms.cmsplugin",
  "pk": 1286,
  "fields": {
    "path": "002J000100010001000100030007",
    "depth": 7,
    "numchild": 0,
    "placeholder": 19,
    "parent": 390,
    "position": 5,
    "language": "en",
    "plugin_type": "RequiredFormFieldsPlugin",
    "creation_date": "2016-01-29T14:29:31.869Z",
    "changed_date": "2016-02-04T06:45:08.353Z"
  }
},
{
  "model": "cms.cmsplugin",
  "pk": 1320,
  "fields": {
    "path": "002J0001000100010001000400010001",
    "depth": 8,
    "numchild": 0,
    "placeholder": 19,
    "parent": 395,
    "position": 0,
    "language": "en",
    "plugin_type": "TextLinkPlugin",
    "creation_date": "2016-01-29T14:31:28.405Z",
    "changed_date": "2016-02-01T10:00:23.500Z"
  }
},
{
  "model": "cms.cmsplugin",
  "pk": 1559,
  "fields": {
    "path": "002J00010001000100010004",
    "depth": 6,
    "numchild": 10,
    "placeholder": 19,
    "parent": 379,
    "position": 3,
    "language": "en",
    "plugin_type": "ProcessStepPlugin",
    "creation_date": "2016-01-31T22:17:47.351Z",
    "changed_date": "2016-02-03T10:46:17.433Z"
  }
},
{
  "model": "cms.cmsplugin",
  "pk": 1561,
  "fields": {
    "path": "002J000100010001000100030008",
    "depth": 7,
    "numchild": 0,
    "placeholder": 19,
    "parent": 390,
    "position": 6,
    "language": "en",
    "plugin_type": "ProcessNextStepPlugin",
    "creation_date": "2016-01-31T22:19:19.918Z",
    "changed_date": "2016-02-04T06:45:08.372Z"
  }
},
{
  "model": "cms.cmsplugin",
  "pk": 1563,
  "fields": {
    "path": "002J000100010001000100040003",
    "depth": 7,
    "numchild": 0,
    "placeholder": 19,
    "parent": 1559,
    "position": 3,
    "language": "en",
    "plugin_type": "ShippingAddressFormPlugin",
    "creation_date": "2016-01-31T22:20:32.185Z",
    "changed_date": "2016-02-02T11:23:10.391Z"
  }
},
{
  "model": "cms.cmsplugin",
  "pk": 1565,
  "fields": {
    "path": "002J000100010001000100040004",
    "depth": 7,
    "numchild": 0,
    "placeholder": 19,
    "parent": 1559,
    "position": 4,
    "language": "en",
    "plugin_type": "BillingAddressFormPlugin",
    "creation_date": "2016-01-31T22:20:49.792Z",
    "changed_date": "2016-02-02T11:23:10.409Z"
  }
},
{
  "model": "cms.cmsplugin",
  "pk": 1567,
  "fields": {
    "path": "002J000100010001000100040006",
    "depth": 7,
    "numchild": 0,
    "placeholder": 19,
    "parent": 1559,
    "position": 5,
    "language": "en",
    "plugin_type": "PaymentMethodFormPlugin",
    "creation_date": "2016-01-31T22:23:33.271Z",
    "changed_date": "2016-02-02T11:23:10.427Z"
  }
},
{
  "model": "cms.cmsplugin",
  "pk": 1569,
  "fields": {
    "path": "002J000100010001000100040007",
    "depth": 7,
    "numchild": 0,
    "placeholder": 19,
    "parent": 1559,
    "position": 6,
    "language": "en",
    "plugin_type": "ShippingMethodFormPlugin",
    "creation_date": "2016-01-31T22:24:08.104Z",
    "changed_date": "2016-02-02T11:23:10.447Z"
  }
},
{
  "model": "cms.cmsplugin",
  "pk": 1570,
  "fields": {
    "path": "002J000100010001000100040008",
    "depth": 7,
    "numchild": 0,
    "placeholder": 19,
    "parent": 1559,
    "position": 0,
    "language": "en",
    "plugin_type": "TextPlugin",
    "creation_date": "2016-01-31T22:24:47.333Z",
    "changed_date": "2016-02-02T11:23:10.347Z"
  }
},
{
  "model": "cms.cmsplugin",
  "pk": 1622,
  "fields": {
    "path": "002900010001000100010004",
    "depth": 6,
    "numchild": 10,
    "placeholder": 19,
    "parent": 42,
    "position": 3,
    "language": "de",
    "plugin_type": "ProcessStepPlugin",
    "creation_date": "2016-01-31T23:53:18.364Z",
    "changed_date": "2016-02-24T10:22:27.056Z"
  }
},
{
  "model": "cms.cmsplugin",
  "pk": 1623,
  "fields": {
    "path": "0029000100010001000100040001",
    "depth": 7,
    "numchild": 2,
    "placeholder": 19,
    "parent": 1622,
    "position": 8,
    "language": "de",
    "plugin_type": "AcceptConditionFormPlugin",
    "creation_date": "2015-11-03T12:12:11.300Z",
    "changed_date": "2016-02-04T11:30:37.828Z"
  }
},
{
  "model": "cms.cmsplugin",
  "pk": 1624,
  "fields": {
    "path": "00290001000100010001000400010001",
    "depth": 8,
    "numchild": 0,
    "placeholder": 19,
    "parent": 1623,
    "position": 0,
    "language": "de",
    "plugin_type": "TextLinkPlugin",
    "creation_date": "2016-01-29T14:31:28.405Z",
    "changed_date": "2016-02-01T10:00:23.801Z"
  }
},
{
  "model": "cms.cmsplugin",
  "pk": 1625,
  "fields": {
    "path": "0029000100010001000100040002",
    "depth": 7,
    "numchild": 0,
    "placeholder": 19,
    "parent": 1622,
    "position": 9,
    "language": "de",
    "plugin_type": "ShopProceedButton",
    "creation_date": "2015-11-03T15:12:48.394Z",
    "changed_date": "2016-02-04T11:30:37.848Z"
  }
},
{
  "model": "cms.cmsplugin",
  "pk": 1626,
  "fields": {
    "path": "0029000100010001000100040003",
    "depth": 7,
    "numchild": 0,
    "placeholder": 19,
    "parent": 1622,
    "position": 3,
    "language": "de",
    "plugin_type": "ShippingAddressFormPlugin",
    "creation_date": "2016-01-31T22:20:32.185Z",
    "changed_date": "2016-02-04T11:30:37.731Z"
  }
},
{
  "model": "cms.cmsplugin",
  "pk": 1627,
  "fields": {
    "path": "0029000100010001000100040004",
    "depth": 7,
    "numchild": 0,
    "placeholder": 19,
    "parent": 1622,
    "position": 4,
    "language": "de",
    "plugin_type": "BillingAddressFormPlugin",
    "creation_date": "2016-01-31T22:20:49.792Z",
    "changed_date": "2016-02-04T11:30:37.750Z"
  }
},
{
  "model": "cms.cmsplugin",
  "pk": 1628,
  "fields": {
    "path": "0029000100010001000100040005",
    "depth": 7,
    "numchild": 0,
    "placeholder": 19,
    "parent": 1622,
    "position": 1,
    "language": "de",
    "plugin_type": "ShopCartPlugin",
    "creation_date": "2015-11-03T12:09:28.368Z",
    "changed_date": "2016-02-04T11:30:37.711Z"
  }
},
{
  "model": "cms.cmsplugin",
  "pk": 1629,
  "fields": {
    "path": "0029000100010001000100040006",
    "depth": 7,
    "numchild": 0,
    "placeholder": 19,
    "parent": 1622,
    "position": 5,
    "language": "de",
    "plugin_type": "PaymentMethodFormPlugin",
    "creation_date": "2016-01-31T22:23:33.271Z",
    "changed_date": "2016-02-04T11:30:37.771Z"
  }
},
{
  "model": "cms.cmsplugin",
  "pk": 1630,
  "fields": {
    "path": "0029000100010001000100040007",
    "depth": 7,
    "numchild": 0,
    "placeholder": 19,
    "parent": 1622,
    "position": 6,
    "language": "de",
    "plugin_type": "ShippingMethodFormPlugin",
    "creation_date": "2016-01-31T22:24:08.104Z",
    "changed_date": "2016-02-04T11:30:37.789Z"
  }
},
{
  "model": "cms.cmsplugin",
  "pk": 1631,
  "fields": {
    "path": "0029000100010001000100040008",
    "depth": 7,
    "numchild": 0,
    "placeholder": 19,
    "parent": 1622,
    "position": 0,
    "language": "de",
    "plugin_type": "TextPlugin",
    "creation_date": "2016-01-31T22:24:47.333Z",
    "changed_date": "2016-02-04T11:30:37.689Z"
  }
},
{
  "model": "cms.cmsplugin",
  "pk": 1676,
  "fields": {
    "path": "002900010001000100010003000A",
    "depth": 7,
    "numchild": 0,
    "placeholder": 19,
    "parent": 45,
    "position": 6,
    "language": "de",
    "plugin_type": "ProcessNextStepPlugin",
    "creation_date": "2016-01-31T23:56:21.778Z",
    "changed_date": "2016-02-04T07:46:32.112Z"
  }
},
{
  "model": "cms.cmsplugin",
  "pk": 1719,
  "fields": {
    "path": "00290001000100010001000400010002",
    "depth": 8,
    "numchild": 0,
    "placeholder": 19,
    "parent": 1623,
    "position": 1,
    "language": "de",
    "plugin_type": "TextLinkPlugin",
    "creation_date": "2016-01-31T23:58:39.314Z",
    "changed_date": "2016-02-01T10:00:23.808Z"
  }
},
{
  "model": "cms.cmsplugin",
  "pk": 1849,
  "fields": {
    "path": "002J000100010001000100040009",
    "depth": 7,
    "numchild": 0,
    "placeholder": 19,
    "parent": 1559,
    "position": 7,
    "language": "en",
    "plugin_type": "ExtraAnnotationFormPlugin",
    "creation_date": "2016-02-01T09:11:39.979Z",
    "changed_date": "2016-02-02T11:23:10.473Z"
  }
},
{
  "model": "cms.cmsplugin",
  "pk": 1937,
  "fields": {
    "path": "002J000100010001000100030009",
    "depth": 7,
    "numchild": 0,
    "placeholder": 19,
    "parent": 390,
    "position": 1,
    "language": "en",
    "plugin_type": "ShopCartPlugin",
    "creation_date": "2016-02-01T15:53:30.839Z",
    "changed_date": "2016-02-04T06:45:08.268Z"
  }
},
{
  "model": "cms.cmsplugin",
  "pk": 1981,
  "fields": {
    "path": "002J00010001000100010004000A",
    "depth": 7,
    "numchild": 0,
    "placeholder": 19,
    "parent": 1559,
    "position": 2,
    "language": "en",
    "plugin_type": "CustomerFormPlugin",
    "creation_date": "2016-02-02T11:21:26.486Z",
    "changed_date": "2016-02-02T11:23:10.533Z"
  }
},
{
  "model": "cms.cmsplugin",
  "pk": 2114,
  "fields": {
    "path": "003F",
    "depth": 1,
    "numchild": 1,
    "placeholder": 33,
    "parent": null,
    "position": 0,
    "language": "en",
    "plugin_type": "BootstrapContainerPlugin",
    "creation_date": "2016-01-16T22:09:23.575Z",
    "changed_date": "2016-02-03T23:35:34.377Z"
  }
},
{
  "model": "cms.cmsplugin",
  "pk": 2115,
  "fields": {
    "path": "003F0001",
    "depth": 2,
    "numchild": 1,
    "placeholder": 33,
    "parent": 2114,
    "position": 0,
    "language": "en",
    "plugin_type": "BootstrapRowPlugin",
    "creation_date": "2015-11-12T12:34:05.647Z",
    "changed_date": "2016-02-03T23:35:34.411Z"
  }
},
{
  "model": "cms.cmsplugin",
  "pk": 2116,
  "fields": {
    "path": "003F00010001",
    "depth": 3,
    "numchild": 1,
    "placeholder": 33,
    "parent": 2115,
    "position": 0,
    "language": "en",
    "plugin_type": "BootstrapColumnPlugin",
    "creation_date": "2015-11-12T12:34:10.821Z",
    "changed_date": "2016-02-03T23:35:34.457Z"
  }
},
{
  "model": "cms.cmsplugin",
  "pk": 2117,
  "fields": {
    "path": "003F000100010001",
    "depth": 4,
    "numchild": 0,
    "placeholder": 33,
    "parent": 2116,
    "position": 0,
    "language": "en",
    "plugin_type": "ShopOrderViewsPlugin",
    "creation_date": "2015-11-12T12:36:11.833Z",
    "changed_date": "2016-02-03T23:35:34.489Z"
  }
},
{
  "model": "cms.cmsplugin",
  "pk": 2127,
  "fields": {
    "path": "002J00010001000100010003000A",
    "depth": 7,
    "numchild": 0,
    "placeholder": 19,
    "parent": 390,
    "position": 0,
    "language": "en",
    "plugin_type": "TextPlugin",
    "creation_date": "2016-02-04T06:44:12.100Z",
    "changed_date": "2016-02-04T06:45:57.120Z"
  }
},
{
  "model": "cms.cmsplugin",
  "pk": 2128,
  "fields": {
    "path": "003H",
    "depth": 1,
    "numchild": 1,
    "placeholder": 37,
    "parent": null,
    "position": 0,
    "language": "en",
    "plugin_type": "BootstrapContainerPlugin",
    "creation_date": "2016-01-16T22:14:28.367Z",
    "changed_date": "2016-02-04T06:48:04.209Z"
  }
},
{
  "model": "cms.cmsplugin",
  "pk": 2129,
  "fields": {
    "path": "003H0001",
    "depth": 2,
    "numchild": 1,
    "placeholder": 37,
    "parent": 2128,
    "position": 0,
    "language": "en",
    "plugin_type": "BootstrapRowPlugin",
    "creation_date": "2015-11-12T23:20:16.339Z",
    "changed_date": "2016-02-04T06:48:04.236Z"
  }
},
{
  "model": "cms.cmsplugin",
  "pk": 2130,
  "fields": {
    "path": "003H00010001",
    "depth": 3,
    "numchild": 1,
    "placeholder": 37,
    "parent": 2129,
    "position": 0,
    "language": "en",
    "plugin_type": "BootstrapColumnPlugin",
    "creation_date": "2015-11-12T23:20:22.388Z",
    "changed_date": "2016-02-04T06:48:04.282Z"
  }
},
{
  "model": "cms.cmsplugin",
  "pk": 2131,
  "fields": {
    "path": "003H000100010001",
    "depth": 4,
    "numchild": 0,
    "placeholder": 37,
    "parent": 2130,
    "position": 0,
    "language": "en",
    "plugin_type": "ShopOrderViewsPlugin",
    "creation_date": "2015-11-12T23:21:08.149Z",
    "changed_date": "2016-02-04T06:48:04.312Z"
  }
},
{
  "model": "cms.cmsplugin",
  "pk": 2132,
  "fields": {
    "path": "003I",
    "depth": 1,
    "numchild": 1,
    "placeholder": 37,
    "parent": null,
    "position": 0,
    "language": "de",
    "plugin_type": "BootstrapContainerPlugin",
    "creation_date": "2016-01-16T22:14:28.367Z",
    "changed_date": "2016-02-04T06:48:42.749Z"
  }
},
{
  "model": "cms.cmsplugin",
  "pk": 2133,
  "fields": {
    "path": "003I0001",
    "depth": 2,
    "numchild": 1,
    "placeholder": 37,
    "parent": 2132,
    "position": 0,
    "language": "de",
    "plugin_type": "BootstrapRowPlugin",
    "creation_date": "2015-11-12T23:20:16.339Z",
    "changed_date": "2016-02-04T06:48:42.781Z"
  }
},
{
  "model": "cms.cmsplugin",
  "pk": 2134,
  "fields": {
    "path": "003I00010001",
    "depth": 3,
    "numchild": 1,
    "placeholder": 37,
    "parent": 2133,
    "position": 0,
    "language": "de",
    "plugin_type": "BootstrapColumnPlugin",
    "creation_date": "2015-11-12T23:20:22.388Z",
    "changed_date": "2016-02-04T06:48:42.826Z"
  }
},
{
  "model": "cms.cmsplugin",
  "pk": 2135,
  "fields": {
    "path": "003I000100010001",
    "depth": 4,
    "numchild": 0,
    "placeholder": 37,
    "parent": 2134,
    "position": 0,
    "language": "de",
    "plugin_type": "ShopOrderViewsPlugin",
    "creation_date": "2015-11-12T23:21:08.149Z",
    "changed_date": "2016-02-04T06:48:42.857Z"
  }
},
{
  "model": "cms.cmsplugin",
  "pk": 2136,
  "fields": {
    "path": "002900010001000100010003000B",
    "depth": 7,
    "numchild": 0,
    "placeholder": 19,
    "parent": 45,
    "position": 0,
    "language": "de",
    "plugin_type": "TextPlugin",
    "creation_date": "2016-02-04T07:45:16.885Z",
    "changed_date": "2016-02-04T08:04:52.260Z"
  }
},
{
  "model": "cms.cmsplugin",
  "pk": 2204,
  "fields": {
    "path": "003O",
    "depth": 1,
    "numchild": 1,
    "placeholder": 61,
    "parent": null,
    "position": 0,
    "language": "de",
    "plugin_type": "BootstrapContainerPlugin",
    "creation_date": "2016-01-25T17:03:37.276Z",
    "changed_date": "2016-02-04T07:52:50.085Z"
  }
},
{
  "model": "cms.cmsplugin",
  "pk": 2205,
  "fields": {
    "path": "003O0001",
    "depth": 2,
    "numchild": 1,
    "placeholder": 61,
    "parent": 2204,
    "position": 0,
    "language": "de",
    "plugin_type": "BootstrapRowPlugin",
    "creation_date": "2016-01-25T17:03:48.279Z",
    "changed_date": "2016-02-04T07:52:50.119Z"
  }
},
{
  "model": "cms.cmsplugin",
  "pk": 2206,
  "fields": {
    "path": "003O00010001",
    "depth": 3,
    "numchild": 1,
    "placeholder": 61,
    "parent": 2205,
    "position": 0,
    "language": "de",
    "plugin_type": "BootstrapColumnPlugin",
    "creation_date": "2016-01-25T17:03:53.493Z",
    "changed_date": "2016-02-04T07:52:50.165Z"
  }
},
{
  "model": "cms.cmsplugin",
  "pk": 2207,
  "fields": {
    "path": "003O000100010001",
    "depth": 4,
    "numchild": 0,
    "placeholder": 61,
    "parent": 2206,
    "position": 0,
    "language": "de",
    "plugin_type": "ShopSearchResultsPlugin",
    "creation_date": "2016-01-26T08:16:42.322Z",
    "changed_date": "2016-02-04T07:52:50.193Z"
  }
},
{
  "model": "cms.cmsplugin",
  "pk": 2379,
  "fields": {
    "path": "0029000100010001000100040009",
    "depth": 7,
    "numchild": 0,
    "placeholder": 19,
    "parent": 1622,
    "position": 7,
    "language": "de",
    "plugin_type": "ExtraAnnotationFormPlugin",
    "creation_date": "2016-02-04T11:27:43.944Z",
    "changed_date": "2016-02-04T11:30:37.808Z"
  }
},
{
  "model": "cms.cmsplugin",
  "pk": 2425,
  "fields": {
    "path": "002900010001000100010004000A",
    "depth": 7,
    "numchild": 0,
    "placeholder": 19,
    "parent": 1622,
    "position": 2,
    "language": "de",
    "plugin_type": "CustomerFormPlugin",
    "creation_date": "2016-02-04T11:30:01.733Z",
    "changed_date": "2016-02-04T11:30:37.868Z"
  }
},
{
  "model": "cms.cmsplugin",
  "pk": 2524,
  "fields": {
    "path": "002Y000100010002",
    "depth": 4,
    "numchild": 0,
    "placeholder": 54,
    "parent": 717,
    "position": 0,
    "language": "en",
    "plugin_type": "TextPlugin",
    "creation_date": "2015-12-19T17:58:32.891Z",
    "changed_date": "2016-02-09T08:52:15.655Z"
  }
},
{
  "model": "cms.cmsplugin",
  "pk": 2727,
  "fields": {
    "path": "004E",
    "depth": 1,
    "numchild": 1,
    "placeholder": 41,
    "parent": null,
    "position": 0,
    "language": "de",
    "plugin_type": "BootstrapContainerPlugin",
    "creation_date": "2016-01-16T22:18:02.418Z",
    "changed_date": "2016-02-15T21:31:23.840Z"
  }
},
{
  "model": "cms.cmsplugin",
  "pk": 2728,
  "fields": {
    "path": "004E0001",
    "depth": 2,
    "numchild": 1,
    "placeholder": 41,
    "parent": 2727,
    "position": 0,
    "language": "de",
    "plugin_type": "BootstrapRowPlugin",
    "creation_date": "2015-11-13T00:07:20.154Z",
    "changed_date": "2016-02-15T21:31:23.873Z"
  }
},
{
  "model": "cms.cmsplugin",
  "pk": 2729,
  "fields": {
    "path": "004E00010001",
    "depth": 3,
    "numchild": 1,
    "placeholder": 41,
    "parent": 2728,
    "position": 0,
    "language": "de",
    "plugin_type": "BootstrapColumnPlugin",
    "creation_date": "2015-11-13T00:07:25.179Z",
    "changed_date": "2016-02-15T21:31:23.920Z"
  }
},
{
  "model": "cms.cmsplugin",
  "pk": 2730,
  "fields": {
    "path": "004E000100010001",
    "depth": 4,
    "numchild": 0,
    "placeholder": 41,
    "parent": 2729,
    "position": 0,
    "language": "de",
    "plugin_type": "TextPlugin",
    "creation_date": "2016-01-16T22:18:20.221Z",
    "changed_date": "2016-02-15T21:31:23.989Z"
  }
},
{
  "model": "cms.cmsplugin",
  "pk": 2731,
  "fields": {
    "path": "004F",
    "depth": 1,
    "numchild": 1,
    "placeholder": 41,
    "parent": null,
    "position": 0,
    "language": "en",
    "plugin_type": "BootstrapContainerPlugin",
    "creation_date": "2016-01-16T22:17:06.110Z",
    "changed_date": "2016-02-15T21:31:30.828Z"
  }
},
{
  "model": "cms.cmsplugin",
  "pk": 2732,
  "fields": {
    "path": "004F0001",
    "depth": 2,
    "numchild": 1,
    "placeholder": 41,
    "parent": 2731,
    "position": 0,
    "language": "en",
    "plugin_type": "BootstrapRowPlugin",
    "creation_date": "2015-11-13T00:07:20.154Z",
    "changed_date": "2016-02-15T21:31:30.854Z"
  }
},
{
  "model": "cms.cmsplugin",
  "pk": 2733,
  "fields": {
    "path": "004F00010001",
    "depth": 3,
    "numchild": 1,
    "placeholder": 41,
    "parent": 2732,
    "position": 0,
    "language": "en",
    "plugin_type": "BootstrapColumnPlugin",
    "creation_date": "2015-11-13T00:07:25.179Z",
    "changed_date": "2016-02-15T21:31:30.903Z"
  }
},
{
  "model": "cms.cmsplugin",
  "pk": 2734,
  "fields": {
    "path": "004F000100010001",
    "depth": 4,
    "numchild": 0,
    "placeholder": 41,
    "parent": 2733,
    "position": 0,
    "language": "en",
    "plugin_type": "TextPlugin",
    "creation_date": "2016-01-16T22:19:04.517Z",
    "changed_date": "2016-02-15T21:31:30.961Z"
  }
},
{
  "model": "cms.cmsplugin",
  "pk": 2835,
  "fields": {
    "path": "004J",
    "depth": 1,
    "numchild": 0,
    "placeholder": 30,
    "parent": null,
    "position": 0,
    "language": "de",
    "plugin_type": "BreadcrumbPlugin",
    "creation_date": "2016-02-16T07:24:05.825Z",
    "changed_date": "2016-02-16T08:03:02.457Z"
  }
},
{
  "model": "cms.cmsplugin",
  "pk": 2841,
  "fields": {
    "path": "004K",
    "depth": 1,
    "numchild": 0,
    "placeholder": 32,
    "parent": null,
    "position": 0,
    "language": "de",
    "plugin_type": "BreadcrumbPlugin",
    "creation_date": "2016-02-16T07:24:05.825Z",
    "changed_date": "2016-02-16T08:03:13.631Z"
  }
},
{
  "model": "cms.cmsplugin",
  "pk": 2842,
  "fields": {
    "path": "004L",
    "depth": 1,
    "numchild": 1,
    "placeholder": 33,
    "parent": null,
    "position": 0,
    "language": "de",
    "plugin_type": "BootstrapContainerPlugin",
    "creation_date": "2016-01-16T22:08:37.403Z",
    "changed_date": "2016-02-16T08:03:13.686Z"
  }
},
{
  "model": "cms.cmsplugin",
  "pk": 2843,
  "fields": {
    "path": "004L0001",
    "depth": 2,
    "numchild": 1,
    "placeholder": 33,
    "parent": 2842,
    "position": 0,
    "language": "de",
    "plugin_type": "BootstrapRowPlugin",
    "creation_date": "2015-11-12T12:34:05.647Z",
    "changed_date": "2016-02-16T08:03:13.714Z"
  }
},
{
  "model": "cms.cmsplugin",
  "pk": 2844,
  "fields": {
    "path": "004L00010001",
    "depth": 3,
    "numchild": 1,
    "placeholder": 33,
    "parent": 2843,
    "position": 0,
    "language": "de",
    "plugin_type": "BootstrapColumnPlugin",
    "creation_date": "2015-11-12T12:34:10.821Z",
    "changed_date": "2016-02-16T08:03:13.757Z"
  }
},
{
  "model": "cms.cmsplugin",
  "pk": 2845,
  "fields": {
    "path": "004L000100010001",
    "depth": 4,
    "numchild": 0,
    "placeholder": 33,
    "parent": 2844,
    "position": 0,
    "language": "de",
    "plugin_type": "ShopOrderViewsPlugin",
    "creation_date": "2015-11-12T12:36:11.833Z",
    "changed_date": "2016-02-16T08:03:13.787Z"
  }
},
{
  "model": "cms.cmsplugin",
  "pk": 2846,
  "fields": {
    "path": "004M",
    "depth": 1,
    "numchild": 2,
    "placeholder": 62,
    "parent": null,
    "position": 0,
    "language": "en",
    "plugin_type": "BootstrapRowPlugin",
    "creation_date": "2016-02-17T15:20:25.354Z",
    "changed_date": "2016-02-17T15:20:31.797Z"
  }
},
{
  "model": "cms.cmsplugin",
  "pk": 2847,
  "fields": {
    "path": "004M0001",
    "depth": 2,
    "numchild": 1,
    "placeholder": 62,
    "parent": 2846,
    "position": 0,
    "language": "en",
    "plugin_type": "BootstrapColumnPlugin",
    "creation_date": "2016-02-17T15:20:31.815Z",
    "changed_date": "2016-04-02T12:54:54.298Z"
  }
},
{
  "model": "cms.cmsplugin",
  "pk": 2848,
  "fields": {
    "path": "004M0002",
    "depth": 2,
    "numchild": 2,
    "placeholder": 62,
    "parent": 2846,
    "position": 1,
    "language": "en",
    "plugin_type": "BootstrapColumnPlugin",
    "creation_date": "2016-02-17T15:20:31.961Z",
    "changed_date": "2016-04-02T12:55:30.978Z"
  }
},
{
  "model": "cms.cmsplugin",
  "pk": 2850,
  "fields": {
    "path": "004M00020001",
    "depth": 3,
    "numchild": 0,
    "placeholder": 62,
    "parent": 2848,
    "position": 1,
    "language": "en",
    "plugin_type": "TextPlugin",
    "creation_date": "2016-02-17T15:21:32.903Z",
    "changed_date": "2016-04-02T12:54:24.794Z"
  }
},
{
  "model": "cms.cmsplugin",
  "pk": 2851,
  "fields": {
    "path": "004M00020002",
    "depth": 3,
    "numchild": 0,
    "placeholder": 62,
    "parent": 2848,
    "position": 0,
    "language": "en",
    "plugin_type": "ShopAddToCartPlugin",
    "creation_date": "2016-02-17T15:21:53.246Z",
    "changed_date": "2016-04-02T12:54:24.805Z"
  }
},
{
  "model": "cms.cmsplugin",
  "pk": 2918,
  "fields": {
    "path": "002500010003",
    "depth": 3,
    "numchild": 1,
    "placeholder": 23,
    "parent": 200,
    "position": 1,
    "language": "de",
    "plugin_type": "BootstrapColumnPlugin",
    "creation_date": "2016-02-23T16:47:06.297Z",
    "changed_date": "2016-03-07T11:19:00.893Z"
  }
},
{
  "model": "cms.cmsplugin",
  "pk": 2965,
  "fields": {
    "path": "004Q",
    "depth": 1,
    "numchild": 1,
    "placeholder": 67,
    "parent": null,
    "position": 0,
    "language": "de",
    "plugin_type": "BootstrapRowPlugin",
    "creation_date": "2016-02-23T17:09:24.562Z",
    "changed_date": "2016-02-23T17:09:31.677Z"
  }
},
{
  "model": "cms.cmsplugin",
  "pk": 2966,
  "fields": {
    "path": "004Q0001",
    "depth": 2,
    "numchild": 2,
    "placeholder": 67,
    "parent": 2965,
    "position": 0,
    "language": "de",
    "plugin_type": "BootstrapColumnPlugin",
    "creation_date": "2016-02-23T17:09:31.681Z",
    "changed_date": "2016-02-23T17:09:31.703Z"
  }
},
{
  "model": "cms.cmsplugin",
  "pk": 2967,
  "fields": {
    "path": "004Q00010001",
    "depth": 3,
    "numchild": 0,
    "placeholder": 67,
    "parent": 2966,
    "position": 0,
    "language": "de",
    "plugin_type": "BootstrapImagePlugin",
    "creation_date": "2016-02-23T17:09:40.257Z",
    "changed_date": "2016-02-23T17:09:45.750Z"
  }
},
{
  "model": "cms.cmsplugin",
  "pk": 2968,
  "fields": {
    "path": "004Q00010002",
    "depth": 3,
    "numchild": 0,
    "placeholder": 67,
    "parent": 2966,
    "position": 1,
    "language": "de",
    "plugin_type": "ShopAddToCartPlugin",
    "creation_date": "2016-02-23T17:32:59.707Z",
    "changed_date": "2016-02-23T17:33:01.279Z"
  }
},
{
  "model": "cms.cmsplugin",
  "pk": 2969,
  "fields": {
    "path": "004R",
    "depth": 1,
    "numchild": 0,
    "placeholder": 22,
    "parent": null,
    "position": 0,
    "language": "de",
    "plugin_type": "BreadcrumbPlugin",
    "creation_date": "2016-02-23T21:48:47.708Z",
    "changed_date": "2016-02-23T21:48:50.792Z"
  }
},
{
  "model": "cms.cmsplugin",
  "pk": 2984,
  "fields": {
    "path": "004U",
    "depth": 1,
    "numchild": 0,
    "placeholder": 22,
    "parent": null,
    "position": 0,
    "language": "en",
    "plugin_type": "BreadcrumbPlugin",
    "creation_date": "2016-02-23T22:40:17.796Z",
    "changed_date": "2016-02-23T22:40:20.748Z"
  }
},
{
  "model": "cms.cmsplugin",
  "pk": 3365,
  "fields": {
    "path": "004Z",
    "depth": 1,
    "numchild": 1,
    "placeholder": 62,
    "parent": null,
    "position": 0,
    "language": "de",
    "plugin_type": "BootstrapRowPlugin",
    "creation_date": "2016-03-01T11:37:18.841Z",
    "changed_date": "2016-03-01T11:37:24.396Z"
  }
},
{
  "model": "cms.cmsplugin",
  "pk": 3366,
  "fields": {
    "path": "004Z0001",
    "depth": 2,
    "numchild": 1,
    "placeholder": 62,
    "parent": 3365,
    "position": 0,
    "language": "de",
    "plugin_type": "BootstrapColumnPlugin",
    "creation_date": "2016-03-01T11:37:24.400Z",
    "changed_date": "2016-03-01T11:37:24.427Z"
  }
},
{
  "model": "cms.cmsplugin",
  "pk": 3367,
  "fields": {
    "path": "004Z00010001",
    "depth": 3,
    "numchild": 0,
    "placeholder": 62,
    "parent": 3366,
    "position": 0,
    "language": "de",
    "plugin_type": "TextPlugin",
    "creation_date": "2016-03-01T11:37:36.740Z",
    "changed_date": "2016-04-06T21:10:46.879Z"
  }
},
{
  "model": "cms.cmsplugin",
  "pk": 3368,
  "fields": {
    "path": "0050",
    "depth": 1,
    "numchild": 2,
    "placeholder": 16,
    "parent": null,
    "position": 0,
    "language": "de",
    "plugin_type": "BootstrapContainerPlugin",
    "creation_date": "2016-01-16T22:04:14.197Z",
    "changed_date": "2016-03-01T11:40:09.347Z"
  }
},
{
  "model": "cms.cmsplugin",
  "pk": 3369,
  "fields": {
    "path": "00500001",
    "depth": 2,
    "numchild": 1,
    "placeholder": 16,
    "parent": 3368,
    "position": 0,
    "language": "de",
    "plugin_type": "BootstrapRowPlugin",
    "creation_date": "2015-11-01T00:05:30.475Z",
    "changed_date": "2016-03-01T11:40:09.352Z"
  }
},
{
  "model": "cms.cmsplugin",
  "pk": 3370,
  "fields": {
    "path": "005000010001",
    "depth": 3,
    "numchild": 1,
    "placeholder": 16,
    "parent": 3369,
    "position": 0,
    "language": "de",
    "plugin_type": "BootstrapColumnPlugin",
    "creation_date": "2015-11-01T00:05:36.180Z",
    "changed_date": "2016-03-01T11:40:09.361Z"
  }
},
{
  "model": "cms.cmsplugin",
  "pk": 3371,
  "fields": {
    "path": "0050000100010001",
    "depth": 4,
    "numchild": 0,
    "placeholder": 16,
    "parent": 3370,
    "position": 0,
    "language": "de",
    "plugin_type": "ShopCartPlugin",
    "creation_date": "2015-11-02T14:46:52.664Z",
    "changed_date": "2016-03-01T11:40:09.368Z"
  }
},
{
  "model": "cms.cmsplugin",
  "pk": 3372,
  "fields": {
    "path": "00500002",
    "depth": 2,
    "numchild": 2,
    "placeholder": 16,
    "parent": 3368,
    "position": 1,
    "language": "de",
    "plugin_type": "BootstrapRowPlugin",
    "creation_date": "2015-11-03T10:32:50.862Z",
    "changed_date": "2016-03-01T11:40:09.376Z"
  }
},
{
  "model": "cms.cmsplugin",
  "pk": 3373,
  "fields": {
    "path": "005000020001",
    "depth": 3,
    "numchild": 1,
    "placeholder": 16,
    "parent": 3372,
    "position": 0,
    "language": "de",
    "plugin_type": "BootstrapColumnPlugin",
    "creation_date": "2015-11-03T10:32:56.109Z",
    "changed_date": "2016-03-01T11:40:09.384Z"
  }
},
{
  "model": "cms.cmsplugin",
  "pk": 3374,
  "fields": {
    "path": "0050000200010001",
    "depth": 4,
    "numchild": 0,
    "placeholder": 16,
    "parent": 3373,
    "position": 0,
    "language": "de",
    "plugin_type": "BootstrapButtonPlugin",
    "creation_date": "2015-11-03T10:46:46.928Z",
    "changed_date": "2016-03-01T11:40:09.389Z"
  }
},
{
  "model": "cms.cmsplugin",
  "pk": 3375,
  "fields": {
    "path": "005000020002",
    "depth": 3,
    "numchild": 1,
    "placeholder": 16,
    "parent": 3372,
    "position": 1,
    "language": "de",
    "plugin_type": "BootstrapColumnPlugin",
    "creation_date": "2015-11-03T10:32:56.205Z",
    "changed_date": "2016-03-01T11:40:09.399Z"
  }
},
{
  "model": "cms.cmsplugin",
  "pk": 3376,
  "fields": {
    "path": "0050000200020001",
    "depth": 4,
    "numchild": 0,
    "placeholder": 16,
    "parent": 3375,
    "position": 0,
    "language": "de",
    "plugin_type": "BootstrapButtonPlugin",
    "creation_date": "2015-11-03T16:29:17.878Z",
    "changed_date": "2016-03-01T11:40:09.404Z"
  }
},
{
  "model": "cms.cmsplugin",
  "pk": 3519,
  "fields": {
    "path": "0059",
    "depth": 1,
    "numchild": 2,
    "placeholder": 21,
    "parent": null,
    "position": 0,
    "language": "de",
    "plugin_type": "BootstrapContainerPlugin",
    "creation_date": "2016-01-16T22:05:03.362Z",
    "changed_date": "2016-03-07T11:04:52.676Z"
  }
},
{
  "model": "cms.cmsplugin",
  "pk": 3520,
  "fields": {
    "path": "00590001",
    "depth": 2,
    "numchild": 1,
    "placeholder": 21,
    "parent": 3519,
    "position": 0,
    "language": "de",
    "plugin_type": "SegmentPlugin",
    "creation_date": "2015-11-03T11:52:31.490Z",
    "changed_date": "2016-03-07T11:04:52.691Z"
  }
},
{
  "model": "cms.cmsplugin",
  "pk": 3521,
  "fields": {
    "path": "005900010001",
    "depth": 3,
    "numchild": 1,
    "placeholder": 21,
    "parent": 3520,
    "position": 0,
    "language": "de",
    "plugin_type": "BootstrapRowPlugin",
    "creation_date": "2015-11-03T12:00:22.464Z",
    "changed_date": "2016-03-07T11:04:52.705Z"
  }
},
{
  "model": "cms.cmsplugin",
  "pk": 3522,
  "fields": {
    "path": "0059000100010001",
    "depth": 4,
    "numchild": 1,
    "placeholder": 21,
    "parent": 3521,
    "position": 0,
    "language": "de",
    "plugin_type": "BootstrapColumnPlugin",
    "creation_date": "2015-11-03T12:00:27.233Z",
    "changed_date": "2016-03-07T11:04:52.729Z"
  }
},
{
  "model": "cms.cmsplugin",
  "pk": 3523,
  "fields": {
    "path": "00590001000100010001",
    "depth": 5,
    "numchild": 4,
    "placeholder": 21,
    "parent": 3522,
    "position": 0,
    "language": "de",
    "plugin_type": "ProcessBarPlugin",
    "creation_date": "2015-11-03T12:01:52.087Z",
    "changed_date": "2016-03-07T11:04:52.742Z"
  }
},
{
  "model": "cms.cmsplugin",
  "pk": 3524,
  "fields": {
    "path": "005900010001000100010001",
    "depth": 6,
    "numchild": 4,
    "placeholder": 21,
    "parent": 3523,
    "position": 1,
    "language": "de",
    "plugin_type": "ProcessStepPlugin",
    "creation_date": "2015-11-03T12:01:57.069Z",
    "changed_date": "2016-03-07T11:04:52.755Z"
  }
},
{
  "model": "cms.cmsplugin",
  "pk": 3525,
  "fields": {
    "path": "0059000100010001000100010001",
    "depth": 7,
    "numchild": 1,
    "placeholder": 21,
    "parent": 3524,
    "position": 0,
    "language": "de",
    "plugin_type": "SegmentPlugin",
    "creation_date": "2015-11-03T12:03:13.411Z",
    "changed_date": "2016-03-07T11:04:52.769Z"
  }
},
{
  "model": "cms.cmsplugin",
  "pk": 3526,
  "fields": {
    "path": "00590001000100010001000100010001",
    "depth": 8,
    "numchild": 0,
    "placeholder": 21,
    "parent": 3525,
    "position": 0,
    "language": "de",
    "plugin_type": "CustomerFormPlugin",
    "creation_date": "2015-11-03T12:05:35.165Z",
    "changed_date": "2016-03-07T11:04:52.783Z"
  }
},
{
  "model": "cms.cmsplugin",
  "pk": 3527,
  "fields": {
    "path": "0059000100010001000100010002",
    "depth": 7,
    "numchild": 1,
    "placeholder": 21,
    "parent": 3524,
    "position": 1,
    "language": "de",
    "plugin_type": "SegmentPlugin",
    "creation_date": "2015-11-03T12:03:40.516Z",
    "changed_date": "2016-03-07T11:04:52.804Z"
  }
},
{
  "model": "cms.cmsplugin",
  "pk": 3528,
  "fields": {
    "path": "00590001000100010001000100020001",
    "depth": 8,
    "numchild": 0,
    "placeholder": 21,
    "parent": 3527,
    "position": 0,
    "language": "de",
    "plugin_type": "GuestFormPlugin",
    "creation_date": "2015-11-03T12:04:17.682Z",
    "changed_date": "2016-03-07T11:04:52.818Z"
  }
},
{
  "model": "cms.cmsplugin",
  "pk": 3529,
  "fields": {
    "path": "0059000100010001000100010003",
    "depth": 7,
    "numchild": 0,
    "placeholder": 21,
    "parent": 3524,
    "position": 3,
    "language": "de",
    "plugin_type": "ProcessNextStepPlugin",
    "creation_date": "2015-11-03T12:06:29.969Z",
    "changed_date": "2016-03-07T11:04:52.836Z"
  }
},
{
  "model": "cms.cmsplugin",
  "pk": 3530,
  "fields": {
    "path": "0059000100010001000100010004",
    "depth": 7,
    "numchild": 0,
    "placeholder": 21,
    "parent": 3524,
    "position": 2,
    "language": "de",
    "plugin_type": "RequiredFormFieldsPlugin",
    "creation_date": "2016-01-28T09:51:53.338Z",
    "changed_date": "2016-03-07T11:04:52.851Z"
  }
},
{
  "model": "cms.cmsplugin",
  "pk": 3531,
  "fields": {
    "path": "005900010001000100010002",
    "depth": 6,
    "numchild": 4,
    "placeholder": 21,
    "parent": 3523,
    "position": 0,
    "language": "de",
    "plugin_type": "ProcessStepPlugin",
    "creation_date": "2015-11-03T12:01:57.141Z",
    "changed_date": "2016-03-07T11:04:52.868Z"
  }
},
{
  "model": "cms.cmsplugin",
  "pk": 3532,
  "fields": {
    "path": "0059000100010001000100020001",
    "depth": 7,
    "numchild": 0,
    "placeholder": 21,
    "parent": 3531,
    "position": 0,
    "language": "de",
    "plugin_type": "ShippingAddressFormPlugin",
    "creation_date": "2015-11-03T12:07:45.248Z",
    "changed_date": "2016-03-07T11:04:52.884Z"
  }
},
{
  "model": "cms.cmsplugin",
  "pk": 3533,
  "fields": {
    "path": "0059000100010001000100020002",
    "depth": 7,
    "numchild": 0,
    "placeholder": 21,
    "parent": 3531,
    "position": 1,
    "language": "de",
    "plugin_type": "BillingAddressFormPlugin",
    "creation_date": "2015-11-03T12:08:16.160Z",
    "changed_date": "2016-03-07T11:04:52.901Z"
  }
},
{
  "model": "cms.cmsplugin",
  "pk": 3534,
  "fields": {
    "path": "0059000100010001000100020003",
    "depth": 7,
    "numchild": 0,
    "placeholder": 21,
    "parent": 3531,
    "position": 3,
    "language": "de",
    "plugin_type": "ProcessNextStepPlugin",
    "creation_date": "2015-11-03T12:08:38.948Z",
    "changed_date": "2016-03-07T11:04:52.917Z"
  }
},
{
  "model": "cms.cmsplugin",
  "pk": 3535,
  "fields": {
    "path": "0059000100010001000100020004",
    "depth": 7,
    "numchild": 0,
    "placeholder": 21,
    "parent": 3531,
    "position": 2,
    "language": "de",
    "plugin_type": "RequiredFormFieldsPlugin",
    "creation_date": "2016-01-28T09:53:06.884Z",
    "changed_date": "2016-03-07T11:04:52.935Z"
  }
},
{
  "model": "cms.cmsplugin",
  "pk": 3536,
  "fields": {
    "path": "005900010001000100010003",
    "depth": 6,
    "numchild": 7,
    "placeholder": 21,
    "parent": 3523,
    "position": 2,
    "language": "de",
    "plugin_type": "ProcessStepPlugin",
    "creation_date": "2015-11-03T12:01:57.216Z",
    "changed_date": "2016-03-07T11:04:52.952Z"
  }
},
{
  "model": "cms.cmsplugin",
  "pk": 3537,
  "fields": {
    "path": "0059000100010001000100030001",
    "depth": 7,
    "numchild": 0,
    "placeholder": 21,
    "parent": 3536,
    "position": 1,
    "language": "de",
    "plugin_type": "ShopCartPlugin",
    "creation_date": "2015-11-03T12:09:28.368Z",
    "changed_date": "2016-03-07T11:04:52.965Z"
  }
},
{
  "model": "cms.cmsplugin",
  "pk": 3538,
  "fields": {
    "path": "0059000100010001000100030002",
    "depth": 7,
    "numchild": 0,
    "placeholder": 21,
    "parent": 3536,
    "position": 2,
    "language": "de",
    "plugin_type": "PaymentMethodFormPlugin",
    "creation_date": "2015-11-03T12:10:27.667Z",
    "changed_date": "2016-03-07T11:04:52.983Z"
  }
},
{
  "model": "cms.cmsplugin",
  "pk": 3539,
  "fields": {
    "path": "0059000100010001000100030003",
    "depth": 7,
    "numchild": 0,
    "placeholder": 21,
    "parent": 3536,
    "position": 3,
    "language": "de",
    "plugin_type": "ShippingMethodFormPlugin",
    "creation_date": "2015-11-03T12:10:56.492Z",
    "changed_date": "2016-03-07T11:04:52.998Z"
  }
},
{
  "model": "cms.cmsplugin",
  "pk": 3540,
  "fields": {
    "path": "0059000100010001000100030004",
    "depth": 7,
    "numchild": 0,
    "placeholder": 21,
    "parent": 3536,
    "position": 4,
    "language": "de",
    "plugin_type": "ExtraAnnotationFormPlugin",
    "creation_date": "2015-11-03T12:11:30.640Z",
    "changed_date": "2016-03-07T11:04:53.017Z"
  }
},
{
  "model": "cms.cmsplugin",
  "pk": 3541,
  "fields": {
    "path": "0059000100010001000100030005",
    "depth": 7,
    "numchild": 0,
    "placeholder": 21,
    "parent": 3536,
    "position": 5,
    "language": "de",
    "plugin_type": "RequiredFormFieldsPlugin",
    "creation_date": "2016-01-28T09:53:35.815Z",
    "changed_date": "2016-03-07T11:04:53.035Z"
  }
},
{
  "model": "cms.cmsplugin",
  "pk": 3542,
  "fields": {
    "path": "0059000100010001000100030006",
    "depth": 7,
    "numchild": 0,
    "placeholder": 21,
    "parent": 3536,
    "position": 6,
    "language": "de",
    "plugin_type": "ProcessNextStepPlugin",
    "creation_date": "2016-01-31T23:56:21.778Z",
    "changed_date": "2016-03-07T11:04:53.051Z"
  }
},
{
  "model": "cms.cmsplugin",
  "pk": 3543,
  "fields": {
    "path": "0059000100010001000100030007",
    "depth": 7,
    "numchild": 0,
    "placeholder": 21,
    "parent": 3536,
    "position": 0,
    "language": "de",
    "plugin_type": "TextPlugin",
    "creation_date": "2016-02-04T07:45:16.885Z",
    "changed_date": "2016-03-07T11:04:53.518Z"
  }
},
{
  "model": "cms.cmsplugin",
  "pk": 3544,
  "fields": {
    "path": "005900010001000100010004",
    "depth": 6,
    "numchild": 10,
    "placeholder": 21,
    "parent": 3523,
    "position": 3,
    "language": "de",
    "plugin_type": "ProcessStepPlugin",
    "creation_date": "2016-01-31T23:53:18.364Z",
    "changed_date": "2016-03-07T11:04:53.091Z"
  }
},
{
  "model": "cms.cmsplugin",
  "pk": 3545,
  "fields": {
    "path": "0059000100010001000100040001",
    "depth": 7,
    "numchild": 2,
    "placeholder": 21,
    "parent": 3544,
    "position": 8,
    "language": "de",
    "plugin_type": "AcceptConditionFormPlugin",
    "creation_date": "2015-11-03T12:12:11.300Z",
    "changed_date": "2016-03-07T11:04:53.105Z"
  }
},
{
  "model": "cms.cmsplugin",
  "pk": 3546,
  "fields": {
    "path": "00590001000100010001000400010001",
    "depth": 8,
    "numchild": 0,
    "placeholder": 21,
    "parent": 3545,
    "position": 0,
    "language": "de",
    "plugin_type": "TextLinkPlugin",
    "creation_date": "2016-01-29T14:31:28.405Z",
    "changed_date": "2016-03-07T11:04:53.123Z"
  }
},
{
  "model": "cms.cmsplugin",
  "pk": 3547,
  "fields": {
    "path": "00590001000100010001000400010002",
    "depth": 8,
    "numchild": 0,
    "placeholder": 21,
    "parent": 3545,
    "position": 1,
    "language": "de",
    "plugin_type": "TextLinkPlugin",
    "creation_date": "2016-01-31T23:58:39.314Z",
    "changed_date": "2016-03-07T11:04:53.140Z"
  }
},
{
  "model": "cms.cmsplugin",
  "pk": 3548,
  "fields": {
    "path": "0059000100010001000100040002",
    "depth": 7,
    "numchild": 0,
    "placeholder": 21,
    "parent": 3544,
    "position": 9,
    "language": "de",
    "plugin_type": "ShopProceedButton",
    "creation_date": "2015-11-03T15:12:48.394Z",
    "changed_date": "2016-03-07T11:04:53.156Z"
  }
},
{
  "model": "cms.cmsplugin",
  "pk": 3549,
  "fields": {
    "path": "0059000100010001000100040003",
    "depth": 7,
    "numchild": 0,
    "placeholder": 21,
    "parent": 3544,
    "position": 3,
    "language": "de",
    "plugin_type": "ShippingAddressFormPlugin",
    "creation_date": "2016-01-31T22:20:32.185Z",
    "changed_date": "2016-03-07T11:04:53.172Z"
  }
},
{
  "model": "cms.cmsplugin",
  "pk": 3550,
  "fields": {
    "path": "0059000100010001000100040004",
    "depth": 7,
    "numchild": 0,
    "placeholder": 21,
    "parent": 3544,
    "position": 4,
    "language": "de",
    "plugin_type": "BillingAddressFormPlugin",
    "creation_date": "2016-01-31T22:20:49.792Z",
    "changed_date": "2016-03-07T11:04:53.189Z"
  }
},
{
  "model": "cms.cmsplugin",
  "pk": 3551,
  "fields": {
    "path": "0059000100010001000100040005",
    "depth": 7,
    "numchild": 0,
    "placeholder": 21,
    "parent": 3544,
    "position": 1,
    "language": "de",
    "plugin_type": "ShopCartPlugin",
    "creation_date": "2015-11-03T12:09:28.368Z",
    "changed_date": "2016-03-07T11:04:53.206Z"
  }
},
{
  "model": "cms.cmsplugin",
  "pk": 3552,
  "fields": {
    "path": "0059000100010001000100040006",
    "depth": 7,
    "numchild": 0,
    "placeholder": 21,
    "parent": 3544,
    "position": 5,
    "language": "de",
    "plugin_type": "PaymentMethodFormPlugin",
    "creation_date": "2016-01-31T22:23:33.271Z",
    "changed_date": "2016-03-07T11:04:53.228Z"
  }
},
{
  "model": "cms.cmsplugin",
  "pk": 3553,
  "fields": {
    "path": "0059000100010001000100040007",
    "depth": 7,
    "numchild": 0,
    "placeholder": 21,
    "parent": 3544,
    "position": 6,
    "language": "de",
    "plugin_type": "ShippingMethodFormPlugin",
    "creation_date": "2016-01-31T22:24:08.104Z",
    "changed_date": "2016-03-07T11:04:53.244Z"
  }
},
{
  "model": "cms.cmsplugin",
  "pk": 3554,
  "fields": {
    "path": "0059000100010001000100040008",
    "depth": 7,
    "numchild": 0,
    "placeholder": 21,
    "parent": 3544,
    "position": 0,
    "language": "de",
    "plugin_type": "TextPlugin",
    "creation_date": "2016-01-31T22:24:47.333Z",
    "changed_date": "2016-03-07T11:04:53.547Z"
  }
},
{
  "model": "cms.cmsplugin",
  "pk": 3555,
  "fields": {
    "path": "0059000100010001000100040009",
    "depth": 7,
    "numchild": 0,
    "placeholder": 21,
    "parent": 3544,
    "position": 7,
    "language": "de",
    "plugin_type": "ExtraAnnotationFormPlugin",
    "creation_date": "2016-02-04T11:27:43.944Z",
    "changed_date": "2016-03-07T11:04:53.282Z"
  }
},
{
  "model": "cms.cmsplugin",
  "pk": 3556,
  "fields": {
    "path": "005900010001000100010004000A",
    "depth": 7,
    "numchild": 0,
    "placeholder": 21,
    "parent": 3544,
    "position": 2,
    "language": "de",
    "plugin_type": "CustomerFormPlugin",
    "creation_date": "2016-02-04T11:30:01.733Z",
    "changed_date": "2016-03-07T11:04:53.299Z"
  }
},
{
  "model": "cms.cmsplugin",
  "pk": 3557,
  "fields": {
    "path": "00590002",
    "depth": 2,
    "numchild": 1,
    "placeholder": 21,
    "parent": 3519,
    "position": 1,
    "language": "de",
    "plugin_type": "SegmentPlugin",
    "creation_date": "2015-11-03T11:52:57.955Z",
    "changed_date": "2016-03-07T11:04:53.315Z"
  }
},
{
  "model": "cms.cmsplugin",
  "pk": 3558,
  "fields": {
    "path": "005900020001",
    "depth": 3,
    "numchild": 3,
    "placeholder": 21,
    "parent": 3557,
    "position": 0,
    "language": "de",
    "plugin_type": "BootstrapRowPlugin",
    "creation_date": "2015-11-13T07:58:26.829Z",
    "changed_date": "2016-03-07T11:04:53.332Z"
  }
},
{
  "model": "cms.cmsplugin",
  "pk": 3559,
  "fields": {
    "path": "0059000200010001",
    "depth": 4,
    "numchild": 1,
    "placeholder": 21,
    "parent": 3558,
    "position": 0,
    "language": "de",
    "plugin_type": "BootstrapColumnPlugin",
    "creation_date": "2015-11-13T07:58:30.141Z",
    "changed_date": "2016-03-07T11:04:53.358Z"
  }
},
{
  "model": "cms.cmsplugin",
  "pk": 3560,
  "fields": {
    "path": "00590002000100010001",
    "depth": 5,
    "numchild": 0,
    "placeholder": 21,
    "parent": 3559,
    "position": 0,
    "language": "de",
    "plugin_type": "ShopAuthenticationPlugin",
    "creation_date": "2015-11-13T07:59:27.855Z",
    "changed_date": "2016-03-07T11:04:53.374Z"
  }
},
{
  "model": "cms.cmsplugin",
  "pk": 3561,
  "fields": {
    "path": "0059000200010002",
    "depth": 4,
    "numchild": 1,
    "placeholder": 21,
    "parent": 3558,
    "position": 1,
    "language": "de",
    "plugin_type": "BootstrapColumnPlugin",
    "creation_date": "2015-11-13T07:58:30.251Z",
    "changed_date": "2016-03-07T11:04:53.398Z"
  }
},
{
  "model": "cms.cmsplugin",
  "pk": 3562,
  "fields": {
    "path": "00590002000100020001",
    "depth": 5,
    "numchild": 0,
    "placeholder": 21,
    "parent": 3561,
    "position": 0,
    "language": "de",
    "plugin_type": "ShopAuthenticationPlugin",
    "creation_date": "2015-11-13T08:01:15.285Z",
    "changed_date": "2016-03-07T11:04:53.413Z"
  }
},
{
  "model": "cms.cmsplugin",
  "pk": 3563,
  "fields": {
    "path": "0059000200010003",
    "depth": 4,
    "numchild": 1,
    "placeholder": 21,
    "parent": 3558,
    "position": 2,
    "language": "de",
    "plugin_type": "BootstrapColumnPlugin",
    "creation_date": "2015-11-13T07:58:30.362Z",
    "changed_date": "2016-03-07T11:04:53.440Z"
  }
},
{
  "model": "cms.cmsplugin",
  "pk": 3564,
  "fields": {
    "path": "00590002000100030001",
    "depth": 5,
    "numchild": 0,
    "placeholder": 21,
    "parent": 3563,
    "position": 0,
    "language": "de",
    "plugin_type": "ShopAuthenticationPlugin",
    "creation_date": "2015-11-13T08:01:42.825Z",
    "changed_date": "2016-03-07T11:04:53.457Z"
  }
},
{
  "model": "cms.cmsplugin",
  "pk": 3627,
  "fields": {
    "path": "004M00010003",
    "depth": 3,
    "numchild": 4,
    "placeholder": 62,
    "parent": 2847,
    "position": 0,
    "language": "en",
    "plugin_type": "CarouselPlugin",
    "creation_date": "2016-03-28T07:01:57.063Z",
    "changed_date": "2016-03-28T07:06:55.789Z"
  }
},
{
  "model": "cms.cmsplugin",
  "pk": 3628,
  "fields": {
    "path": "004M000100030001",
    "depth": 4,
    "numchild": 0,
    "placeholder": 62,
    "parent": 3627,
    "position": 0,
    "language": "en",
    "plugin_type": "CarouselSlidePlugin",
    "creation_date": "2016-03-28T07:02:07.998Z",
    "changed_date": "2016-03-28T07:02:28.060Z"
  }
},
{
  "model": "cms.cmsplugin",
  "pk": 3629,
  "fields": {
    "path": "004M000100030002",
    "depth": 4,
    "numchild": 0,
    "placeholder": 62,
    "parent": 3627,
    "position": 1,
    "language": "en",
    "plugin_type": "CarouselSlidePlugin",
    "creation_date": "2016-03-28T07:02:08.058Z",
    "changed_date": "2016-03-28T07:02:49.099Z"
  }
},
{
  "model": "cms.cmsplugin",
  "pk": 3630,
  "fields": {
    "path": "004M000100030003",
    "depth": 4,
    "numchild": 0,
    "placeholder": 62,
    "parent": 3627,
    "position": 2,
    "language": "en",
    "plugin_type": "CarouselSlidePlugin",
    "creation_date": "2016-03-28T07:02:08.118Z",
    "changed_date": "2016-03-28T07:03:07.368Z"
  }
},
{
  "model": "cms.cmsplugin",
  "pk": 3631,
  "fields": {
    "path": "005F",
    "depth": 1,
    "numchild": 1,
    "placeholder": 56,
    "parent": null,
    "position": 0,
    "language": "en",
    "plugin_type": "BootstrapContainerPlugin",
    "creation_date": "2016-01-26T23:56:56.939Z",
    "changed_date": "2016-03-28T07:08:52.725Z"
  }
},
{
  "model": "cms.cmsplugin",
  "pk": 3632,
  "fields": {
    "path": "005F0001",
    "depth": 2,
    "numchild": 1,
    "placeholder": 56,
    "parent": 3631,
    "position": 0,
    "language": "en",
    "plugin_type": "BootstrapRowPlugin",
    "creation_date": "2016-01-02T13:24:32.828Z",
    "changed_date": "2016-03-28T07:08:52.738Z"
  }
},
{
  "model": "cms.cmsplugin",
  "pk": 3633,
  "fields": {
    "path": "005F00010001",
    "depth": 3,
    "numchild": 2,
    "placeholder": 56,
    "parent": 3632,
    "position": 0,
    "language": "en",
    "plugin_type": "BootstrapColumnPlugin",
    "creation_date": "2016-01-02T13:24:37.507Z",
    "changed_date": "2016-03-28T07:08:52.761Z"
  }
},
{
  "model": "cms.cmsplugin",
  "pk": 3634,
  "fields": {
    "path": "005F000100010001",
    "depth": 4,
    "numchild": 0,
    "placeholder": 56,
    "parent": 3633,
    "position": 1,
    "language": "en",
    "plugin_type": "ShopCatalogPlugin",
    "creation_date": "2016-01-02T13:24:52.350Z",
    "changed_date": "2016-03-28T07:08:52.774Z"
  }
},
{
  "model": "cms.cmsplugin",
  "pk": 3635,
  "fields": {
    "path": "005F000100010002",
    "depth": 4,
    "numchild": 0,
    "placeholder": 56,
    "parent": 3633,
    "position": 0,
    "language": "en",
    "plugin_type": "TextPlugin",
    "creation_date": "2015-12-19T17:58:32.891Z",
    "changed_date": "2016-03-28T07:08:52.822Z"
  }
},
{
  "model": "cms.cmsplugin",
  "pk": 3637,
  "fields": {
    "path": "005G",
    "depth": 1,
    "numchild": 2,
    "placeholder": 16,
    "parent": null,
    "position": 0,
    "language": "en",
    "plugin_type": "BootstrapContainerPlugin",
    "creation_date": "2016-01-16T22:11:13.002Z",
    "changed_date": "2016-03-29T10:03:48.730Z"
  }
},
{
  "model": "cms.cmsplugin",
  "pk": 3638,
  "fields": {
    "path": "005G0001",
    "depth": 2,
    "numchild": 1,
    "placeholder": 16,
    "parent": 3637,
    "position": 0,
    "language": "en",
    "plugin_type": "BootstrapRowPlugin",
    "creation_date": "2015-11-01T00:05:30.475Z",
    "changed_date": "2016-03-29T10:03:48.744Z"
  }
},
{
  "model": "cms.cmsplugin",
  "pk": 3639,
  "fields": {
    "path": "005G00010001",
    "depth": 3,
    "numchild": 1,
    "placeholder": 16,
    "parent": 3638,
    "position": 0,
    "language": "en",
    "plugin_type": "BootstrapColumnPlugin",
    "creation_date": "2015-11-01T00:05:36.180Z",
    "changed_date": "2016-03-29T10:03:48.767Z"
  }
},
{
  "model": "cms.cmsplugin",
  "pk": 3640,
  "fields": {
    "path": "005G000100010001",
    "depth": 4,
    "numchild": 0,
    "placeholder": 16,
    "parent": 3639,
    "position": 0,
    "language": "en",
    "plugin_type": "ShopCartPlugin",
    "creation_date": "2015-11-02T14:46:52.664Z",
    "changed_date": "2016-03-29T10:03:48.780Z"
  }
},
{
  "model": "cms.cmsplugin",
  "pk": 3641,
  "fields": {
    "path": "005G0002",
    "depth": 2,
    "numchild": 2,
    "placeholder": 16,
    "parent": 3637,
    "position": 1,
    "language": "en",
    "plugin_type": "BootstrapRowPlugin",
    "creation_date": "2015-11-03T10:32:50.862Z",
    "changed_date": "2016-03-29T10:03:48.796Z"
  }
},
{
  "model": "cms.cmsplugin",
  "pk": 3642,
  "fields": {
    "path": "005G00020001",
    "depth": 3,
    "numchild": 1,
    "placeholder": 16,
    "parent": 3641,
    "position": 0,
    "language": "en",
    "plugin_type": "BootstrapColumnPlugin",
    "creation_date": "2015-11-03T10:32:56.109Z",
    "changed_date": "2016-03-29T10:03:48.818Z"
  }
},
{
  "model": "cms.cmsplugin",
  "pk": 3643,
  "fields": {
    "path": "005G000200010001",
    "depth": 4,
    "numchild": 0,
    "placeholder": 16,
    "parent": 3642,
    "position": 0,
    "language": "en",
    "plugin_type": "BootstrapButtonPlugin",
    "creation_date": "2015-11-03T10:46:46.928Z",
    "changed_date": "2016-03-29T10:03:48.833Z"
  }
},
{
  "model": "cms.cmsplugin",
  "pk": 3644,
  "fields": {
    "path": "005G00020002",
    "depth": 3,
    "numchild": 1,
    "placeholder": 16,
    "parent": 3641,
    "position": 1,
    "language": "en",
    "plugin_type": "BootstrapColumnPlugin",
    "creation_date": "2015-11-03T10:32:56.205Z",
    "changed_date": "2016-03-29T10:03:48.856Z"
  }
},
{
  "model": "cms.cmsplugin",
  "pk": 3645,
  "fields": {
    "path": "005G000200020001",
    "depth": 4,
    "numchild": 0,
    "placeholder": 16,
    "parent": 3644,
    "position": 0,
    "language": "en",
    "plugin_type": "BootstrapButtonPlugin",
    "creation_date": "2015-11-03T16:29:17.878Z",
    "changed_date": "2016-03-29T10:03:48.871Z"
  }
},
{
  "model": "cms.cmsplugin",
  "pk": 3646,
  "fields": {
    "path": "005H",
    "depth": 1,
    "numchild": 2,
    "placeholder": 21,
    "parent": null,
    "position": 0,
    "language": "en",
    "plugin_type": "BootstrapContainerPlugin",
    "creation_date": "2016-01-16T22:11:53.541Z",
    "changed_date": "2016-04-01T09:21:44.217Z"
  }
},
{
  "model": "cms.cmsplugin",
  "pk": 3647,
  "fields": {
    "path": "005H0001",
    "depth": 2,
    "numchild": 1,
    "placeholder": 21,
    "parent": 3646,
    "position": 0,
    "language": "en",
    "plugin_type": "SegmentPlugin",
    "creation_date": "2015-11-03T11:52:31.490Z",
    "changed_date": "2016-04-01T09:21:44.230Z"
  }
},
{
  "model": "cms.cmsplugin",
  "pk": 3648,
  "fields": {
    "path": "005H00010001",
    "depth": 3,
    "numchild": 1,
    "placeholder": 21,
    "parent": 3647,
    "position": 0,
    "language": "en",
    "plugin_type": "BootstrapRowPlugin",
    "creation_date": "2015-11-03T12:00:22.464Z",
    "changed_date": "2016-04-01T09:21:44.248Z"
  }
},
{
  "model": "cms.cmsplugin",
  "pk": 3649,
  "fields": {
    "path": "005H000100010001",
    "depth": 4,
    "numchild": 1,
    "placeholder": 21,
    "parent": 3648,
    "position": 0,
    "language": "en",
    "plugin_type": "BootstrapColumnPlugin",
    "creation_date": "2015-11-03T12:00:27.233Z",
    "changed_date": "2016-04-01T09:21:44.270Z"
  }
},
{
  "model": "cms.cmsplugin",
  "pk": 3650,
  "fields": {
    "path": "005H0001000100010001",
    "depth": 5,
    "numchild": 4,
    "placeholder": 21,
    "parent": 3649,
    "position": 0,
    "language": "en",
    "plugin_type": "ProcessBarPlugin",
    "creation_date": "2015-11-03T12:01:52.087Z",
    "changed_date": "2016-04-01T09:21:44.283Z"
  }
},
{
  "model": "cms.cmsplugin",
  "pk": 3651,
  "fields": {
    "path": "005H00010001000100010001",
    "depth": 6,
    "numchild": 4,
    "placeholder": 21,
    "parent": 3650,
    "position": 0,
    "language": "en",
    "plugin_type": "ProcessStepPlugin",
    "creation_date": "2015-11-03T12:01:57.069Z",
    "changed_date": "2016-04-01T09:21:44.296Z"
  }
},
{
  "model": "cms.cmsplugin",
  "pk": 3652,
  "fields": {
    "path": "005H000100010001000100010001",
    "depth": 7,
    "numchild": 1,
    "placeholder": 21,
    "parent": 3651,
    "position": 0,
    "language": "en",
    "plugin_type": "SegmentPlugin",
    "creation_date": "2015-11-03T12:03:13.411Z",
    "changed_date": "2016-04-01T09:21:44.309Z"
  }
},
{
  "model": "cms.cmsplugin",
  "pk": 3653,
  "fields": {
    "path": "005H0001000100010001000100010001",
    "depth": 8,
    "numchild": 0,
    "placeholder": 21,
    "parent": 3652,
    "position": 0,
    "language": "en",
    "plugin_type": "CustomerFormPlugin",
    "creation_date": "2015-11-03T12:05:35.165Z",
    "changed_date": "2016-04-01T09:21:44.323Z"
  }
},
{
  "model": "cms.cmsplugin",
  "pk": 3654,
  "fields": {
    "path": "005H000100010001000100010002",
    "depth": 7,
    "numchild": 1,
    "placeholder": 21,
    "parent": 3651,
    "position": 1,
    "language": "en",
    "plugin_type": "SegmentPlugin",
    "creation_date": "2015-11-03T12:03:40.516Z",
    "changed_date": "2016-04-01T09:21:44.338Z"
  }
},
{
  "model": "cms.cmsplugin",
  "pk": 3655,
  "fields": {
    "path": "005H0001000100010001000100020001",
    "depth": 8,
    "numchild": 0,
    "placeholder": 21,
    "parent": 3654,
    "position": 0,
    "language": "en",
    "plugin_type": "GuestFormPlugin",
    "creation_date": "2015-11-03T12:04:17.682Z",
    "changed_date": "2016-04-01T09:21:44.351Z"
  }
},
{
  "model": "cms.cmsplugin",
  "pk": 3656,
  "fields": {
    "path": "005H000100010001000100010003",
    "depth": 7,
    "numchild": 0,
    "placeholder": 21,
    "parent": 3651,
    "position": 3,
    "language": "en",
    "plugin_type": "ProcessNextStepPlugin",
    "creation_date": "2015-11-03T12:06:29.969Z",
    "changed_date": "2016-04-01T09:21:44.367Z"
  }
},
{
  "model": "cms.cmsplugin",
  "pk": 3657,
  "fields": {
    "path": "005H000100010001000100010004",
    "depth": 7,
    "numchild": 0,
    "placeholder": 21,
    "parent": 3651,
    "position": 2,
    "language": "en",
    "plugin_type": "RequiredFormFieldsPlugin",
    "creation_date": "2016-01-29T14:27:21.436Z",
    "changed_date": "2016-04-01T09:21:44.382Z"
  }
},
{
  "model": "cms.cmsplugin",
  "pk": 3658,
  "fields": {
    "path": "005H00010001000100010002",
    "depth": 6,
    "numchild": 4,
    "placeholder": 21,
    "parent": 3650,
    "position": 1,
    "language": "en",
    "plugin_type": "ProcessStepPlugin",
    "creation_date": "2015-11-03T12:01:57.141Z",
    "changed_date": "2016-04-01T09:21:44.397Z"
  }
},
{
  "model": "cms.cmsplugin",
  "pk": 3659,
  "fields": {
    "path": "005H000100010001000100020001",
    "depth": 7,
    "numchild": 0,
    "placeholder": 21,
    "parent": 3658,
    "position": 0,
    "language": "en",
    "plugin_type": "ShippingAddressFormPlugin",
    "creation_date": "2015-11-03T12:07:45.248Z",
    "changed_date": "2016-04-01T09:21:44.410Z"
  }
},
{
  "model": "cms.cmsplugin",
  "pk": 3660,
  "fields": {
    "path": "005H000100010001000100020002",
    "depth": 7,
    "numchild": 0,
    "placeholder": 21,
    "parent": 3658,
    "position": 1,
    "language": "en",
    "plugin_type": "BillingAddressFormPlugin",
    "creation_date": "2015-11-03T12:08:16.160Z",
    "changed_date": "2016-04-01T09:21:44.425Z"
  }
},
{
  "model": "cms.cmsplugin",
  "pk": 3661,
  "fields": {
    "path": "005H000100010001000100020003",
    "depth": 7,
    "numchild": 0,
    "placeholder": 21,
    "parent": 3658,
    "position": 3,
    "language": "en",
    "plugin_type": "ProcessNextStepPlugin",
    "creation_date": "2015-11-03T12:08:38.948Z",
    "changed_date": "2016-04-01T09:21:44.441Z"
  }
},
{
  "model": "cms.cmsplugin",
  "pk": 3662,
  "fields": {
    "path": "005H000100010001000100020004",
    "depth": 7,
    "numchild": 0,
    "placeholder": 21,
    "parent": 3658,
    "position": 2,
    "language": "en",
    "plugin_type": "RequiredFormFieldsPlugin",
    "creation_date": "2016-01-29T14:28:24.445Z",
    "changed_date": "2016-04-01T09:21:44.455Z"
  }
},
{
  "model": "cms.cmsplugin",
  "pk": 3663,
  "fields": {
    "path": "005H00010001000100010003",
    "depth": 6,
    "numchild": 7,
    "placeholder": 21,
    "parent": 3650,
    "position": 2,
    "language": "en",
    "plugin_type": "ProcessStepPlugin",
    "creation_date": "2015-11-03T12:01:57.216Z",
    "changed_date": "2016-04-01T09:21:44.470Z"
  }
},
{
  "model": "cms.cmsplugin",
  "pk": 3664,
  "fields": {
    "path": "005H000100010001000100030001",
    "depth": 7,
    "numchild": 0,
    "placeholder": 21,
    "parent": 3663,
    "position": 2,
    "language": "en",
    "plugin_type": "PaymentMethodFormPlugin",
    "creation_date": "2015-11-03T12:10:27.667Z",
    "changed_date": "2016-04-01T09:21:44.484Z"
  }
},
{
  "model": "cms.cmsplugin",
  "pk": 3665,
  "fields": {
    "path": "005H000100010001000100030002",
    "depth": 7,
    "numchild": 0,
    "placeholder": 21,
    "parent": 3663,
    "position": 3,
    "language": "en",
    "plugin_type": "ShippingMethodFormPlugin",
    "creation_date": "2015-11-03T12:10:56.492Z",
    "changed_date": "2016-04-01T09:21:44.500Z"
  }
},
{
  "model": "cms.cmsplugin",
  "pk": 3666,
  "fields": {
    "path": "005H000100010001000100030003",
    "depth": 7,
    "numchild": 0,
    "placeholder": 21,
    "parent": 3663,
    "position": 4,
    "language": "en",
    "plugin_type": "ExtraAnnotationFormPlugin",
    "creation_date": "2015-11-03T12:11:30.640Z",
    "changed_date": "2016-04-01T09:21:44.517Z"
  }
},
{
  "model": "cms.cmsplugin",
  "pk": 3667,
  "fields": {
    "path": "005H000100010001000100030004",
    "depth": 7,
    "numchild": 0,
    "placeholder": 21,
    "parent": 3663,
    "position": 5,
    "language": "en",
    "plugin_type": "RequiredFormFieldsPlugin",
    "creation_date": "2016-01-29T14:29:31.869Z",
    "changed_date": "2016-04-01T09:21:44.539Z"
  }
},
{
  "model": "cms.cmsplugin",
  "pk": 3668,
  "fields": {
    "path": "005H000100010001000100030005",
    "depth": 7,
    "numchild": 0,
    "placeholder": 21,
    "parent": 3663,
    "position": 6,
    "language": "en",
    "plugin_type": "ProcessNextStepPlugin",
    "creation_date": "2016-01-31T22:19:19.918Z",
    "changed_date": "2016-04-01T09:21:44.561Z"
  }
},
{
  "model": "cms.cmsplugin",
  "pk": 3669,
  "fields": {
    "path": "005H000100010001000100030006",
    "depth": 7,
    "numchild": 0,
    "placeholder": 21,
    "parent": 3663,
    "position": 1,
    "language": "en",
    "plugin_type": "ShopCartPlugin",
    "creation_date": "2016-02-01T15:53:30.839Z",
    "changed_date": "2016-04-01T09:21:44.580Z"
  }
},
{
  "model": "cms.cmsplugin",
  "pk": 3670,
  "fields": {
    "path": "005H000100010001000100030007",
    "depth": 7,
    "numchild": 0,
    "placeholder": 21,
    "parent": 3663,
    "position": 0,
    "language": "en",
    "plugin_type": "TextPlugin",
    "creation_date": "2016-02-04T06:44:12.100Z",
    "changed_date": "2016-04-01T09:21:45.029Z"
  }
},
{
  "model": "cms.cmsplugin",
  "pk": 3671,
  "fields": {
    "path": "005H00010001000100010004",
    "depth": 6,
    "numchild": 10,
    "placeholder": 21,
    "parent": 3650,
    "position": 3,
    "language": "en",
    "plugin_type": "ProcessStepPlugin",
    "creation_date": "2016-01-31T22:17:47.351Z",
    "changed_date": "2016-04-01T09:21:44.622Z"
  }
},
{
  "model": "cms.cmsplugin",
  "pk": 3672,
  "fields": {
    "path": "005H000100010001000100040001",
    "depth": 7,
    "numchild": 1,
    "placeholder": 21,
    "parent": 3671,
    "position": 8,
    "language": "en",
    "plugin_type": "AcceptConditionFormPlugin",
    "creation_date": "2015-11-03T12:12:11.300Z",
    "changed_date": "2016-04-01T09:21:44.634Z"
  }
},
{
  "model": "cms.cmsplugin",
  "pk": 3673,
  "fields": {
    "path": "005H0001000100010001000400010001",
    "depth": 8,
    "numchild": 0,
    "placeholder": 21,
    "parent": 3672,
    "position": 0,
    "language": "en",
    "plugin_type": "TextLinkPlugin",
    "creation_date": "2016-01-29T14:31:28.405Z",
    "changed_date": "2016-04-01T09:21:44.654Z"
  }
},
{
  "model": "cms.cmsplugin",
  "pk": 3674,
  "fields": {
    "path": "005H000100010001000100040002",
    "depth": 7,
    "numchild": 0,
    "placeholder": 21,
    "parent": 3671,
    "position": 9,
    "language": "en",
    "plugin_type": "ShopProceedButton",
    "creation_date": "2015-11-03T15:12:48.394Z",
    "changed_date": "2016-04-01T09:21:44.677Z"
  }
},
{
  "model": "cms.cmsplugin",
  "pk": 3675,
  "fields": {
    "path": "005H000100010001000100040003",
    "depth": 7,
    "numchild": 0,
    "placeholder": 21,
    "parent": 3671,
    "position": 3,
    "language": "en",
    "plugin_type": "ShippingAddressFormPlugin",
    "creation_date": "2016-01-31T22:20:32.185Z",
    "changed_date": "2016-04-01T09:21:44.694Z"
  }
},
{
  "model": "cms.cmsplugin",
  "pk": 3676,
  "fields": {
    "path": "005H000100010001000100040004",
    "depth": 7,
    "numchild": 0,
    "placeholder": 21,
    "parent": 3671,
    "position": 4,
    "language": "en",
    "plugin_type": "BillingAddressFormPlugin",
    "creation_date": "2016-01-31T22:20:49.792Z",
    "changed_date": "2016-04-01T09:21:44.711Z"
  }
},
{
  "model": "cms.cmsplugin",
  "pk": 3677,
  "fields": {
    "path": "005H000100010001000100040005",
    "depth": 7,
    "numchild": 0,
    "placeholder": 21,
    "parent": 3671,
    "position": 1,
    "language": "en",
    "plugin_type": "ShopCartPlugin",
    "creation_date": "2015-11-03T12:09:28.368Z",
    "changed_date": "2016-04-01T09:21:44.727Z"
  }
},
{
  "model": "cms.cmsplugin",
  "pk": 3678,
  "fields": {
    "path": "005H000100010001000100040006",
    "depth": 7,
    "numchild": 0,
    "placeholder": 21,
    "parent": 3671,
    "position": 5,
    "language": "en",
    "plugin_type": "PaymentMethodFormPlugin",
    "creation_date": "2016-01-31T22:23:33.271Z",
    "changed_date": "2016-04-01T09:21:44.741Z"
  }
},
{
  "model": "cms.cmsplugin",
  "pk": 3679,
  "fields": {
    "path": "005H000100010001000100040007",
    "depth": 7,
    "numchild": 0,
    "placeholder": 21,
    "parent": 3671,
    "position": 6,
    "language": "en",
    "plugin_type": "ShippingMethodFormPlugin",
    "creation_date": "2016-01-31T22:24:08.104Z",
    "changed_date": "2016-04-01T09:21:44.756Z"
  }
},
{
  "model": "cms.cmsplugin",
  "pk": 3680,
  "fields": {
    "path": "005H000100010001000100040008",
    "depth": 7,
    "numchild": 0,
    "placeholder": 21,
    "parent": 3671,
    "position": 0,
    "language": "en",
    "plugin_type": "TextPlugin",
    "creation_date": "2016-01-31T22:24:47.333Z",
    "changed_date": "2016-04-01T09:21:45.056Z"
  }
},
{
  "model": "cms.cmsplugin",
  "pk": 3681,
  "fields": {
    "path": "005H000100010001000100040009",
    "depth": 7,
    "numchild": 0,
    "placeholder": 21,
    "parent": 3671,
    "position": 7,
    "language": "en",
    "plugin_type": "ExtraAnnotationFormPlugin",
    "creation_date": "2016-02-01T09:11:39.979Z",
    "changed_date": "2016-04-01T09:21:44.797Z"
  }
},
{
  "model": "cms.cmsplugin",
  "pk": 3682,
  "fields": {
    "path": "005H00010001000100010004000A",
    "depth": 7,
    "numchild": 0,
    "placeholder": 21,
    "parent": 3671,
    "position": 2,
    "language": "en",
    "plugin_type": "CustomerFormPlugin",
    "creation_date": "2016-02-02T11:21:26.486Z",
    "changed_date": "2016-04-01T09:21:44.813Z"
  }
},
{
  "model": "cms.cmsplugin",
  "pk": 3683,
  "fields": {
    "path": "005H0002",
    "depth": 2,
    "numchild": 1,
    "placeholder": 21,
    "parent": 3646,
    "position": 1,
    "language": "en",
    "plugin_type": "SegmentPlugin",
    "creation_date": "2015-11-03T11:52:57.955Z",
    "changed_date": "2016-04-01T09:21:44.833Z"
  }
},
{
  "model": "cms.cmsplugin",
  "pk": 3684,
  "fields": {
    "path": "005H00020001",
    "depth": 3,
    "numchild": 3,
    "placeholder": 21,
    "parent": 3683,
    "position": 0,
    "language": "en",
    "plugin_type": "BootstrapRowPlugin",
    "creation_date": "2015-11-13T07:58:26.829Z",
    "changed_date": "2016-04-01T09:21:44.846Z"
  }
},
{
  "model": "cms.cmsplugin",
  "pk": 3685,
  "fields": {
    "path": "005H000200010001",
    "depth": 4,
    "numchild": 1,
    "placeholder": 21,
    "parent": 3684,
    "position": 0,
    "language": "en",
    "plugin_type": "BootstrapColumnPlugin",
    "creation_date": "2015-11-13T07:58:30.141Z",
    "changed_date": "2016-04-01T09:21:44.868Z"
  }
},
{
  "model": "cms.cmsplugin",
  "pk": 3686,
  "fields": {
    "path": "005H0002000100010001",
    "depth": 5,
    "numchild": 0,
    "placeholder": 21,
    "parent": 3685,
    "position": 0,
    "language": "en",
    "plugin_type": "ShopAuthenticationPlugin",
    "creation_date": "2015-11-13T07:59:27.855Z",
    "changed_date": "2016-04-01T09:21:44.885Z"
  }
},
{
  "model": "cms.cmsplugin",
  "pk": 3687,
  "fields": {
    "path": "005H000200010002",
    "depth": 4,
    "numchild": 1,
    "placeholder": 21,
    "parent": 3684,
    "position": 1,
    "language": "en",
    "plugin_type": "BootstrapColumnPlugin",
    "creation_date": "2015-11-13T07:58:30.251Z",
    "changed_date": "2016-04-01T09:21:44.909Z"
  }
},
{
  "model": "cms.cmsplugin",
  "pk": 3688,
  "fields": {
    "path": "005H0002000100020001",
    "depth": 5,
    "numchild": 0,
    "placeholder": 21,
    "parent": 3687,
    "position": 0,
    "language": "en",
    "plugin_type": "ShopAuthenticationPlugin",
    "creation_date": "2015-11-13T08:01:15.285Z",
    "changed_date": "2016-04-01T09:21:44.924Z"
  }
},
{
  "model": "cms.cmsplugin",
  "pk": 3689,
  "fields": {
    "path": "005H000200010003",
    "depth": 4,
    "numchild": 1,
    "placeholder": 21,
    "parent": 3684,
    "position": 2,
    "language": "en",
    "plugin_type": "BootstrapColumnPlugin",
    "creation_date": "2015-11-13T07:58:30.362Z",
    "changed_date": "2016-04-01T09:21:44.948Z"
  }
},
{
  "model": "cms.cmsplugin",
  "pk": 3690,
  "fields": {
    "path": "005H0002000100030001",
    "depth": 5,
    "numchild": 0,
    "placeholder": 21,
    "parent": 3689,
    "position": 0,
    "language": "en",
    "plugin_type": "ShopAuthenticationPlugin",
    "creation_date": "2015-11-13T08:01:42.825Z",
    "changed_date": "2016-04-01T09:21:44.961Z"
  }
},
{
  "model": "cms.cmsplugin",
  "pk": 3801,
  "fields": {
    "path": "005M",
    "depth": 1,
    "numchild": 0,
    "placeholder": 1,
    "parent": null,
    "position": 0,
    "language": "en",
    "plugin_type": "PlaceholderPlugin",
    "creation_date": "2016-04-02T09:44:47.519Z",
    "changed_date": "2016-04-02T09:44:47.528Z"
  }
},
{
  "model": "cms.cmsplugin",
  "pk": 3802,
  "fields": {
    "path": "005N",
    "depth": 1,
    "numchild": 1,
    "placeholder": 77,
    "parent": null,
    "position": 0,
    "language": "en",
    "plugin_type": "BootstrapContainerPlugin",
    "creation_date": "2016-01-26T23:56:56.939Z",
    "changed_date": "2016-04-02T09:44:47.559Z"
  }
},
{
  "model": "cms.cmsplugin",
  "pk": 3803,
  "fields": {
    "path": "005N0001",
    "depth": 2,
    "numchild": 1,
    "placeholder": 77,
    "parent": 3802,
    "position": 0,
    "language": "en",
    "plugin_type": "BootstrapRowPlugin",
    "creation_date": "2016-01-02T13:24:32.828Z",
    "changed_date": "2016-04-02T09:44:47.574Z"
  }
},
{
  "model": "cms.cmsplugin",
  "pk": 3804,
  "fields": {
    "path": "005N00010001",
    "depth": 3,
    "numchild": 2,
    "placeholder": 77,
    "parent": 3803,
    "position": 0,
    "language": "en",
    "plugin_type": "BootstrapColumnPlugin",
    "creation_date": "2016-01-02T13:24:37.507Z",
    "changed_date": "2016-04-02T09:44:47.596Z"
  }
},
{
  "model": "cms.cmsplugin",
  "pk": 3805,
  "fields": {
    "path": "005N000100010001",
    "depth": 4,
    "numchild": 0,
    "placeholder": 77,
    "parent": 3804,
    "position": 1,
    "language": "en",
    "plugin_type": "ShopCatalogPlugin",
    "creation_date": "2016-01-02T13:24:52.350Z",
    "changed_date": "2016-04-02T09:44:47.610Z"
  }
},
{
  "model": "cms.cmsplugin",
  "pk": 3806,
  "fields": {
    "path": "005N000100010002",
    "depth": 4,
    "numchild": 0,
    "placeholder": 77,
    "parent": 3804,
    "position": 0,
    "language": "en",
    "plugin_type": "TextPlugin",
    "creation_date": "2015-12-19T17:58:32.891Z",
    "changed_date": "2016-04-02T09:44:47.647Z"
  }
},
{
  "model": "cms.cmsplugin",
  "pk": 3834,
  "fields": {
    "path": "004M000100030004",
    "depth": 4,
    "numchild": 0,
    "placeholder": 62,
    "parent": 3627,
    "position": 3,
    "language": "en",
    "plugin_type": "CarouselSlidePlugin",
    "creation_date": "2016-04-02T12:53:03.113Z",
    "changed_date": "2016-04-02T12:53:42.986Z"
  }
},
{
  "model": "cms.cmsplugin",
  "pk": 4001,
  "fields": {
    "path": "005T",
    "depth": 1,
    "numchild": 0,
    "placeholder": 24,
    "parent": null,
    "position": 0,
    "language": "en",
    "plugin_type": "BreadcrumbPlugin",
    "creation_date": "2016-02-23T22:40:17.796Z",
    "changed_date": "2016-04-05T11:21:40.057Z"
  }
},
{
  "model": "cms.cmsplugin",
  "pk": 4002,
  "fields": {
    "path": "005U",
    "depth": 1,
    "numchild": 1,
    "placeholder": 25,
    "parent": null,
    "position": 0,
    "language": "en",
    "plugin_type": "BootstrapContainerPlugin",
    "creation_date": "2016-01-16T22:10:03.370Z",
    "changed_date": "2016-04-05T11:21:40.093Z"
  }
},
{
  "model": "cms.cmsplugin",
  "pk": 4003,
  "fields": {
    "path": "005U0001",
    "depth": 2,
    "numchild": 2,
    "placeholder": 25,
    "parent": 4002,
    "position": 1,
    "language": "en",
    "plugin_type": "BootstrapRowPlugin",
    "creation_date": "2015-11-05T11:08:54.064Z",
    "changed_date": "2016-04-05T11:21:40.109Z"
  }
},
{
  "model": "cms.cmsplugin",
  "pk": 4004,
  "fields": {
    "path": "005U00010001",
    "depth": 3,
    "numchild": 2,
    "placeholder": 25,
    "parent": 4003,
    "position": 0,
    "language": "en",
    "plugin_type": "BootstrapColumnPlugin",
    "creation_date": "2015-11-05T11:09:02.696Z",
    "changed_date": "2016-04-05T11:21:40.130Z"
  }
},
{
  "model": "cms.cmsplugin",
  "pk": 4005,
  "fields": {
    "path": "005U000100010001",
    "depth": 4,
    "numchild": 0,
    "placeholder": 25,
    "parent": 4004,
    "position": 0,
    "language": "en",
    "plugin_type": "BootstrapImagePlugin",
    "creation_date": "2015-11-25T17:34:43.289Z",
    "changed_date": "2016-04-05T11:21:40.145Z"
  }
},
{
  "model": "cms.cmsplugin",
  "pk": 4006,
  "fields": {
    "path": "005U000100010002",
    "depth": 4,
    "numchild": 0,
    "placeholder": 25,
    "parent": 4004,
    "position": 1,
    "language": "en",
    "plugin_type": "BootstrapGalleryPlugin",
    "creation_date": "2016-04-05T10:50:42.162Z",
    "changed_date": "2016-04-05T11:21:40.165Z"
  }
},
{
  "model": "cms.cmsplugin",
  "pk": 4007,
  "fields": {
    "path": "005U00010002",
    "depth": 3,
    "numchild": 1,
    "placeholder": 25,
    "parent": 4003,
    "position": 1,
    "language": "en",
    "plugin_type": "BootstrapColumnPlugin",
    "creation_date": "2015-11-05T11:09:02.802Z",
    "changed_date": "2016-04-05T11:21:40.192Z"
  }
},
{
  "model": "cms.cmsplugin",
  "pk": 4008,
  "fields": {
    "path": "005U000100020001",
    "depth": 4,
    "numchild": 0,
    "placeholder": 25,
    "parent": 4007,
    "position": 0,
    "language": "en",
    "plugin_type": "TextPlugin",
    "creation_date": "2015-12-01T21:58:00.739Z",
    "changed_date": "2016-04-05T11:21:40.228Z"
  }
},
{
  "model": "cms.cmsplugin",
  "pk": 4009,
  "fields": {
    "path": "005V",
    "depth": 1,
    "numchild": 0,
    "placeholder": 24,
    "parent": null,
    "position": 0,
    "language": "de",
    "plugin_type": "BreadcrumbPlugin",
    "creation_date": "2016-02-23T21:48:47.708Z",
    "changed_date": "2016-04-07T13:42:22.124Z"
  }
},
{
  "model": "cms.cmsplugin",
  "pk": 4010,
  "fields": {
    "path": "005W",
    "depth": 1,
    "numchild": 1,
    "placeholder": 25,
    "parent": null,
    "position": 0,
    "language": "de",
    "plugin_type": "BootstrapContainerPlugin",
    "creation_date": "2016-01-16T21:59:33.811Z",
    "changed_date": "2016-04-07T13:42:22.142Z"
  }
},
{
  "model": "cms.cmsplugin",
  "pk": 4011,
  "fields": {
    "path": "005W0001",
    "depth": 2,
    "numchild": 2,
    "placeholder": 25,
    "parent": 4010,
    "position": 0,
    "language": "de",
    "plugin_type": "BootstrapRowPlugin",
    "creation_date": "2015-11-05T11:08:54.064Z",
    "changed_date": "2016-04-07T13:42:22.153Z"
  }
},
{
  "model": "cms.cmsplugin",
  "pk": 4012,
  "fields": {
    "path": "005W00010001",
    "depth": 3,
    "numchild": 2,
    "placeholder": 25,
    "parent": 4011,
    "position": 0,
    "language": "de",
    "plugin_type": "BootstrapColumnPlugin",
    "creation_date": "2015-11-05T11:09:02.802Z",
    "changed_date": "2016-04-07T13:42:22.164Z"
  }
},
{
  "model": "cms.cmsplugin",
  "pk": 4013,
  "fields": {
    "path": "005W000100010001",
    "depth": 4,
    "numchild": 1,
    "placeholder": 25,
    "parent": 4012,
    "position": 0,
    "language": "de",
    "plugin_type": "TextPlugin",
    "creation_date": "2015-11-05T12:07:15.175Z",
    "changed_date": "2016-04-07T13:42:22.223Z"
  }
},
{
  "model": "cms.cmsplugin",
  "pk": 4014,
  "fields": {
    "path": "005W0001000100010001",
    "depth": 5,
    "numchild": 0,
    "placeholder": 25,
    "parent": 4013,
    "position": 0,
    "language": "de",
    "plugin_type": "TextLinkPlugin",
    "creation_date": "2015-12-14T21:58:41.769Z",
    "changed_date": "2016-04-07T13:42:22.183Z"
  }
},
{
  "model": "cms.cmsplugin",
  "pk": 4015,
  "fields": {
    "path": "005W000100010002",
    "depth": 4,
    "numchild": 0,
    "placeholder": 25,
    "parent": 4012,
    "position": 2,
    "language": "de",
    "plugin_type": "BootstrapButtonPlugin",
    "creation_date": "2015-12-18T18:10:29.618Z",
    "changed_date": "2016-04-07T13:42:22.192Z"
  }
},
{
  "model": "cms.cmsplugin",
  "pk": 4016,
  "fields": {
    "path": "005W00010002",
    "depth": 3,
    "numchild": 1,
    "placeholder": 25,
    "parent": 4011,
    "position": 1,
    "language": "de",
    "plugin_type": "BootstrapColumnPlugin",
    "creation_date": "2016-02-23T16:47:06.297Z",
    "changed_date": "2016-04-07T13:42:22.205Z"
  }
},
{
  "model": "cms.cmsplugin",
  "pk": 4017,
  "fields": {
    "path": "005W000100020001",
    "depth": 4,
    "numchild": 0,
    "placeholder": 25,
    "parent": 4016,
    "position": 0,
    "language": "de",
    "plugin_type": "BootstrapImagePlugin",
    "creation_date": "2015-11-25T17:34:43.289Z",
    "changed_date": "2016-04-07T13:42:22.213Z"
  }
},
{
  "model": "cms.cmsplugin",
  "pk": 4018,
  "fields": {
    "path": "005X",
    "depth": 1,
    "numchild": 1,
    "placeholder": 56,
    "parent": null,
    "position": 0,
    "language": "de",
    "plugin_type": "BootstrapContainerPlugin",
    "creation_date": "2016-01-16T21:57:47.046Z",
    "changed_date": "2016-04-07T13:42:26.927Z"
  }
},
{
  "model": "cms.cmsplugin",
  "pk": 4019,
  "fields": {
    "path": "005X0001",
    "depth": 2,
    "numchild": 1,
    "placeholder": 56,
    "parent": 4018,
    "position": 0,
    "language": "de",
    "plugin_type": "BootstrapRowPlugin",
    "creation_date": "2015-12-03T08:01:03.043Z",
    "changed_date": "2016-04-07T13:42:26.934Z"
  }
},
{
  "model": "cms.cmsplugin",
  "pk": 4020,
  "fields": {
    "path": "005X00010001",
    "depth": 3,
    "numchild": 2,
    "placeholder": 56,
    "parent": 4019,
    "position": 0,
    "language": "de",
    "plugin_type": "BootstrapColumnPlugin",
    "creation_date": "2015-12-03T08:01:07.295Z",
    "changed_date": "2016-04-07T13:42:26.945Z"
  }
},
{
  "model": "cms.cmsplugin",
  "pk": 4021,
  "fields": {
    "path": "005X000100010001",
    "depth": 4,
    "numchild": 0,
    "placeholder": 56,
    "parent": 4020,
    "position": 1,
    "language": "de",
    "plugin_type": "ShopCatalogPlugin",
    "creation_date": "2015-12-03T08:01:36.851Z",
    "changed_date": "2016-04-07T13:42:26.951Z"
  }
},
{
  "model": "cms.cmsplugin",
  "pk": 4022,
  "fields": {
    "path": "005X000100010002",
    "depth": 4,
    "numchild": 0,
    "placeholder": 56,
    "parent": 4020,
    "position": 0,
    "language": "de",
    "plugin_type": "TextPlugin",
    "creation_date": "2015-12-19T17:58:32.891Z",
    "changed_date": "2016-04-07T13:42:26.966Z"
  }
},
{
  "model": "cms.title",
  "pk": 3,
  "fields": {
    "language": "de",
    "title": "Warenkorb",
    "page_title": "",
    "menu_title": "",
    "meta_description": "",
    "slug": "warenkorb",
    "path": "warenkorb",
    "has_url_overwrite": false,
    "redirect": "",
    "page": 3,
    "creation_date": "2015-10-30T23:26:23.572Z",
    "published": true,
    "publisher_is_draft": true,
    "publisher_public": 4,
    "publisher_state": 0
  }
},
{
  "model": "cms.title",
  "pk": 4,
  "fields": {
    "language": "de",
    "title": "Warenkorb",
    "page_title": "",
    "menu_title": "",
    "meta_description": "",
    "slug": "warenkorb",
    "path": "warenkorb",
    "has_url_overwrite": false,
    "redirect": "",
    "page": 4,
    "creation_date": "2015-10-30T23:26:23.572Z",
    "published": true,
    "publisher_is_draft": false,
    "publisher_public": 3,
    "publisher_state": 0
  }
},
{
  "model": "cms.title",
  "pk": 5,
  "fields": {
    "language": "en",
    "title": "Cart",
    "page_title": "",
    "menu_title": "",
    "meta_description": "",
    "slug": "cart",
    "path": "cart",
    "has_url_overwrite": false,
    "redirect": null,
    "page": 3,
    "creation_date": "2015-10-30T23:26:52.487Z",
    "published": true,
    "publisher_is_draft": true,
    "publisher_public": 6,
    "publisher_state": 0
  }
},
{
  "model": "cms.title",
  "pk": 6,
  "fields": {
    "language": "en",
    "title": "Cart",
    "page_title": "",
    "menu_title": "",
    "meta_description": "",
    "slug": "cart",
    "path": "cart",
    "has_url_overwrite": false,
    "redirect": null,
    "page": 4,
    "creation_date": "2015-10-30T23:26:52.487Z",
    "published": true,
    "publisher_is_draft": false,
    "publisher_public": 5,
    "publisher_state": 0
  }
},
{
  "model": "cms.title",
  "pk": 9,
  "fields": {
    "language": "de",
    "title": "Kaufen",
    "page_title": "",
    "menu_title": "",
    "meta_description": "",
    "slug": "kaufen",
    "path": "warenkorb/kaufen",
    "has_url_overwrite": false,
    "redirect": null,
    "page": 5,
    "creation_date": "2015-11-03T11:50:25.673Z",
    "published": true,
    "publisher_is_draft": true,
    "publisher_public": 10,
    "publisher_state": 1
  }
},
{
  "model": "cms.title",
  "pk": 10,
  "fields": {
    "language": "de",
    "title": "Kaufen",
    "page_title": "",
    "menu_title": "",
    "meta_description": "",
    "slug": "kaufen",
    "path": "warenkorb/kaufen",
    "has_url_overwrite": false,
    "redirect": null,
    "page": 6,
    "creation_date": "2015-11-03T11:50:25.673Z",
    "published": true,
    "publisher_is_draft": false,
    "publisher_public": 9,
    "publisher_state": 1
  }
},
{
  "model": "cms.title",
  "pk": 11,
  "fields": {
    "language": "de",
    "title": "HOME",
    "page_title": "",
    "menu_title": "",
    "meta_description": "",
    "slug": "home",
    "path": "",
    "has_url_overwrite": false,
    "redirect": "",
    "page": 7,
    "creation_date": "2015-11-03T22:32:26.221Z",
    "published": true,
    "publisher_is_draft": true,
    "publisher_public": 12,
    "publisher_state": 0
  }
},
{
  "model": "cms.title",
  "pk": 12,
  "fields": {
    "language": "de",
    "title": "HOME",
    "page_title": "",
    "menu_title": "",
    "meta_description": "",
    "slug": "home",
    "path": "",
    "has_url_overwrite": false,
    "redirect": "",
    "page": 8,
    "creation_date": "2015-11-03T22:32:26.221Z",
    "published": true,
    "publisher_is_draft": false,
    "publisher_public": 11,
    "publisher_state": 0
  }
},
{
  "model": "cms.title",
  "pk": 13,
  "fields": {
    "language": "en",
    "title": "HOME",
    "page_title": "",
    "menu_title": "",
    "meta_description": "",
    "slug": "home",
    "path": "",
    "has_url_overwrite": false,
    "redirect": null,
    "page": 7,
    "creation_date": "2015-11-05T11:52:49.846Z",
    "published": true,
    "publisher_is_draft": true,
    "publisher_public": 14,
    "publisher_state": 1
  }
},
{
  "model": "cms.title",
  "pk": 14,
  "fields": {
    "language": "en",
    "title": "HOME",
    "page_title": "",
    "menu_title": "",
    "meta_description": "",
    "slug": "home",
    "path": "",
    "has_url_overwrite": false,
    "redirect": null,
    "page": 8,
    "creation_date": "2015-11-05T11:52:49.846Z",
    "published": true,
    "publisher_is_draft": false,
    "publisher_public": 13,
    "publisher_state": 0
  }
},
{
  "model": "cms.title",
  "pk": 15,
  "fields": {
    "language": "en",
    "title": "Checkout",
    "page_title": "",
    "menu_title": "",
    "meta_description": "",
    "slug": "checkout",
    "path": "cart/checkout",
    "has_url_overwrite": false,
    "redirect": null,
    "page": 5,
    "creation_date": "2015-11-05T11:53:43.570Z",
    "published": true,
    "publisher_is_draft": true,
    "publisher_public": 16,
    "publisher_state": 0
  }
},
{
  "model": "cms.title",
  "pk": 16,
  "fields": {
    "language": "en",
    "title": "Checkout",
    "page_title": "",
    "menu_title": "",
    "meta_description": "",
    "slug": "checkout",
    "path": "cart/checkout",
    "has_url_overwrite": false,
    "redirect": null,
    "page": 6,
    "creation_date": "2015-11-05T11:53:43.570Z",
    "published": true,
    "publisher_is_draft": false,
    "publisher_public": 15,
    "publisher_state": 0
  }
},
{
  "model": "cms.title",
  "pk": 17,
  "fields": {
    "language": "de",
    "title": "Info",
    "page_title": "",
    "menu_title": "",
    "meta_description": "",
    "slug": "info",
    "path": "info",
    "has_url_overwrite": false,
    "redirect": "",
    "page": 9,
    "creation_date": "2015-11-12T12:31:30.185Z",
    "published": true,
    "publisher_is_draft": true,
    "publisher_public": 18,
    "publisher_state": 0
  }
},
{
  "model": "cms.title",
  "pk": 18,
  "fields": {
    "language": "de",
    "title": "Info",
    "page_title": "",
    "menu_title": "",
    "meta_description": "",
    "slug": "info",
    "path": "info",
    "has_url_overwrite": false,
    "redirect": "",
    "page": 10,
    "creation_date": "2015-11-12T12:31:30.185Z",
    "published": true,
    "publisher_is_draft": false,
    "publisher_public": 17,
    "publisher_state": 0
  }
},
{
  "model": "cms.title",
  "pk": 19,
  "fields": {
    "language": "de",
    "title": "Ihre Bestellungen",
    "page_title": "",
    "menu_title": "",
    "meta_description": "",
    "slug": "ihre-bestellungen",
    "path": "info/ihre-bestellungen",
    "has_url_overwrite": false,
    "redirect": "",
    "page": 11,
    "creation_date": "2015-11-12T12:33:31.410Z",
    "published": true,
    "publisher_is_draft": true,
    "publisher_public": 20,
    "publisher_state": 0
  }
},
{
  "model": "cms.title",
  "pk": 20,
  "fields": {
    "language": "de",
    "title": "Ihre Bestellungen",
    "page_title": "",
    "menu_title": "",
    "meta_description": "",
    "slug": "ihre-bestellungen",
    "path": "info/ihre-bestellungen",
    "has_url_overwrite": false,
    "redirect": "",
    "page": 12,
    "creation_date": "2015-11-12T12:33:31.410Z",
    "published": true,
    "publisher_is_draft": false,
    "publisher_public": 19,
    "publisher_state": 0
  }
},
{
  "model": "cms.title",
  "pk": 21,
  "fields": {
    "language": "en",
    "title": "Your Orders",
    "page_title": "",
    "menu_title": "",
    "meta_description": "",
    "slug": "your-orders",
    "path": "info/your-orders",
    "has_url_overwrite": false,
    "redirect": null,
    "page": 11,
    "creation_date": "2015-11-12T23:02:55.259Z",
    "published": true,
    "publisher_is_draft": true,
    "publisher_public": 22,
    "publisher_state": 0
  }
},
{
  "model": "cms.title",
  "pk": 22,
  "fields": {
    "language": "en",
    "title": "Your Orders",
    "page_title": "",
    "menu_title": "",
    "meta_description": "",
    "slug": "your-orders",
    "path": "info/your-orders",
    "has_url_overwrite": false,
    "redirect": null,
    "page": 12,
    "creation_date": "2015-11-12T23:02:55.259Z",
    "published": true,
    "publisher_is_draft": false,
    "publisher_public": 21,
    "publisher_state": 0
  }
},
{
  "model": "cms.title",
  "pk": 23,
  "fields": {
    "language": "de",
    "title": "Danke f\u00fcr die Bestellung",
    "page_title": "",
    "menu_title": "",
    "meta_description": "",
    "slug": "danke-fur-die-bestellung",
    "path": "info/ihre-bestellungen/danke-fur-die-bestellung",
    "has_url_overwrite": false,
    "redirect": "",
    "page": 13,
    "creation_date": "2015-11-12T23:19:46.360Z",
    "published": true,
    "publisher_is_draft": true,
    "publisher_public": 24,
    "publisher_state": 0
  }
},
{
  "model": "cms.title",
  "pk": 24,
  "fields": {
    "language": "de",
    "title": "Danke f\u00fcr die Bestellung",
    "page_title": "",
    "menu_title": "",
    "meta_description": "",
    "slug": "danke-fur-die-bestellung",
    "path": "info/ihre-bestellungen/danke-fur-die-bestellung",
    "has_url_overwrite": false,
    "redirect": "",
    "page": 14,
    "creation_date": "2015-11-12T23:19:46.360Z",
    "published": true,
    "publisher_is_draft": false,
    "publisher_public": 23,
    "publisher_state": 0
  }
},
{
  "model": "cms.title",
  "pk": 25,
  "fields": {
    "language": "de",
    "title": "Allgemeine Gesch\u00e4ftsbedigungen",
    "page_title": "",
    "menu_title": "",
    "meta_description": "",
    "slug": "agb",
    "path": "info/agb",
    "has_url_overwrite": false,
    "redirect": null,
    "page": 15,
    "creation_date": "2015-11-13T00:06:49.812Z",
    "published": true,
    "publisher_is_draft": true,
    "publisher_public": 26,
    "publisher_state": 1
  }
},
{
  "model": "cms.title",
  "pk": 26,
  "fields": {
    "language": "de",
    "title": "Allgemeine Gesch\u00e4ftsbedigungen",
    "page_title": "",
    "menu_title": "",
    "meta_description": "",
    "slug": "agb",
    "path": "info/agb",
    "has_url_overwrite": false,
    "redirect": null,
    "page": 16,
    "creation_date": "2015-11-13T00:06:49.812Z",
    "published": true,
    "publisher_is_draft": false,
    "publisher_public": 25,
    "publisher_state": 1
  }
},
{
  "model": "cms.title",
  "pk": 27,
  "fields": {
    "language": "de",
    "title": "Smart Cards",
    "page_title": "",
    "menu_title": "",
    "meta_description": "",
    "slug": "smartcards",
    "path": "shop/smartcards",
    "has_url_overwrite": false,
    "redirect": "",
    "page": 17,
    "creation_date": "2015-10-16T13:11:21.746Z",
    "published": true,
    "publisher_is_draft": true,
    "publisher_public": 29,
    "publisher_state": 0
  }
},
{
  "model": "cms.title",
  "pk": 28,
  "fields": {
    "language": "en",
    "title": "Smart Cards",
    "page_title": "",
    "menu_title": "",
    "meta_description": "",
    "slug": "smartcards",
    "path": "shop/smartcards",
    "has_url_overwrite": false,
    "redirect": null,
    "page": 17,
    "creation_date": "2015-10-30T23:27:35.825Z",
    "published": true,
    "publisher_is_draft": true,
    "publisher_public": 30,
    "publisher_state": 0
  }
},
{
  "model": "cms.title",
  "pk": 29,
  "fields": {
    "language": "de",
    "title": "Smart Cards",
    "page_title": "",
    "menu_title": "",
    "meta_description": "",
    "slug": "smartcards",
    "path": "shop/smartcards",
    "has_url_overwrite": false,
    "redirect": "",
    "page": 18,
    "creation_date": "2015-10-16T13:11:21.746Z",
    "published": true,
    "publisher_is_draft": false,
    "publisher_public": 27,
    "publisher_state": 0
  }
},
{
  "model": "cms.title",
  "pk": 30,
  "fields": {
    "language": "en",
    "title": "Smart Cards",
    "page_title": "",
    "menu_title": "",
    "meta_description": "",
    "slug": "smartcards",
    "path": "shop/smartcards",
    "has_url_overwrite": false,
    "redirect": null,
    "page": 18,
    "creation_date": "2015-10-30T23:27:35.825Z",
    "published": true,
    "publisher_is_draft": false,
    "publisher_public": 28,
    "publisher_state": 0
  }
},
{
  "model": "cms.title",
  "pk": 31,
  "fields": {
    "language": "en",
    "title": "Info",
    "page_title": "",
    "menu_title": "",
    "meta_description": "",
    "slug": "info",
    "path": "info",
    "has_url_overwrite": false,
    "redirect": null,
    "page": 9,
    "creation_date": "2015-11-25T16:20:37.931Z",
    "published": true,
    "publisher_is_draft": true,
    "publisher_public": 32,
    "publisher_state": 0
  }
},
{
  "model": "cms.title",
  "pk": 32,
  "fields": {
    "language": "en",
    "title": "Info",
    "page_title": "",
    "menu_title": "",
    "meta_description": "",
    "slug": "info",
    "path": "info",
    "has_url_overwrite": false,
    "redirect": null,
    "page": 10,
    "creation_date": "2015-11-25T16:20:37.931Z",
    "published": true,
    "publisher_is_draft": false,
    "publisher_public": 31,
    "publisher_state": 0
  }
},
{
  "model": "cms.title",
  "pk": 33,
  "fields": {
    "language": "en",
    "title": "Terms and Conditions",
    "page_title": "",
    "menu_title": "",
    "meta_description": "",
    "slug": "terms-and-conditions",
    "path": "info/terms-and-conditions",
    "has_url_overwrite": false,
    "redirect": null,
    "page": 15,
    "creation_date": "2015-11-25T16:31:58.074Z",
    "published": true,
    "publisher_is_draft": true,
    "publisher_public": 44,
    "publisher_state": 1
  }
},
{
  "model": "cms.title",
  "pk": 34,
  "fields": {
    "language": "en",
    "title": "Smart Phones",
    "page_title": "",
    "menu_title": "",
    "meta_description": "",
    "slug": "smart-phones",
    "path": "shop/smart-phones",
    "has_url_overwrite": false,
    "redirect": null,
    "page": 19,
    "creation_date": "2015-12-02T22:03:28.906Z",
    "published": true,
    "publisher_is_draft": true,
    "publisher_public": 36,
    "publisher_state": 0
  }
},
{
  "model": "cms.title",
  "pk": 35,
  "fields": {
    "language": "de",
    "title": "Smart Phones",
    "page_title": "",
    "menu_title": "",
    "meta_description": "",
    "slug": "smart-phones",
    "path": "shop/smart-phones",
    "has_url_overwrite": false,
    "redirect": "",
    "page": 19,
    "creation_date": "2015-12-02T22:03:34.672Z",
    "published": true,
    "publisher_is_draft": true,
    "publisher_public": 37,
    "publisher_state": 0
  }
},
{
  "model": "cms.title",
  "pk": 36,
  "fields": {
    "language": "en",
    "title": "Smart Phones",
    "page_title": "",
    "menu_title": "",
    "meta_description": "",
    "slug": "smart-phones",
    "path": "shop/smart-phones",
    "has_url_overwrite": false,
    "redirect": null,
    "page": 20,
    "creation_date": "2015-12-02T22:03:28.906Z",
    "published": true,
    "publisher_is_draft": false,
    "publisher_public": 34,
    "publisher_state": 0
  }
},
{
  "model": "cms.title",
  "pk": 37,
  "fields": {
    "language": "de",
    "title": "Smart Phones",
    "page_title": "",
    "menu_title": "",
    "meta_description": "",
    "slug": "smart-phones",
    "path": "shop/smart-phones",
    "has_url_overwrite": false,
    "redirect": "",
    "page": 20,
    "creation_date": "2015-12-02T22:03:34.672Z",
    "published": true,
    "publisher_is_draft": false,
    "publisher_public": 35,
    "publisher_state": 0
  }
},
{
  "model": "cms.title",
  "pk": 38,
  "fields": {
    "language": "de",
    "title": "Shop",
    "page_title": "",
    "menu_title": "",
    "meta_description": "",
    "slug": "shop",
    "path": "shop",
    "has_url_overwrite": false,
    "redirect": "",
    "page": 21,
    "creation_date": "2015-12-03T07:54:18.802Z",
    "published": true,
    "publisher_is_draft": true,
    "publisher_public": 41,
    "publisher_state": 0
  }
},
{
  "model": "cms.title",
  "pk": 39,
  "fields": {
    "language": "en",
    "title": "Shop",
    "page_title": "",
    "menu_title": "",
    "meta_description": "",
    "slug": "shop",
    "path": "shop",
    "has_url_overwrite": false,
    "redirect": null,
    "page": 21,
    "creation_date": "2015-12-03T07:54:58.188Z",
    "published": true,
    "publisher_is_draft": true,
    "publisher_public": 40,
    "publisher_state": 0
  }
},
{
  "model": "cms.title",
  "pk": 40,
  "fields": {
    "language": "en",
    "title": "Shop",
    "page_title": "",
    "menu_title": "",
    "meta_description": "",
    "slug": "shop",
    "path": "shop",
    "has_url_overwrite": false,
    "redirect": null,
    "page": 22,
    "creation_date": "2015-12-03T07:54:58.188Z",
    "published": true,
    "publisher_is_draft": false,
    "publisher_public": 39,
    "publisher_state": 0
  }
},
{
  "model": "cms.title",
  "pk": 41,
  "fields": {
    "language": "de",
    "title": "Shop",
    "page_title": "",
    "menu_title": "",
    "meta_description": "",
    "slug": "shop",
    "path": "shop",
    "has_url_overwrite": false,
    "redirect": "",
    "page": 22,
    "creation_date": "2015-12-03T07:54:18.802Z",
    "published": true,
    "publisher_is_draft": false,
    "publisher_public": 38,
    "publisher_state": 0
  }
},
{
  "model": "cms.title",
  "pk": 42,
  "fields": {
    "language": "en",
    "title": "Thanks for Your Order",
    "page_title": "",
    "menu_title": "",
    "meta_description": "",
    "slug": "thanks-your-order",
    "path": "info/your-orders/thanks-your-order",
    "has_url_overwrite": false,
    "redirect": "",
    "page": 13,
    "creation_date": "2016-01-16T22:16:03.370Z",
    "published": true,
    "publisher_is_draft": true,
    "publisher_public": 43,
    "publisher_state": 0
  }
},
{
  "model": "cms.title",
  "pk": 43,
  "fields": {
    "language": "en",
    "title": "Thanks for Your Order",
    "page_title": "",
    "menu_title": "",
    "meta_description": "",
    "slug": "thanks-your-order",
    "path": "info/your-orders/thanks-your-order",
    "has_url_overwrite": false,
    "redirect": "",
    "page": 14,
    "creation_date": "2016-01-16T22:16:03.370Z",
    "published": true,
    "publisher_is_draft": false,
    "publisher_public": 42,
    "publisher_state": 0
  }
},
{
  "model": "cms.title",
  "pk": 44,
  "fields": {
    "language": "en",
    "title": "Terms and Conditions",
    "page_title": "",
    "menu_title": "",
    "meta_description": "",
    "slug": "terms-and-conditions",
    "path": "info/terms-and-conditions",
    "has_url_overwrite": false,
    "redirect": null,
    "page": 16,
    "creation_date": "2015-11-25T16:31:58.074Z",
    "published": true,
    "publisher_is_draft": false,
    "publisher_public": 33,
    "publisher_state": 1
  }
},
{
  "model": "cms.title",
  "pk": 45,
  "fields": {
    "language": "de",
    "title": "Suche",
    "page_title": "",
    "menu_title": "",
    "meta_description": "",
    "slug": "suche",
    "path": "suche",
    "has_url_overwrite": false,
    "redirect": "",
    "page": 23,
    "creation_date": "2016-01-25T16:40:53.523Z",
    "published": true,
    "publisher_is_draft": true,
    "publisher_public": 48,
    "publisher_state": 0
  }
},
{
  "model": "cms.title",
  "pk": 46,
  "fields": {
    "language": "en",
    "title": "Search",
    "page_title": "",
    "menu_title": "",
    "meta_description": "",
    "slug": "search",
    "path": "search",
    "has_url_overwrite": false,
    "redirect": "",
    "page": 23,
    "creation_date": "2016-01-25T16:41:03.375Z",
    "published": true,
    "publisher_is_draft": true,
    "publisher_public": 47,
    "publisher_state": 0
  }
},
{
  "model": "cms.title",
  "pk": 47,
  "fields": {
    "language": "en",
    "title": "Search",
    "page_title": "",
    "menu_title": "",
    "meta_description": "",
    "slug": "search",
    "path": "search",
    "has_url_overwrite": false,
    "redirect": "",
    "page": 24,
    "creation_date": "2016-01-25T16:41:03.375Z",
    "published": true,
    "publisher_is_draft": false,
    "publisher_public": 46,
    "publisher_state": 0
  }
},
{
  "model": "cms.title",
  "pk": 48,
  "fields": {
    "language": "de",
    "title": "Suche",
    "page_title": "",
    "menu_title": "",
    "meta_description": "",
    "slug": "suche",
    "path": "suche",
    "has_url_overwrite": false,
    "redirect": "",
    "page": 24,
    "creation_date": "2016-01-25T16:40:53.523Z",
    "published": true,
    "publisher_is_draft": false,
    "publisher_public": 45,
    "publisher_state": 0
  }
},
{
  "model": "cms.title",
  "pk": 49,
  "fields": {
    "language": "en",
    "title": "Commodities",
    "page_title": "",
    "menu_title": "",
    "meta_description": "",
    "slug": "commodities",
    "path": "shop/commodities",
    "has_url_overwrite": false,
    "redirect": "",
    "page": 25,
    "creation_date": "2016-02-17T15:25:30.046Z",
    "published": true,
    "publisher_is_draft": true,
    "publisher_public": 51,
    "publisher_state": 0
  }
},
{
  "model": "cms.title",
  "pk": 50,
  "fields": {
    "language": "de",
    "title": "Allerlei",
    "page_title": "",
    "menu_title": "",
    "meta_description": "",
    "slug": "allerlei",
    "path": "shop/allerlei",
    "has_url_overwrite": false,
    "redirect": null,
    "page": 25,
    "creation_date": "2016-02-17T15:25:41.836Z",
    "published": true,
    "publisher_is_draft": true,
    "publisher_public": 52,
    "publisher_state": 0
  }
},
{
  "model": "cms.title",
  "pk": 51,
  "fields": {
    "language": "en",
    "title": "Commodities",
    "page_title": "",
    "menu_title": "",
    "meta_description": "",
    "slug": "commodities",
    "path": "shop/commodities",
    "has_url_overwrite": false,
    "redirect": "",
    "page": 26,
    "creation_date": "2016-02-17T15:25:30.046Z",
    "published": true,
    "publisher_is_draft": false,
    "publisher_public": 49,
    "publisher_state": 0
  }
},
{
  "model": "cms.title",
  "pk": 52,
  "fields": {
    "language": "de",
    "title": "Allerlei",
    "page_title": "",
    "menu_title": "",
    "meta_description": "",
    "slug": "allerlei",
    "path": "shop/allerlei",
    "has_url_overwrite": false,
    "redirect": null,
    "page": 26,
    "creation_date": "2016-02-17T15:25:41.836Z",
    "published": true,
    "publisher_is_draft": false,
    "publisher_public": 50,
    "publisher_state": 0
  }
},
{
  "model": "cms.placeholderreference",
  "pk": 3801,
  "fields": {
    "name": "Main Content",
    "placeholder_ref": 77
  }
},
{
  "model": "cms.staticplaceholder",
  "pk": 1,
  "fields": {
    "name": "Static Footer",
    "code": "Static Footer",
    "draft": 6,
    "public": 7,
    "dirty": false,
    "creation_method": "template",
    "site": null
  }
},
{
  "model": "cms.urlconfrevision",
  "pk": 1,
  "fields": {
    "revision": "b7b32fd6-ab06-4a3f-885b-a246c66d9c69"
  }
},
{
  "model": "cmsplugin_cascade.cascadeelement",
  "pk": 11,
  "fields": {
    "glossary": "{}"
  }
},
{
  "model": "cmsplugin_cascade.cascadeelement",
  "pk": 12,
  "fields": {
    "glossary": "{\"xs-responsive-utils\":\"\",\"lg-column-ordering\":\"\",\"sm-column-ordering\":\"\",\"md-responsive-utils\":\"\",\"xs-column-offset\":\"\",\"md-column-ordering\":\"\",\"md-column-width\":\"\",\"container_max_widths\":{\"xs\":720,\"md\":940,\"lg\":1140,\"sm\":720},\"sm-column-offset\":\"\",\"lg-column-offset\":\"\",\"lg-column-width\":\"\",\"sm-column-width\":\"\",\"md-column-offset\":\"\",\"xs-column-ordering\":\"\",\"sm-responsive-utils\":\"\",\"xs-column-width\":\"col-xs-12\",\"lg-responsive-utils\":\"\"}"
  }
},
{
  "model": "cmsplugin_cascade.cascadeelement",
  "pk": 16,
  "fields": {
    "glossary": "{\"render_type\":\"editable\"}"
  }
},
{
  "model": "cmsplugin_cascade.cascadeelement",
  "pk": 21,
  "fields": {
    "glossary": "{}"
  }
},
{
  "model": "cmsplugin_cascade.cascadeelement",
  "pk": 22,
  "fields": {
    "glossary": "{\"xs-responsive-utils\":\"\",\"lg-column-ordering\":\"\",\"sm-column-ordering\":\"\",\"md-responsive-utils\":\"\",\"xs-column-offset\":\"\",\"md-column-ordering\":\"\",\"md-column-width\":\"\",\"container_max_widths\":{\"xs\":720,\"md\":212,\"lg\":262,\"sm\":157},\"sm-column-offset\":\"col-sm-offset-5\",\"lg-column-offset\":\"\",\"lg-column-width\":\"\",\"sm-column-width\":\"col-sm-3\",\"md-column-offset\":\"\",\"xs-column-ordering\":\"\",\"sm-responsive-utils\":\"\",\"xs-column-width\":\"col-xs-12\",\"lg-responsive-utils\":\"\"}"
  }
},
{
  "model": "cmsplugin_cascade.cascadeelement",
  "pk": 23,
  "fields": {
    "glossary": "{\"xs-responsive-utils\":\"\",\"lg-column-ordering\":\"\",\"sm-column-ordering\":\"\",\"md-responsive-utils\":\"\",\"xs-column-offset\":\"\",\"md-column-ordering\":\"\",\"md-column-width\":\"\",\"container_max_widths\":{\"xs\":720,\"md\":293,\"lg\":360,\"sm\":220},\"sm-column-offset\":\"\",\"lg-column-offset\":\"\",\"lg-column-width\":\"\",\"sm-column-width\":\"col-sm-4\",\"md-column-offset\":\"\",\"xs-column-ordering\":\"\",\"sm-responsive-utils\":\"\",\"xs-column-width\":\"col-xs-12\",\"lg-responsive-utils\":\"\"}"
  }
},
{
  "model": "cmsplugin_cascade.cascadeelement",
  "pk": 25,
  "fields": {
    "glossary": "{\"quick-float\":\"\",\"icon-right\":\"\",\"button-options\":[],\"button-size\":\"\",\"button-type\":\"btn-default\",\"link\":{\"pk\":17,\"type\":\"cmspage\",\"model\":\"cms.Page\"},\"link_content\":\"Weiter Einkaufen\",\"icon-left\":\"menu-up\"}"
  }
},
{
  "model": "cmsplugin_cascade.cascadeelement",
  "pk": 35,
  "fields": {
    "glossary": "{\"condition\":\"customer.is_recognized\",\"open_tag\":\"if\"}"
  }
},
{
  "model": "cmsplugin_cascade.cascadeelement",
  "pk": 36,
  "fields": {
    "glossary": "{\"condition\":\"\",\"open_tag\":\"else\"}"
  }
},
{
  "model": "cmsplugin_cascade.cascadeelement",
  "pk": 40,
  "fields": {
    "glossary": "{\"extra_inline_styles:Margins\":{\"margin-bottom\":\"30px\",\"margin-top\":\"10px\"},\"extra_inline_styles:Paddings\":{\"padding-left\":\"\",\"padding-right\":\"\"}}"
  }
},
{
  "model": "cmsplugin_cascade.cascadeelement",
  "pk": 41,
  "fields": {
    "glossary": "{\"container_max_widths\":{\"xs\":720,\"md\":940,\"lg\":1140,\"sm\":720},\"xs-column-width\":\"col-xs-12\"}"
  }
},
{
  "model": "cmsplugin_cascade.cascadeelement",
  "pk": 42,
  "fields": {
    "glossary": "{}"
  }
},
{
  "model": "cmsplugin_cascade.cascadeelement",
  "pk": 43,
  "fields": {
    "glossary": "{}"
  }
},
{
  "model": "cmsplugin_cascade.cascadeelement",
  "pk": 44,
  "fields": {
    "glossary": "{}"
  }
},
{
  "model": "cmsplugin_cascade.cascadeelement",
  "pk": 45,
  "fields": {
    "glossary": "{}"
  }
},
{
  "model": "cmsplugin_cascade.cascadeelement",
  "pk": 46,
  "fields": {
    "glossary": "{\"condition\":\"customer.is_registered\",\"open_tag\":\"if\"}"
  }
},
{
  "model": "cmsplugin_cascade.cascadeelement",
  "pk": 47,
  "fields": {
    "glossary": "{\"condition\":\"\",\"open_tag\":\"else\"}"
  }
},
{
  "model": "cmsplugin_cascade.cascadeelement",
  "pk": 48,
  "fields": {
    "glossary": "{\"render_type\":\"form\"}"
  }
},
{
  "model": "cmsplugin_cascade.cascadeelement",
  "pk": 49,
  "fields": {
    "glossary": "{\"render_type\":\"form\"}"
  }
},
{
  "model": "cmsplugin_cascade.cascadeelement",
  "pk": 50,
  "fields": {
    "glossary": "{\"quick-float\":\"\",\"icon-right\":\"menu-right\",\"button-options\":[],\"button-size\":\"\",\"button-type\":\"btn-success\",\"link_content\":\"Weiter\",\"icon-left\":\"\"}"
  }
},
{
  "model": "cmsplugin_cascade.cascadeelement",
  "pk": 52,
  "fields": {
    "glossary": "{\"multi_addr\":\"on\",\"render_type\":\"form\"}"
  }
},
{
  "model": "cmsplugin_cascade.cascadeelement",
  "pk": 53,
  "fields": {
    "glossary": "{\"multi_addr\":\"on\",\"allow_use_shipping\":\"on\",\"render_type\":\"form\"}"
  }
},
{
  "model": "cmsplugin_cascade.cascadeelement",
  "pk": 54,
  "fields": {
    "glossary": "{\"quick-float\":\"\",\"icon-right\":\"menu-right\",\"button-options\":[],\"button-size\":\"\",\"button-type\":\"btn-success\",\"link_content\":\"Weiter\",\"icon-left\":\"\"}"
  }
},
{
  "model": "cmsplugin_cascade.cascadeelement",
  "pk": 55,
  "fields": {
    "glossary": "{\"render_type\":\"summary\"}"
  }
},
{
  "model": "cmsplugin_cascade.cascadeelement",
  "pk": 56,
  "fields": {
    "glossary": "{\"render_type\":\"form\"}"
  }
},
{
  "model": "cmsplugin_cascade.cascadeelement",
  "pk": 57,
  "fields": {
    "glossary": "{\"render_type\":\"form\"}"
  }
},
{
  "model": "cmsplugin_cascade.cascadeelement",
  "pk": 58,
  "fields": {
    "glossary": "{\"render_type\":\"form\"}"
  }
},
{
  "model": "cmsplugin_cascade.cascadeelement",
  "pk": 181,
  "fields": {
    "glossary": "{\"quick-float\":\"\",\"icon-right\":\"menu-right\",\"button-options\":[],\"button-size\":\"\",\"button-type\":\"btn-success\",\"link\":{\"pk\":5,\"type\":\"cmspage\",\"model\":\"cms.Page\"},\"link_content\":\"Zur Kasse gehen\",\"icon-left\":\"\"}"
  }
},
{
  "model": "cmsplugin_cascade.cascadeelement",
  "pk": 200,
  "fields": {
    "glossary": "{\"extra_inline_styles:Margins\":{\"margin-bottom\":\"30px\",\"margin-top\":\"\"},\"extra_inline_styles:Paddings\":{\"padding-left\":\"\",\"padding-right\":\"\"}}"
  }
},
{
  "model": "cmsplugin_cascade.cascadeelement",
  "pk": 202,
  "fields": {
    "glossary": "{\"xs-responsive-utils\":\"\",\"lg-column-ordering\":\"\",\"sm-column-ordering\":\"\",\"md-responsive-utils\":\"\",\"xs-column-offset\":\"\",\"md-column-ordering\":\"\",\"md-column-width\":\"\",\"container_max_widths\":{\"xs\":720,\"md\":616,\"lg\":750,\"sm\":470},\"sm-column-offset\":\"\",\"lg-column-offset\":\"\",\"lg-column-width\":\"\",\"sm-column-width\":\"col-sm-8\",\"md-column-offset\":\"\",\"xs-column-ordering\":\"\",\"sm-responsive-utils\":\"\",\"xs-column-width\":\"col-xs-12\",\"lg-responsive-utils\":\"\"}"
  }
},
{
  "model": "cmsplugin_cascade.cascadeelement",
  "pk": 238,
  "fields": {
    "glossary": "{}"
  }
},
{
  "model": "cmsplugin_cascade.cascadeelement",
  "pk": 239,
  "fields": {
    "glossary": "{\"container_max_widths\":{\"xs\":720,\"md\":940,\"lg\":1140,\"sm\":720},\"xs-column-width\":\"col-xs-12\"}"
  }
},
{
  "model": "cmsplugin_cascade.cascadeelement",
  "pk": 242,
  "fields": {
    "glossary": "{}"
  }
},
{
  "model": "cmsplugin_cascade.cascadeelement",
  "pk": 246,
  "fields": {
    "glossary": "{}"
  }
},
{
  "model": "cmsplugin_cascade.cascadeelement",
  "pk": 247,
  "fields": {
    "glossary": "{\"container_max_widths\":{\"xs\":720,\"md\":940,\"lg\":1140,\"sm\":720},\"xs-column-width\":\"col-xs-12\"}"
  }
},
{
  "model": "cmsplugin_cascade.cascadeelement",
  "pk": 248,
  "fields": {
    "glossary": "{}"
  }
},
{
  "model": "cmsplugin_cascade.cascadeelement",
  "pk": 258,
  "fields": {
    "glossary": "{}"
  }
},
{
  "model": "cmsplugin_cascade.cascadeelement",
  "pk": 259,
  "fields": {
    "glossary": "{\"container_max_widths\":{\"xs\":720,\"md\":940,\"lg\":1140,\"sm\":720},\"xs-column-width\":\"col-xs-12\"}"
  }
},
{
  "model": "cmsplugin_cascade.cascadeelement",
  "pk": 260,
  "fields": {
    "glossary": "{}"
  }
},
{
  "model": "cmsplugin_cascade.cascadeelement",
  "pk": 269,
  "fields": {
    "glossary": "{}"
  }
},
{
  "model": "cmsplugin_cascade.cascadeelement",
  "pk": 270,
  "fields": {
    "glossary": "{\"container_max_widths\":{\"xs\":720,\"md\":940,\"lg\":1140,\"sm\":720},\"xs-column-width\":\"col-xs-12\"}"
  }
},
{
  "model": "cmsplugin_cascade.cascadeelement",
  "pk": 275,
  "fields": {
    "glossary": "{}"
  }
},
{
  "model": "cmsplugin_cascade.cascadeelement",
  "pk": 276,
  "fields": {
    "glossary": "{\"container_max_widths\":{\"xs\":220,\"md\":293,\"lg\":360,\"sm\":220},\"xs-column-width\":\"col-xs-4\"}"
  }
},
{
  "model": "cmsplugin_cascade.cascadeelement",
  "pk": 277,
  "fields": {
    "glossary": "{\"container_max_widths\":{\"xs\":220,\"md\":293,\"lg\":360,\"sm\":220},\"xs-column-width\":\"col-xs-4\"}"
  }
},
{
  "model": "cmsplugin_cascade.cascadeelement",
  "pk": 278,
  "fields": {
    "glossary": "{\"container_max_widths\":{\"xs\":220,\"md\":293,\"lg\":360,\"sm\":220},\"xs-column-width\":\"col-xs-4\"}"
  }
},
{
  "model": "cmsplugin_cascade.cascadeelement",
  "pk": 279,
  "fields": {
    "glossary": "{\"link\":{\"type\":\"RELOAD_PAGE\"},\"form_type\":\"login-reset\"}"
  }
},
{
  "model": "cmsplugin_cascade.cascadeelement",
  "pk": 281,
  "fields": {
    "glossary": "{\"link\":{\"type\":\"RELOAD_PAGE\"},\"form_type\":\"register-user\"}"
  }
},
{
  "model": "cmsplugin_cascade.cascadeelement",
  "pk": 282,
  "fields": {
    "glossary": "{\"link\":{\"type\":\"RELOAD_PAGE\"},\"form_type\":\"continue-as-guest\"}"
  }
},
{
  "model": "cmsplugin_cascade.cascadeelement",
  "pk": 348,
  "fields": {
    "glossary": "{\"image-title\":\"Django Pony\",\"alt-tag\":\"\",\"image-width-fixed\":\"\",\"image-shapes\":[\"img-responsive\"],\"image-height\":\"\",\"resize-options\":[\"subject_location\",\"high_resolution\"],\"title\":\"\",\"image\":{\"pk\":1,\"model\":\"filer.Image\"},\"image-width-responsive\":\"100%\",\"target\":\"\",\"link\":{\"type\":\"none\"}}"
  }
},
{
  "model": "cmsplugin_cascade.cascadeelement",
  "pk": 359,
  "fields": {
    "glossary": "{}"
  }
},
{
  "model": "cmsplugin_cascade.cascadeelement",
  "pk": 360,
  "fields": {
    "glossary": "{\"xs-responsive-utils\":\"\",\"lg-column-ordering\":\"\",\"sm-column-ordering\":\"\",\"md-responsive-utils\":\"\",\"xs-column-offset\":\"\",\"md-column-ordering\":\"\",\"md-column-width\":\"\",\"container_max_widths\":{\"xs\":720,\"md\":940,\"lg\":1140,\"sm\":720},\"sm-column-offset\":\"\",\"lg-column-offset\":\"\",\"lg-column-width\":\"\",\"sm-column-width\":\"\",\"md-column-offset\":\"\",\"xs-column-ordering\":\"\",\"sm-responsive-utils\":\"\",\"xs-column-width\":\"col-xs-12\",\"lg-responsive-utils\":\"\"}"
  }
},
{
  "model": "cmsplugin_cascade.cascadeelement",
  "pk": 361,
  "fields": {
    "glossary": "{\"render_type\":\"editable\"}"
  }
},
{
  "model": "cmsplugin_cascade.cascadeelement",
  "pk": 362,
  "fields": {
    "glossary": "{\"extra_inline_styles:Margins\":{\"margin-bottom\":\"30px\",\"margin-top\":\"\"}}"
  }
},
{
  "model": "cmsplugin_cascade.cascadeelement",
  "pk": 363,
  "fields": {
    "glossary": "{\"xs-responsive-utils\":\"\",\"lg-column-ordering\":\"\",\"sm-column-ordering\":\"\",\"md-responsive-utils\":\"\",\"xs-column-offset\":\"\",\"md-column-ordering\":\"\",\"md-column-width\":\"\",\"container_max_widths\":{\"xs\":720,\"md\":212,\"lg\":262,\"sm\":157},\"sm-column-offset\":\"col-sm-offset-5\",\"lg-column-offset\":\"\",\"lg-column-width\":\"\",\"sm-column-width\":\"col-sm-3\",\"md-column-offset\":\"\",\"xs-column-ordering\":\"\",\"sm-responsive-utils\":\"\",\"xs-column-width\":\"col-xs-12\",\"lg-responsive-utils\":\"\"}"
  }
},
{
  "model": "cmsplugin_cascade.cascadeelement",
  "pk": 364,
  "fields": {
    "glossary": "{\"quick-float\":\"\",\"icon-right\":\"\",\"button-options\":[],\"button-size\":\"\",\"button-type\":\"btn-default\",\"link\":{\"pk\":17,\"type\":\"cmspage\",\"model\":\"cms.Page\"},\"link_content\":\"Continue Shopping\",\"icon-left\":\"menu-up\"}"
  }
},
{
  "model": "cmsplugin_cascade.cascadeelement",
  "pk": 365,
  "fields": {
    "glossary": "{\"xs-responsive-utils\":\"\",\"lg-column-ordering\":\"\",\"sm-column-ordering\":\"\",\"md-responsive-utils\":\"\",\"xs-column-offset\":\"\",\"md-column-ordering\":\"\",\"md-column-width\":\"\",\"container_max_widths\":{\"xs\":720,\"md\":293,\"lg\":360,\"sm\":220},\"sm-column-offset\":\"\",\"lg-column-offset\":\"\",\"lg-column-width\":\"\",\"sm-column-width\":\"col-sm-4\",\"md-column-offset\":\"\",\"xs-column-ordering\":\"\",\"sm-responsive-utils\":\"\",\"xs-column-width\":\"col-xs-12\",\"lg-responsive-utils\":\"\"}"
  }
},
{
  "model": "cmsplugin_cascade.cascadeelement",
  "pk": 366,
  "fields": {
    "glossary": "{\"quick-float\":\"\",\"icon-right\":\"menu-right\",\"button-options\":[],\"button-size\":\"\",\"button-type\":\"btn-success\",\"link\":{\"pk\":5,\"type\":\"cmspage\",\"model\":\"cms.Page\"},\"link_content\":\"Proceed to Checkout\",\"icon-left\":\"\"}"
  }
},
{
  "model": "cmsplugin_cascade.cascadeelement",
  "pk": 376,
  "fields": {
    "glossary": "{\"condition\":\"customer.is_recognized\",\"open_tag\":\"if\"}"
  }
},
{
  "model": "cmsplugin_cascade.cascadeelement",
  "pk": 377,
  "fields": {
    "glossary": "{\"extra_inline_styles:Margins\":{\"margin-bottom\":\"20px\",\"margin-top\":\"\"},\"extra_inline_styles:Paddings\":{\"padding-left\":\"\",\"padding-right\":\"\"}}"
  }
},
{
  "model": "cmsplugin_cascade.cascadeelement",
  "pk": 378,
  "fields": {
    "glossary": "{\"container_max_widths\":{\"xs\":720,\"md\":940,\"lg\":1140,\"sm\":720},\"xs-column-width\":\"col-xs-12\"}"
  }
},
{
  "model": "cmsplugin_cascade.cascadeelement",
  "pk": 379,
  "fields": {
    "glossary": "{}"
  }
},
{
  "model": "cmsplugin_cascade.cascadeelement",
  "pk": 380,
  "fields": {
    "glossary": "{}"
  }
},
{
  "model": "cmsplugin_cascade.cascadeelement",
  "pk": 381,
  "fields": {
    "glossary": "{\"condition\":\"customer.is_registered\",\"open_tag\":\"if\"}"
  }
},
{
  "model": "cmsplugin_cascade.cascadeelement",
  "pk": 382,
  "fields": {
    "glossary": "{\"render_type\":\"form\"}"
  }
},
{
  "model": "cmsplugin_cascade.cascadeelement",
  "pk": 383,
  "fields": {
    "glossary": "{\"condition\":\"\",\"open_tag\":\"else\"}"
  }
},
{
  "model": "cmsplugin_cascade.cascadeelement",
  "pk": 384,
  "fields": {
    "glossary": "{\"render_type\":\"form\"}"
  }
},
{
  "model": "cmsplugin_cascade.cascadeelement",
  "pk": 385,
  "fields": {
    "glossary": "{\"quick-float\":\"\",\"icon-right\":\"menu-right\",\"button-options\":[],\"button-size\":\"\",\"button-type\":\"btn-success\",\"link_content\":\"Next\",\"icon-left\":\"\"}"
  }
},
{
  "model": "cmsplugin_cascade.cascadeelement",
  "pk": 386,
  "fields": {
    "glossary": "{}"
  }
},
{
  "model": "cmsplugin_cascade.cascadeelement",
  "pk": 387,
  "fields": {
    "glossary": "{\"multi_addr\":\"on\",\"render_type\":\"form\"}"
  }
},
{
  "model": "cmsplugin_cascade.cascadeelement",
  "pk": 388,
  "fields": {
    "glossary": "{\"multi_addr\":\"on\",\"allow_use_shipping\":\"on\",\"render_type\":\"form\"}"
  }
},
{
  "model": "cmsplugin_cascade.cascadeelement",
  "pk": 389,
  "fields": {
    "glossary": "{\"quick-float\":\"\",\"icon-right\":\"menu-right\",\"button-options\":[],\"button-size\":\"\",\"button-type\":\"btn-success\",\"link_content\":\"Next\",\"icon-left\":\"\"}"
  }
},
{
  "model": "cmsplugin_cascade.cascadeelement",
  "pk": 390,
  "fields": {
    "glossary": "{}"
  }
},
{
  "model": "cmsplugin_cascade.cascadeelement",
  "pk": 391,
  "fields": {
    "glossary": "{\"render_type\":\"static\"}"
  }
},
{
  "model": "cmsplugin_cascade.cascadeelement",
  "pk": 392,
  "fields": {
    "glossary": "{\"render_type\":\"form\"}"
  }
},
{
  "model": "cmsplugin_cascade.cascadeelement",
  "pk": 393,
  "fields": {
    "glossary": "{\"render_type\":\"form\"}"
  }
},
{
  "model": "cmsplugin_cascade.cascadeelement",
  "pk": 394,
  "fields": {
    "glossary": "{\"render_type\":\"form\"}"
  }
},
{
  "model": "cmsplugin_cascade.cascadeelement",
  "pk": 395,
  "fields": {
    "glossary": "{\"html_content\":\"&lt;p&gt;I have read the &lt;img alt=&quot;Link&quot; id=&quot;plugin_obj_1320&quot; src=&quot;&quot; title=&quot;Link - terms and conditions&quot; /&gt; and agree with them.&lt;/p&gt;\\r\\n\"}"
  }
},
{
  "model": "cmsplugin_cascade.cascadeelement",
  "pk": 396,
  "fields": {
    "glossary": "{\"quick-float\":\"\",\"icon-right\":\"\",\"button-options\":[],\"button-size\":\"btn-lg\",\"button-type\":\"btn-success\",\"extra_inline_styles:Margins\":{\"margin-bottom\":\"30px\",\"margin-top\":\"\"},\"link\":{\"type\":\"PURCHASE_NOW\"},\"link_content\":\"Purchase Now\",\"icon-left\":\"thumbs-up\"}"
  }
},
{
  "model": "cmsplugin_cascade.cascadeelement",
  "pk": 397,
  "fields": {
    "glossary": "{\"condition\":\"\",\"open_tag\":\"else\"}"
  }
},
{
  "model": "cmsplugin_cascade.cascadeelement",
  "pk": 398,
  "fields": {
    "glossary": "{\"extra_inline_styles:Margins\":{\"margin-bottom\":\"20px\",\"margin-top\":\"\"},\"extra_inline_styles:Paddings\":{\"padding-left\":\"\",\"padding-right\":\"\"}}"
  }
},
{
  "model": "cmsplugin_cascade.cascadeelement",
  "pk": 399,
  "fields": {
    "glossary": "{\"xs-responsive-utils\":\"\",\"lg-column-ordering\":\"\",\"sm-column-ordering\":\"\",\"md-responsive-utils\":\"\",\"xs-column-offset\":\"\",\"md-column-ordering\":\"\",\"md-column-width\":\"\",\"container_max_widths\":{\"xs\":720,\"md\":293,\"lg\":360,\"sm\":220},\"sm-column-offset\":\"\",\"lg-column-offset\":\"\",\"lg-column-width\":\"\",\"sm-column-width\":\"col-sm-4\",\"md-column-offset\":\"\",\"xs-column-ordering\":\"\",\"sm-responsive-utils\":\"\",\"xs-column-width\":\"col-xs-12\",\"lg-responsive-utils\":\"\"}"
  }
},
{
  "model": "cmsplugin_cascade.cascadeelement",
  "pk": 400,
  "fields": {
    "glossary": "{\"link\":{\"type\":\"RELOAD_PAGE\"},\"form_type\":\"login-reset\"}"
  }
},
{
  "model": "cmsplugin_cascade.cascadeelement",
  "pk": 401,
  "fields": {
    "glossary": "{\"container_max_widths\":{\"xs\":220,\"md\":293,\"lg\":360,\"sm\":220},\"xs-column-width\":\"col-xs-4\"}"
  }
},
{
  "model": "cmsplugin_cascade.cascadeelement",
  "pk": 402,
  "fields": {
    "glossary": "{\"link\":{\"type\":\"RELOAD_PAGE\"},\"form_type\":\"register-user\"}"
  }
},
{
  "model": "cmsplugin_cascade.cascadeelement",
  "pk": 403,
  "fields": {
    "glossary": "{\"container_max_widths\":{\"xs\":220,\"md\":293,\"lg\":360,\"sm\":220},\"xs-column-width\":\"col-xs-4\"}"
  }
},
{
  "model": "cmsplugin_cascade.cascadeelement",
  "pk": 404,
  "fields": {
    "glossary": "{\"link\":{\"type\":\"RELOAD_PAGE\"},\"form_type\":\"continue-as-guest\"}"
  }
},
{
  "model": "cmsplugin_cascade.cascadeelement",
  "pk": 565,
  "fields": {
    "glossary": "{}"
  }
},
{
  "model": "cmsplugin_cascade.cascadeelement",
  "pk": 566,
  "fields": {
    "glossary": "{\"xs-responsive-utils\":\"\",\"lg-column-ordering\":\"\",\"sm-column-ordering\":\"\",\"md-responsive-utils\":\"\",\"xs-column-offset\":\"\",\"md-column-ordering\":\"\",\"md-column-width\":\"\",\"container_max_widths\":{\"xs\":720,\"md\":212,\"lg\":262,\"sm\":157},\"sm-column-offset\":\"\",\"lg-column-offset\":\"\",\"lg-column-width\":\"\",\"sm-column-width\":\"col-sm-3\",\"md-column-offset\":\"\",\"xs-column-ordering\":\"\",\"sm-responsive-utils\":\"\",\"xs-column-width\":\"col-xs-12\",\"lg-responsive-utils\":\"\"}"
  }
},
{
  "model": "cmsplugin_cascade.cascadeelement",
  "pk": 567,
  "fields": {
    "glossary": "{\"image-title\":\"Django Pony\",\"image-shapes\":[\"img-responsive\"],\"image-width-fixed\":\"\",\"resize-options\":[\"subject_location\",\"high_resolution\"],\"alt-tag\":\"\",\"title\":\"\",\"image\":{\"pk\":1,\"model\":\"filer.Image\"},\"image-height\":\"\",\"image-width-responsive\":\"100%\",\"target\":\"\",\"link\":{\"type\":\"none\"}}"
  }
},
{
  "model": "cmsplugin_cascade.cascadeelement",
  "pk": 568,
  "fields": {
    "glossary": "{\"xs-responsive-utils\":\"\",\"lg-column-ordering\":\"\",\"sm-column-ordering\":\"\",\"md-responsive-utils\":\"\",\"xs-column-offset\":\"\",\"md-column-ordering\":\"\",\"md-column-width\":\"\",\"container_max_widths\":{\"xs\":720,\"md\":697,\"lg\":847,\"sm\":532},\"sm-column-offset\":\"\",\"lg-column-offset\":\"\",\"lg-column-width\":\"\",\"sm-column-width\":\"col-sm-9\",\"md-column-offset\":\"\",\"xs-column-ordering\":\"\",\"sm-responsive-utils\":\"\",\"xs-column-width\":\"col-xs-12\",\"lg-responsive-utils\":\"\"}"
  }
},
{
  "model": "cmsplugin_cascade.cascadeelement",
  "pk": 607,
  "fields": {
    "glossary": "{}"
  }
},
{
  "model": "cmsplugin_cascade.cascadeelement",
  "pk": 608,
  "fields": {
    "glossary": "{\"xs-responsive-utils\":\"\",\"lg-column-ordering\":\"\",\"sm-column-ordering\":\"\",\"md-responsive-utils\":\"\",\"xs-column-offset\":\"\",\"md-column-ordering\":\"\",\"md-column-width\":\"\",\"container_max_widths\":{\"xs\":720,\"md\":940,\"lg\":1140,\"sm\":720},\"sm-column-offset\":\"\",\"lg-column-offset\":\"\",\"lg-column-width\":\"\",\"sm-column-width\":\"\",\"md-column-offset\":\"\",\"xs-column-ordering\":\"\",\"sm-responsive-utils\":\"\",\"xs-column-width\":\"col-xs-12\",\"lg-responsive-utils\":\"\"}"
  }
},
{
  "model": "cmsplugin_cascade.cascadeelement",
  "pk": 609,
  "fields": {
    "glossary": "{}"
  }
},
{
  "model": "cmsplugin_cascade.cascadeelement",
  "pk": 640,
  "fields": {
    "glossary": "{\"link\":{\"pk\":48,\"type\":\"product\",\"model\":\"myshop.Product\"},\"link_content\":\"gravida\",\"render_template\":\"cascade/link/text-link.html\",\"target\":\"\",\"title\":\"\"}"
  }
},
{
  "model": "cmsplugin_cascade.cascadeelement",
  "pk": 679,
  "fields": {
    "glossary": "{\"quick-float\":\"\",\"icon-right\":\"\",\"extra_element_id\":\"\",\"button-options\":[],\"button-size\":\"\",\"button-type\":\"btn-success\",\"extra_inline_styles:Margins\":{\"margin-bottom\":\"30px\",\"margin-top\":\"30px\"},\"link\":{\"pk\":9,\"type\":\"cmspage\",\"model\":\"cms.Page\"},\"link_content\":\"Info\",\"extra_css_classes\":[\"cap\"],\"icon-left\":\"\"}"
  }
},
{
  "model": "cmsplugin_cascade.cascadeelement",
  "pk": 716,
  "fields": {
    "glossary": "{}"
  }
},
{
  "model": "cmsplugin_cascade.cascadeelement",
  "pk": 717,
  "fields": {
    "glossary": "{\"container_max_widths\":{\"xs\":720,\"md\":940,\"lg\":1140,\"sm\":720},\"xs-column-width\":\"col-xs-12\"}"
  }
},
{
  "model": "cmsplugin_cascade.cascadeelement",
  "pk": 718,
  "fields": {
    "glossary": "{}"
  }
},
{
  "model": "cmsplugin_cascade.cascadeelement",
  "pk": 738,
  "fields": {
    "glossary": "{\"media_queries\":{\"xs\":[\"(max-width: 768px)\"],\"md\":[\"(min-width: 992px)\",\"(max-width: 1200px)\"],\"lg\":[\"(min-width: 1200px)\"],\"sm\":[\"(min-width: 768px)\",\"(max-width: 992px)\"]},\"fluid\":\"\",\"container_max_widths\":{\"xs\":750,\"md\":970,\"lg\":1170,\"sm\":750},\"breakpoints\":[\"xs\",\"sm\",\"md\",\"lg\"]}"
  }
},
{
  "model": "cmsplugin_cascade.cascadeelement",
  "pk": 754,
  "fields": {
    "glossary": "{\"media_queries\":{\"xs\":[\"(max-width: 768px)\"],\"md\":[\"(min-width: 992px)\",\"(max-width: 1200px)\"],\"lg\":[\"(min-width: 1200px)\"],\"sm\":[\"(min-width: 768px)\",\"(max-width: 992px)\"]},\"fluid\":\"\",\"container_max_widths\":{\"xs\":750,\"md\":970,\"lg\":1170,\"sm\":750},\"breakpoints\":[\"xs\",\"sm\",\"md\",\"lg\"]}"
  }
},
{
  "model": "cmsplugin_cascade.cascadeelement",
  "pk": 763,
  "fields": {
    "glossary": "{\"media_queries\":{\"xs\":[\"(max-width: 768px)\"],\"md\":[\"(min-width: 992px)\",\"(max-width: 1200px)\"],\"lg\":[\"(min-width: 1200px)\"],\"sm\":[\"(min-width: 768px)\",\"(max-width: 992px)\"]},\"fluid\":\"\",\"container_max_widths\":{\"xs\":750,\"md\":970,\"lg\":1170,\"sm\":750},\"breakpoints\":[\"xs\",\"sm\",\"md\",\"lg\"]}"
  }
},
{
  "model": "cmsplugin_cascade.cascadeelement",
  "pk": 773,
  "fields": {
    "glossary": "{\"breakpoints\":[\"xs\",\"sm\",\"md\",\"lg\"],\"media_queries\":{\"xs\":[\"(max-width: 768px)\"],\"md\":[\"(min-width: 992px)\",\"(max-width: 1200px)\"],\"lg\":[\"(min-width: 1200px)\"],\"sm\":[\"(min-width: 768px)\",\"(max-width: 992px)\"]},\"fluid\":\"\",\"container_max_widths\":{\"xs\":750,\"md\":970,\"lg\":1170,\"sm\":750},\"extra_inline_styles:Paddings\":{\"padding-top\":\"\",\"padding-bottom\":\"30px\"}}"
  }
},
{
  "model": "cmsplugin_cascade.cascadeelement",
  "pk": 834,
  "fields": {
    "glossary": "{\"media_queries\":{\"xs\":[\"(max-width: 768px)\"],\"md\":[\"(min-width: 992px)\",\"(max-width: 1200px)\"],\"lg\":[\"(min-width: 1200px)\"],\"sm\":[\"(min-width: 768px)\",\"(max-width: 992px)\"]},\"fluid\":\"\",\"container_max_widths\":{\"xs\":750,\"md\":970,\"lg\":1170,\"sm\":750},\"breakpoints\":[\"xs\",\"sm\",\"md\",\"lg\"]}"
  }
},
{
  "model": "cmsplugin_cascade.cascadeelement",
  "pk": 839,
  "fields": {
    "glossary": "{\"media_queries\":{\"xs\":[\"(max-width: 768px)\"],\"md\":[\"(min-width: 992px)\",\"(max-width: 1200px)\"],\"lg\":[\"(min-width: 1200px)\"],\"sm\":[\"(min-width: 768px)\",\"(max-width: 992px)\"]},\"fluid\":\"\",\"container_max_widths\":{\"xs\":750,\"md\":970,\"lg\":1170,\"sm\":750},\"breakpoints\":[\"xs\",\"sm\",\"md\",\"lg\"]}"
  }
},
{
  "model": "cmsplugin_cascade.cascadeelement",
  "pk": 844,
  "fields": {
    "glossary": "{\"media_queries\":{\"xs\":[\"(max-width: 768px)\"],\"md\":[\"(min-width: 992px)\",\"(max-width: 1200px)\"],\"lg\":[\"(min-width: 1200px)\"],\"sm\":[\"(min-width: 768px)\",\"(max-width: 992px)\"]},\"fluid\":\"\",\"container_max_widths\":{\"xs\":750,\"md\":970,\"lg\":1170,\"sm\":750},\"breakpoints\":[\"xs\",\"sm\",\"md\",\"lg\"]}"
  }
},
{
  "model": "cmsplugin_cascade.cascadeelement",
  "pk": 851,
  "fields": {
    "glossary": "{\"media_queries\":{\"xs\":[\"(max-width: 768px)\"],\"md\":[\"(min-width: 992px)\",\"(max-width: 1200px)\"],\"lg\":[\"(min-width: 1200px)\"],\"sm\":[\"(min-width: 768px)\",\"(max-width: 992px)\"]},\"fluid\":\"\",\"container_max_widths\":{\"xs\":750,\"md\":970,\"lg\":1170,\"sm\":750},\"breakpoints\":[\"xs\",\"sm\",\"md\",\"lg\"]}"
  }
},
{
  "model": "cmsplugin_cascade.cascadeelement",
  "pk": 861,
  "fields": {
    "glossary": "{\"breakpoints\":[\"xs\",\"sm\",\"md\",\"lg\"],\"media_queries\":{\"xs\":[\"(max-width: 768px)\"],\"md\":[\"(min-width: 992px)\",\"(max-width: 1200px)\"],\"lg\":[\"(min-width: 1200px)\"],\"sm\":[\"(min-width: 768px)\",\"(max-width: 992px)\"]},\"fluid\":\"\",\"container_max_widths\":{\"xs\":750,\"md\":970,\"lg\":1170,\"sm\":750},\"extra_inline_styles:Paddings\":{\"padding-top\":\"\",\"padding-bottom\":\"30px\"}}"
  }
},
{
  "model": "cmsplugin_cascade.cascadeelement",
  "pk": 922,
  "fields": {
    "glossary": "{\"media_queries\":{\"xs\":[\"(max-width: 768px)\"],\"md\":[\"(min-width: 992px)\",\"(max-width: 1200px)\"],\"lg\":[\"(min-width: 1200px)\"],\"sm\":[\"(min-width: 768px)\",\"(max-width: 992px)\"]},\"fluid\":\"\",\"container_max_widths\":{\"xs\":750,\"md\":970,\"lg\":1170,\"sm\":750},\"breakpoints\":[\"xs\",\"sm\",\"md\",\"lg\"]}"
  }
},
{
  "model": "cmsplugin_cascade.cascadeelement",
  "pk": 927,
  "fields": {
    "glossary": "{\"media_queries\":{\"xs\":[\"(max-width: 768px)\"],\"md\":[\"(min-width: 992px)\",\"(max-width: 1200px)\"],\"lg\":[\"(min-width: 1200px)\"],\"sm\":[\"(min-width: 768px)\",\"(max-width: 992px)\"]},\"fluid\":\"\",\"container_max_widths\":{\"xs\":750,\"md\":970,\"lg\":1170,\"sm\":750},\"breakpoints\":[\"xs\",\"sm\",\"md\",\"lg\"]}"
  }
},
{
  "model": "cmsplugin_cascade.cascadeelement",
  "pk": 928,
  "fields": {
    "glossary": "{}"
  }
},
{
  "model": "cmsplugin_cascade.cascadeelement",
  "pk": 929,
  "fields": {
    "glossary": "{\"container_max_widths\":{\"xs\":720,\"md\":940,\"lg\":1140,\"sm\":720},\"xs-column-width\":\"col-xs-12\"}"
  }
},
{
  "model": "cmsplugin_cascade.cascadeelement",
  "pk": 930,
  "fields": {
    "glossary": "{}"
  }
},
{
  "model": "cmsplugin_cascade.cascadeelement",
  "pk": 935,
  "fields": {
    "glossary": "{}"
  }
},
{
  "model": "cmsplugin_cascade.cascadeelement",
  "pk": 936,
  "fields": {
    "glossary": "{\"container_max_widths\":{},\"xs-column-width\":\"col-xs-12\"}"
  }
},
{
  "model": "cmsplugin_cascade.cascadeelement",
  "pk": 937,
  "fields": {
    "glossary": "{\"media_queries\":{\"xs\":[\"(max-width: 768px)\"],\"md\":[\"(min-width: 992px)\",\"(max-width: 1200px)\"],\"lg\":[\"(min-width: 1200px)\"],\"sm\":[\"(min-width: 768px)\",\"(max-width: 992px)\"]},\"fluid\":\"\",\"container_max_widths\":{\"xs\":750,\"md\":970,\"lg\":1170,\"sm\":750},\"breakpoints\":[\"xs\",\"sm\",\"md\",\"lg\"]}"
  }
},
{
  "model": "cmsplugin_cascade.cascadeelement",
  "pk": 941,
  "fields": {
    "glossary": "{\"media_queries\":{\"xs\":[\"(max-width: 768px)\"],\"md\":[\"(min-width: 992px)\",\"(max-width: 1200px)\"],\"lg\":[\"(min-width: 1200px)\"],\"sm\":[\"(min-width: 768px)\",\"(max-width: 992px)\"]},\"fluid\":\"\",\"container_max_widths\":{\"xs\":750,\"md\":970,\"lg\":1170,\"sm\":750},\"breakpoints\":[\"xs\",\"sm\",\"md\",\"lg\"]}"
  }
},
{
  "model": "cmsplugin_cascade.cascadeelement",
  "pk": 961,
  "fields": {
    "glossary": "{\"media_queries\":{\"xs\":[\"(max-width: 768px)\"],\"md\":[\"(min-width: 992px)\",\"(max-width: 1200px)\"],\"lg\":[\"(min-width: 1200px)\"],\"sm\":[\"(min-width: 768px)\",\"(max-width: 992px)\"]},\"fluid\":\"\",\"container_max_widths\":{\"xs\":750,\"md\":970,\"lg\":1170,\"sm\":750},\"breakpoints\":[\"xs\",\"sm\",\"md\",\"lg\"]}"
  }
},
{
  "model": "cmsplugin_cascade.cascadeelement",
  "pk": 962,
  "fields": {
    "glossary": "{\"extra_inline_styles:Margins\":{\"margin-bottom\":\"\",\"margin-top\":\"\"},\"extra_inline_styles:Paddings\":{\"padding-left\":\"\",\"padding-right\":\"\"}}"
  }
},
{
  "model": "cmsplugin_cascade.cascadeelement",
  "pk": 963,
  "fields": {
    "glossary": "{\"container_max_widths\":{\"xs\":720,\"md\":940,\"lg\":1140,\"sm\":720},\"xs-column-width\":\"col-xs-12\"}"
  }
},
{
  "model": "cmsplugin_cascade.cascadeelement",
  "pk": 969,
  "fields": {
    "glossary": "{}"
  }
},
{
  "model": "cmsplugin_cascade.cascadeelement",
  "pk": 974,
  "fields": {
    "glossary": "{\"media_queries\":{\"xs\":[\"(max-width: 768px)\"],\"md\":[\"(min-width: 992px)\",\"(max-width: 1200px)\"],\"lg\":[\"(min-width: 1200px)\"],\"sm\":[\"(min-width: 768px)\",\"(max-width: 992px)\"]},\"fluid\":\"\",\"container_max_widths\":{\"xs\":750,\"md\":970,\"lg\":1170,\"sm\":750},\"breakpoints\":[\"xs\",\"sm\",\"md\",\"lg\"]}"
  }
},
{
  "model": "cmsplugin_cascade.cascadeelement",
  "pk": 979,
  "fields": {
    "glossary": "{}"
  }
},
{
  "model": "cmsplugin_cascade.cascadeelement",
  "pk": 982,
  "fields": {
    "glossary": "{}"
  }
},
{
  "model": "cmsplugin_cascade.cascadeelement",
  "pk": 984,
  "fields": {
    "glossary": "{}"
  }
},
{
  "model": "cmsplugin_cascade.cascadeelement",
  "pk": 1284,
  "fields": {
    "glossary": "{}"
  }
},
{
  "model": "cmsplugin_cascade.cascadeelement",
  "pk": 1285,
  "fields": {
    "glossary": "{}"
  }
},
{
  "model": "cmsplugin_cascade.cascadeelement",
  "pk": 1286,
  "fields": {
    "glossary": "{}"
  }
},
{
  "model": "cmsplugin_cascade.cascadeelement",
  "pk": 1320,
  "fields": {
    "glossary": "{\"link\":{\"pk\":15,\"type\":\"cmspage\",\"model\":\"cms.Page\"},\"link_content\":\"terms and conditions\",\"render_template\":\"cascade/link/text-link.html\",\"target\":\"\",\"title\":\"\"}"
  }
},
{
  "model": "cmsplugin_cascade.cascadeelement",
  "pk": 1559,
  "fields": {
    "glossary": "{\"step_title\":\"\"}"
  }
},
{
  "model": "cmsplugin_cascade.cascadeelement",
  "pk": 1561,
  "fields": {
    "glossary": "{\"quick-float\":\"\",\"icon-right\":\"menu-right\",\"button-options\":[],\"button-size\":\"\",\"button-type\":\"btn-success\",\"link_content\":\"Next\",\"icon-left\":\"\"}"
  }
},
{
  "model": "cmsplugin_cascade.cascadeelement",
  "pk": 1563,
  "fields": {
    "glossary": "{\"render_type\":\"summary\"}"
  }
},
{
  "model": "cmsplugin_cascade.cascadeelement",
  "pk": 1565,
  "fields": {
    "glossary": "{\"render_type\":\"summary\"}"
  }
},
{
  "model": "cmsplugin_cascade.cascadeelement",
  "pk": 1567,
  "fields": {
    "glossary": "{\"render_type\":\"summary\"}"
  }
},
{
  "model": "cmsplugin_cascade.cascadeelement",
  "pk": 1569,
  "fields": {
    "glossary": "{\"render_type\":\"summary\"}"
  }
},
{
  "model": "cmsplugin_cascade.cascadeelement",
  "pk": 1622,
  "fields": {
    "glossary": "{\"step_title\":\"\"}"
  }
},
{
  "model": "cmsplugin_cascade.cascadeelement",
  "pk": 1623,
  "fields": {
    "glossary": "{\"html_content\":\"&lt;p&gt;Ich habe die &lt;img alt=&quot;Link&quot; id=&quot;plugin_obj_1719&quot; src=&quot;&quot; title=&quot;Link - Allgemeinen Gesch\\u00e4ftsbedingungen&quot; /&gt; gelesen und erkl&amp;auml;re mich hiermit einverstanden.&lt;/p&gt;\\r\\n\"}"
  }
},
{
  "model": "cmsplugin_cascade.cascadeelement",
  "pk": 1624,
  "fields": {
    "glossary": "{\"link\":{\"pk\":15,\"type\":\"cmspage\",\"model\":\"cms.Page\"},\"link_content\":\"terms and conditions\",\"render_template\":\"cascade/link/text-link.html\",\"target\":\"\",\"title\":\"\"}"
  }
},
{
  "model": "cmsplugin_cascade.cascadeelement",
  "pk": 1625,
  "fields": {
    "glossary": "{\"quick-float\":\"\",\"icon-right\":\"\",\"button-options\":[],\"button-size\":\"btn-lg\",\"button-type\":\"btn-success\",\"extra_inline_styles:Margins\":{\"margin-bottom\":\"30px\",\"margin-top\":\"\"},\"link\":{\"type\":\"PURCHASE_NOW\"},\"link_content\":\"Jetzt Kaufen\",\"icon-left\":\"thumbs-up\"}"
  }
},
{
  "model": "cmsplugin_cascade.cascadeelement",
  "pk": 1626,
  "fields": {
    "glossary": "{\"render_type\":\"summary\"}"
  }
},
{
  "model": "cmsplugin_cascade.cascadeelement",
  "pk": 1627,
  "fields": {
    "glossary": "{\"render_type\":\"summary\"}"
  }
},
{
  "model": "cmsplugin_cascade.cascadeelement",
  "pk": 1628,
  "fields": {
    "glossary": "{\"render_type\":\"static\"}"
  }
},
{
  "model": "cmsplugin_cascade.cascadeelement",
  "pk": 1629,
  "fields": {
    "glossary": "{\"render_type\":\"summary\"}"
  }
},
{
  "model": "cmsplugin_cascade.cascadeelement",
  "pk": 1630,
  "fields": {
    "glossary": "{\"render_type\":\"summary\"}"
  }
},
{
  "model": "cmsplugin_cascade.cascadeelement",
  "pk": 1676,
  "fields": {
    "glossary": "{\"quick-float\":\"\",\"icon-right\":\"menu-right\",\"button-options\":[],\"button-size\":\"\",\"button-type\":\"btn-success\",\"link_content\":\"Weiter\",\"icon-left\":\"\"}"
  }
},
{
  "model": "cmsplugin_cascade.cascadeelement",
  "pk": 1719,
  "fields": {
    "glossary": "{\"link\":{\"pk\":15,\"type\":\"cmspage\",\"model\":\"cms.Page\"},\"link_content\":\"Allgemeinen Gesch\\u00e4ftsbedingungen\",\"render_template\":\"cascade/link/text-link.html\",\"target\":\"\",\"title\":\"\"}"
  }
},
{
  "model": "cmsplugin_cascade.cascadeelement",
  "pk": 1849,
  "fields": {
    "glossary": "{\"render_type\":\"summary\"}"
  }
},
{
  "model": "cmsplugin_cascade.cascadeelement",
  "pk": 1937,
  "fields": {
    "glossary": "{\"render_type\":\"summary\"}"
  }
},
{
  "model": "cmsplugin_cascade.cascadeelement",
  "pk": 1981,
  "fields": {
    "glossary": "{\"render_type\":\"summary\"}"
  }
},
{
  "model": "cmsplugin_cascade.cascadeelement",
  "pk": 2114,
  "fields": {
    "glossary": "{\"media_queries\":{\"xs\":[\"(max-width: 768px)\"],\"md\":[\"(min-width: 992px)\",\"(max-width: 1200px)\"],\"lg\":[\"(min-width: 1200px)\"],\"sm\":[\"(min-width: 768px)\",\"(max-width: 992px)\"]},\"fluid\":\"\",\"container_max_widths\":{\"xs\":750,\"md\":970,\"lg\":1170,\"sm\":750},\"breakpoints\":[\"xs\",\"sm\",\"md\",\"lg\"]}"
  }
},
{
  "model": "cmsplugin_cascade.cascadeelement",
  "pk": 2115,
  "fields": {
    "glossary": "{}"
  }
},
{
  "model": "cmsplugin_cascade.cascadeelement",
  "pk": 2116,
  "fields": {
    "glossary": "{\"container_max_widths\":{\"xs\":720,\"md\":940,\"lg\":1140,\"sm\":720},\"xs-column-width\":\"col-xs-12\"}"
  }
},
{
  "model": "cmsplugin_cascade.cascadeelement",
  "pk": 2117,
  "fields": {
    "glossary": "{}"
  }
},
{
  "model": "cmsplugin_cascade.cascadeelement",
  "pk": 2128,
  "fields": {
    "glossary": "{\"media_queries\":{\"xs\":[\"(max-width: 768px)\"],\"md\":[\"(min-width: 992px)\",\"(max-width: 1200px)\"],\"lg\":[\"(min-width: 1200px)\"],\"sm\":[\"(min-width: 768px)\",\"(max-width: 992px)\"]},\"fluid\":\"\",\"container_max_widths\":{\"xs\":750,\"md\":970,\"lg\":1170,\"sm\":750},\"breakpoints\":[\"xs\",\"sm\",\"md\",\"lg\"]}"
  }
},
{
  "model": "cmsplugin_cascade.cascadeelement",
  "pk": 2129,
  "fields": {
    "glossary": "{}"
  }
},
{
  "model": "cmsplugin_cascade.cascadeelement",
  "pk": 2130,
  "fields": {
    "glossary": "{\"container_max_widths\":{\"xs\":720,\"md\":940,\"lg\":1140,\"sm\":720},\"xs-column-width\":\"col-xs-12\"}"
  }
},
{
  "model": "cmsplugin_cascade.cascadeelement",
  "pk": 2131,
  "fields": {
    "glossary": "{}"
  }
},
{
  "model": "cmsplugin_cascade.cascadeelement",
  "pk": 2132,
  "fields": {
    "glossary": "{\"media_queries\":{\"xs\":[\"(max-width: 768px)\"],\"md\":[\"(min-width: 992px)\",\"(max-width: 1200px)\"],\"lg\":[\"(min-width: 1200px)\"],\"sm\":[\"(min-width: 768px)\",\"(max-width: 992px)\"]},\"fluid\":\"\",\"container_max_widths\":{\"xs\":750,\"md\":970,\"lg\":1170,\"sm\":750},\"breakpoints\":[\"xs\",\"sm\",\"md\",\"lg\"]}"
  }
},
{
  "model": "cmsplugin_cascade.cascadeelement",
  "pk": 2133,
  "fields": {
    "glossary": "{}"
  }
},
{
  "model": "cmsplugin_cascade.cascadeelement",
  "pk": 2134,
  "fields": {
    "glossary": "{\"container_max_widths\":{\"xs\":720,\"md\":940,\"lg\":1140,\"sm\":720},\"xs-column-width\":\"col-xs-12\"}"
  }
},
{
  "model": "cmsplugin_cascade.cascadeelement",
  "pk": 2135,
  "fields": {
    "glossary": "{}"
  }
},
{
  "model": "cmsplugin_cascade.cascadeelement",
  "pk": 2204,
  "fields": {
    "glossary": "{\"media_queries\":{\"xs\":[\"(max-width: 768px)\"],\"md\":[\"(min-width: 992px)\",\"(max-width: 1200px)\"],\"lg\":[\"(min-width: 1200px)\"],\"sm\":[\"(min-width: 768px)\",\"(max-width: 992px)\"]},\"fluid\":\"\",\"container_max_widths\":{\"xs\":750,\"md\":970,\"lg\":1170,\"sm\":750},\"breakpoints\":[\"xs\",\"sm\",\"md\",\"lg\"]}"
  }
},
{
  "model": "cmsplugin_cascade.cascadeelement",
  "pk": 2205,
  "fields": {
    "glossary": "{\"extra_inline_styles:Margins\":{\"margin-bottom\":\"\",\"margin-top\":\"\"},\"extra_inline_styles:Paddings\":{\"padding-left\":\"\",\"padding-right\":\"\"}}"
  }
},
{
  "model": "cmsplugin_cascade.cascadeelement",
  "pk": 2206,
  "fields": {
    "glossary": "{\"container_max_widths\":{\"xs\":720,\"md\":940,\"lg\":1140,\"sm\":720},\"xs-column-width\":\"col-xs-12\"}"
  }
},
{
  "model": "cmsplugin_cascade.cascadeelement",
  "pk": 2207,
  "fields": {
    "glossary": "{}"
  }
},
{
  "model": "cmsplugin_cascade.cascadeelement",
  "pk": 2379,
  "fields": {
    "glossary": "{\"render_type\":\"summary\"}"
  }
},
{
  "model": "cmsplugin_cascade.cascadeelement",
  "pk": 2425,
  "fields": {
    "glossary": "{\"render_type\":\"summary\"}"
  }
},
{
  "model": "cmsplugin_cascade.cascadeelement",
  "pk": 2727,
  "fields": {
    "glossary": "{\"media_queries\":{\"xs\":[\"(max-width: 768px)\"],\"md\":[\"(min-width: 992px)\",\"(max-width: 1200px)\"],\"lg\":[\"(min-width: 1200px)\"],\"sm\":[\"(min-width: 768px)\",\"(max-width: 992px)\"]},\"fluid\":\"\",\"container_max_widths\":{\"xs\":750,\"md\":970,\"lg\":1170,\"sm\":750},\"breakpoints\":[\"xs\",\"sm\",\"md\",\"lg\"]}"
  }
},
{
  "model": "cmsplugin_cascade.cascadeelement",
  "pk": 2728,
  "fields": {
    "glossary": "{}"
  }
},
{
  "model": "cmsplugin_cascade.cascadeelement",
  "pk": 2729,
  "fields": {
    "glossary": "{\"container_max_widths\":{\"xs\":720,\"md\":940,\"lg\":1140,\"sm\":720},\"xs-column-width\":\"col-xs-12\"}"
  }
},
{
  "model": "cmsplugin_cascade.cascadeelement",
  "pk": 2731,
  "fields": {
    "glossary": "{\"media_queries\":{\"xs\":[\"(max-width: 768px)\"],\"md\":[\"(min-width: 992px)\",\"(max-width: 1200px)\"],\"lg\":[\"(min-width: 1200px)\"],\"sm\":[\"(min-width: 768px)\",\"(max-width: 992px)\"]},\"fluid\":\"\",\"container_max_widths\":{\"xs\":750,\"md\":970,\"lg\":1170,\"sm\":750},\"breakpoints\":[\"xs\",\"sm\",\"md\",\"lg\"]}"
  }
},
{
  "model": "cmsplugin_cascade.cascadeelement",
  "pk": 2732,
  "fields": {
    "glossary": "{}"
  }
},
{
  "model": "cmsplugin_cascade.cascadeelement",
  "pk": 2733,
  "fields": {
    "glossary": "{\"container_max_widths\":{\"xs\":720,\"md\":940,\"lg\":1140,\"sm\":720},\"xs-column-width\":\"col-xs-12\"}"
  }
},
{
  "model": "cmsplugin_cascade.cascadeelement",
  "pk": 2835,
  "fields": {
    "glossary": "{\"render_type\":\"default\"}"
  }
},
{
  "model": "cmsplugin_cascade.cascadeelement",
  "pk": 2841,
  "fields": {
    "glossary": "{\"render_type\":\"default\"}"
  }
},
{
  "model": "cmsplugin_cascade.cascadeelement",
  "pk": 2842,
  "fields": {
    "glossary": "{\"media_queries\":{\"xs\":[\"(max-width: 768px)\"],\"md\":[\"(min-width: 992px)\",\"(max-width: 1200px)\"],\"lg\":[\"(min-width: 1200px)\"],\"sm\":[\"(min-width: 768px)\",\"(max-width: 992px)\"]},\"fluid\":\"\",\"container_max_widths\":{\"xs\":750,\"md\":970,\"lg\":1170,\"sm\":750},\"breakpoints\":[\"xs\",\"sm\",\"md\",\"lg\"]}"
  }
},
{
  "model": "cmsplugin_cascade.cascadeelement",
  "pk": 2843,
  "fields": {
    "glossary": "{}"
  }
},
{
  "model": "cmsplugin_cascade.cascadeelement",
  "pk": 2844,
  "fields": {
    "glossary": "{\"container_max_widths\":{\"xs\":720,\"md\":940,\"lg\":1140,\"sm\":720},\"xs-column-width\":\"col-xs-12\"}"
  }
},
{
  "model": "cmsplugin_cascade.cascadeelement",
  "pk": 2845,
  "fields": {
    "glossary": "{}"
  }
},
{
  "model": "cmsplugin_cascade.cascadeelement",
  "pk": 2846,
  "fields": {
    "glossary": "{\"extra_inline_styles:Margins\":{\"margin-bottom\":\"\",\"margin-top\":\"\"},\"extra_inline_styles:Paddings\":{\"padding-left\":\"\",\"padding-right\":\"\"}}"
  }
},
{
  "model": "cmsplugin_cascade.cascadeelement",
  "pk": 2847,
  "fields": {
    "glossary": "{\"xs-responsive-utils\":\"\",\"lg-column-ordering\":\"\",\"sm-column-ordering\":\"\",\"md-responsive-utils\":\"\",\"xs-column-offset\":\"\",\"md-column-ordering\":\"\",\"md-column-width\":\"\",\"container_max_widths\":{\"xs\":720,\"md\":940,\"lg\":1140,\"sm\":720},\"sm-column-offset\":\"\",\"lg-column-offset\":\"\",\"lg-column-width\":\"\",\"sm-column-width\":\"\",\"md-column-offset\":\"\",\"xs-column-ordering\":\"\",\"sm-responsive-utils\":\"\",\"xs-column-width\":\"col-xs-12\",\"lg-responsive-utils\":\"\"}"
  }
},
{
  "model": "cmsplugin_cascade.cascadeelement",
  "pk": 2848,
  "fields": {
    "glossary": "{\"xs-responsive-utils\":\"\",\"lg-column-ordering\":\"\",\"sm-column-ordering\":\"\",\"md-responsive-utils\":\"\",\"xs-column-offset\":\"\",\"md-column-ordering\":\"\",\"md-column-width\":\"\",\"container_max_widths\":{\"xs\":720,\"md\":940,\"lg\":1140,\"sm\":720},\"sm-column-offset\":\"\",\"lg-column-offset\":\"\",\"lg-column-width\":\"\",\"sm-column-width\":\"\",\"md-column-offset\":\"\",\"xs-column-ordering\":\"\",\"sm-responsive-utils\":\"\",\"xs-column-width\":\"col-xs-12\",\"lg-responsive-utils\":\"\"}"
  }
},
{
  "model": "cmsplugin_cascade.cascadeelement",
  "pk": 2851,
  "fields": {
    "glossary": "{}"
  }
},
{
  "model": "cmsplugin_cascade.cascadeelement",
  "pk": 2918,
  "fields": {
    "glossary": "{\"xs-responsive-utils\":\"\",\"lg-column-ordering\":\"\",\"sm-column-ordering\":\"\",\"md-responsive-utils\":\"\",\"xs-column-offset\":\"\",\"md-column-ordering\":\"\",\"md-column-width\":\"\",\"container_max_widths\":{\"xs\":720,\"md\":293,\"lg\":360,\"sm\":220},\"sm-column-offset\":\"\",\"lg-column-offset\":\"\",\"lg-column-width\":\"\",\"sm-column-width\":\"col-sm-4\",\"md-column-offset\":\"\",\"xs-column-ordering\":\"\",\"sm-responsive-utils\":\"\",\"xs-column-width\":\"col-xs-12\",\"lg-responsive-utils\":\"\"}"
  }
},
{
  "model": "cmsplugin_cascade.cascadeelement",
  "pk": 2965,
  "fields": {
    "glossary": "{\"extra_inline_styles:Margins\":{\"margin-bottom\":\"\",\"margin-top\":\"\"},\"extra_inline_styles:Paddings\":{\"padding-left\":\"\",\"padding-right\":\"\"}}"
  }
},
{
  "model": "cmsplugin_cascade.cascadeelement",
  "pk": 2966,
  "fields": {
    "glossary": "{\"container_max_widths\":{\"xs\":720,\"md\":940,\"lg\":1140,\"sm\":720},\"xs-column-width\":\"col-xs-12\"}"
  }
},
{
  "model": "cmsplugin_cascade.cascadeelement",
  "pk": 2967,
  "fields": {
    "glossary": "{\"image-title\":\"\",\"alt-tag\":\"\",\"image-width-fixed\":\"\",\"image-shapes\":[\"img-responsive\"],\"image-height\":\"\",\"resize-options\":[\"subject_location\",\"high_resolution\"],\"title\":\"\",\"image\":{\"pk\":83,\"model\":\"filer.Image\"},\"image-width-responsive\":\"100%\",\"target\":\"\",\"link\":{\"type\":\"none\"}}"
  }
},
{
  "model": "cmsplugin_cascade.cascadeelement",
  "pk": 2968,
  "fields": {
    "glossary": "{}"
  }
},
{
  "model": "cmsplugin_cascade.cascadeelement",
  "pk": 2969,
  "fields": {
    "glossary": "{\"render_type\":\"default\"}"
  }
},
{
  "model": "cmsplugin_cascade.cascadeelement",
  "pk": 2984,
  "fields": {
    "glossary": "{\"render_type\":\"empty\"}"
  }
},
{
  "model": "cmsplugin_cascade.cascadeelement",
  "pk": 3365,
  "fields": {
    "glossary": "{\"extra_inline_styles:Margins\":{\"margin-bottom\":\"\",\"margin-top\":\"\"},\"extra_inline_styles:Paddings\":{\"padding-left\":\"\",\"padding-right\":\"\"}}"
  }
},
{
  "model": "cmsplugin_cascade.cascadeelement",
  "pk": 3366,
  "fields": {
    "glossary": "{\"container_max_widths\":{\"xs\":720,\"md\":940,\"lg\":1140,\"sm\":720},\"xs-column-width\":\"col-xs-12\"}"
  }
},
{
  "model": "cmsplugin_cascade.cascadeelement",
  "pk": 3368,
  "fields": {
    "glossary": "{\"media_queries\":{\"xs\":[\"(max-width: 768px)\"],\"md\":[\"(min-width: 992px)\",\"(max-width: 1200px)\"],\"lg\":[\"(min-width: 1200px)\"],\"sm\":[\"(min-width: 768px)\",\"(max-width: 992px)\"]},\"fluid\":\"\",\"container_max_widths\":{\"xs\":750,\"md\":970,\"lg\":1170,\"sm\":750},\"breakpoints\":[\"xs\",\"sm\",\"md\",\"lg\"]}"
  }
},
{
  "model": "cmsplugin_cascade.cascadeelement",
  "pk": 3369,
  "fields": {
    "glossary": "{}"
  }
},
{
  "model": "cmsplugin_cascade.cascadeelement",
  "pk": 3370,
  "fields": {
    "glossary": "{\"xs-responsive-utils\":\"\",\"lg-column-ordering\":\"\",\"sm-column-ordering\":\"\",\"md-responsive-utils\":\"\",\"xs-column-offset\":\"\",\"md-column-ordering\":\"\",\"md-column-width\":\"\",\"container_max_widths\":{\"xs\":720,\"md\":940,\"lg\":1140,\"sm\":720},\"sm-column-offset\":\"\",\"lg-column-offset\":\"\",\"lg-column-width\":\"\",\"sm-column-width\":\"\",\"md-column-offset\":\"\",\"xs-column-ordering\":\"\",\"sm-responsive-utils\":\"\",\"xs-column-width\":\"col-xs-12\",\"lg-responsive-utils\":\"\"}"
  }
},
{
  "model": "cmsplugin_cascade.cascadeelement",
  "pk": 3371,
  "fields": {
    "glossary": "{\"render_type\":\"editable\"}"
  }
},
{
  "model": "cmsplugin_cascade.cascadeelement",
  "pk": 3372,
  "fields": {
    "glossary": "{}"
  }
},
{
  "model": "cmsplugin_cascade.cascadeelement",
  "pk": 3373,
  "fields": {
    "glossary": "{\"xs-responsive-utils\":\"\",\"lg-column-ordering\":\"\",\"sm-column-ordering\":\"\",\"md-responsive-utils\":\"\",\"xs-column-offset\":\"\",\"md-column-ordering\":\"\",\"md-column-width\":\"\",\"container_max_widths\":{\"xs\":720,\"md\":212,\"lg\":262,\"sm\":157},\"sm-column-offset\":\"col-sm-offset-5\",\"lg-column-offset\":\"\",\"lg-column-width\":\"\",\"sm-column-width\":\"col-sm-3\",\"md-column-offset\":\"\",\"xs-column-ordering\":\"\",\"sm-responsive-utils\":\"\",\"xs-column-width\":\"col-xs-12\",\"lg-responsive-utils\":\"\"}"
  }
},
{
  "model": "cmsplugin_cascade.cascadeelement",
  "pk": 3374,
  "fields": {
    "glossary": "{\"quick-float\":\"\",\"icon-right\":\"\",\"button-options\":[],\"button-size\":\"\",\"button-type\":\"btn-default\",\"link\":{\"pk\":17,\"type\":\"cmspage\",\"model\":\"cms.Page\"},\"link_content\":\"Weiter Einkaufen\",\"icon-left\":\"menu-up\"}"
  }
},
{
  "model": "cmsplugin_cascade.cascadeelement",
  "pk": 3375,
  "fields": {
    "glossary": "{\"xs-responsive-utils\":\"\",\"lg-column-ordering\":\"\",\"sm-column-ordering\":\"\",\"md-responsive-utils\":\"\",\"xs-column-offset\":\"\",\"md-column-ordering\":\"\",\"md-column-width\":\"\",\"container_max_widths\":{\"xs\":720,\"md\":293,\"lg\":360,\"sm\":220},\"sm-column-offset\":\"\",\"lg-column-offset\":\"\",\"lg-column-width\":\"\",\"sm-column-width\":\"col-sm-4\",\"md-column-offset\":\"\",\"xs-column-ordering\":\"\",\"sm-responsive-utils\":\"\",\"xs-column-width\":\"col-xs-12\",\"lg-responsive-utils\":\"\"}"
  }
},
{
  "model": "cmsplugin_cascade.cascadeelement",
  "pk": 3376,
  "fields": {
    "glossary": "{\"quick-float\":\"\",\"icon-right\":\"menu-right\",\"button-options\":[],\"button-size\":\"\",\"button-type\":\"btn-success\",\"link\":{\"pk\":5,\"type\":\"cmspage\",\"model\":\"cms.Page\"},\"link_content\":\"Zur Kasse gehen\",\"icon-left\":\"\"}"
  }
},
{
  "model": "cmsplugin_cascade.cascadeelement",
  "pk": 3519,
  "fields": {
    "glossary": "{\"media_queries\":{\"xs\":[\"(max-width: 768px)\"],\"md\":[\"(min-width: 992px)\",\"(max-width: 1200px)\"],\"lg\":[\"(min-width: 1200px)\"],\"sm\":[\"(min-width: 768px)\",\"(max-width: 992px)\"]},\"fluid\":\"\",\"container_max_widths\":{\"xs\":750,\"md\":970,\"lg\":1170,\"sm\":750},\"breakpoints\":[\"xs\",\"sm\",\"md\",\"lg\"]}"
  }
},
{
  "model": "cmsplugin_cascade.cascadeelement",
  "pk": 3520,
  "fields": {
    "glossary": "{\"condition\":\"customer.is_recognized\",\"open_tag\":\"if\"}"
  }
},
{
  "model": "cmsplugin_cascade.cascadeelement",
  "pk": 3521,
  "fields": {
    "glossary": "{\"extra_inline_styles:Margins\":{\"margin-bottom\":\"30px\",\"margin-top\":\"10px\"},\"extra_inline_styles:Paddings\":{\"padding-left\":\"\",\"padding-right\":\"\"}}"
  }
},
{
  "model": "cmsplugin_cascade.cascadeelement",
  "pk": 3522,
  "fields": {
    "glossary": "{\"container_max_widths\":{\"xs\":720,\"md\":940,\"lg\":1140,\"sm\":720},\"xs-column-width\":\"col-xs-12\"}"
  }
},
{
  "model": "cmsplugin_cascade.cascadeelement",
  "pk": 3523,
  "fields": {
    "glossary": "{}"
  }
},
{
  "model": "cmsplugin_cascade.cascadeelement",
  "pk": 3524,
  "fields": {
    "glossary": "{}"
  }
},
{
  "model": "cmsplugin_cascade.cascadeelement",
  "pk": 3525,
  "fields": {
    "glossary": "{\"condition\":\"customer.is_registered\",\"open_tag\":\"if\"}"
  }
},
{
  "model": "cmsplugin_cascade.cascadeelement",
  "pk": 3526,
  "fields": {
    "glossary": "{\"render_type\":\"form\"}"
  }
},
{
  "model": "cmsplugin_cascade.cascadeelement",
  "pk": 3527,
  "fields": {
    "glossary": "{\"condition\":\"\",\"open_tag\":\"else\"}"
  }
},
{
  "model": "cmsplugin_cascade.cascadeelement",
  "pk": 3528,
  "fields": {
    "glossary": "{\"render_type\":\"form\"}"
  }
},
{
  "model": "cmsplugin_cascade.cascadeelement",
  "pk": 3529,
  "fields": {
    "glossary": "{\"quick-float\":\"\",\"icon-right\":\"menu-right\",\"button-options\":[],\"button-size\":\"\",\"button-type\":\"btn-success\",\"link_content\":\"Weiter\",\"icon-left\":\"\"}"
  }
},
{
  "model": "cmsplugin_cascade.cascadeelement",
  "pk": 3530,
  "fields": {
    "glossary": "{}"
  }
},
{
  "model": "cmsplugin_cascade.cascadeelement",
  "pk": 3531,
  "fields": {
    "glossary": "{}"
  }
},
{
  "model": "cmsplugin_cascade.cascadeelement",
  "pk": 3532,
  "fields": {
    "glossary": "{\"multi_addr\":\"on\",\"render_type\":\"form\"}"
  }
},
{
  "model": "cmsplugin_cascade.cascadeelement",
  "pk": 3533,
  "fields": {
    "glossary": "{\"multi_addr\":\"on\",\"allow_use_shipping\":\"on\",\"render_type\":\"form\"}"
  }
},
{
  "model": "cmsplugin_cascade.cascadeelement",
  "pk": 3534,
  "fields": {
    "glossary": "{\"quick-float\":\"\",\"icon-right\":\"menu-right\",\"button-options\":[],\"button-size\":\"\",\"button-type\":\"btn-success\",\"link_content\":\"Weiter\",\"icon-left\":\"\"}"
  }
},
{
  "model": "cmsplugin_cascade.cascadeelement",
  "pk": 3535,
  "fields": {
    "glossary": "{}"
  }
},
{
  "model": "cmsplugin_cascade.cascadeelement",
  "pk": 3536,
  "fields": {
    "glossary": "{}"
  }
},
{
  "model": "cmsplugin_cascade.cascadeelement",
  "pk": 3537,
  "fields": {
    "glossary": "{\"render_type\":\"summary\"}"
  }
},
{
  "model": "cmsplugin_cascade.cascadeelement",
  "pk": 3538,
  "fields": {
    "glossary": "{\"render_type\":\"form\"}"
  }
},
{
  "model": "cmsplugin_cascade.cascadeelement",
  "pk": 3539,
  "fields": {
    "glossary": "{\"render_type\":\"form\"}"
  }
},
{
  "model": "cmsplugin_cascade.cascadeelement",
  "pk": 3540,
  "fields": {
    "glossary": "{\"render_type\":\"form\"}"
  }
},
{
  "model": "cmsplugin_cascade.cascadeelement",
  "pk": 3541,
  "fields": {
    "glossary": "{}"
  }
},
{
  "model": "cmsplugin_cascade.cascadeelement",
  "pk": 3542,
  "fields": {
    "glossary": "{\"quick-float\":\"\",\"icon-right\":\"menu-right\",\"button-options\":[],\"button-size\":\"\",\"button-type\":\"btn-success\",\"link_content\":\"Weiter\",\"icon-left\":\"\"}"
  }
},
{
  "model": "cmsplugin_cascade.cascadeelement",
  "pk": 3544,
  "fields": {
    "glossary": "{\"step_title\":\"\"}"
  }
},
{
  "model": "cmsplugin_cascade.cascadeelement",
  "pk": 3545,
  "fields": {
    "glossary": "{\"html_content\":\"&lt;p&gt;Ich habe die &lt;img alt=&quot;Link&quot; id=&quot;plugin_obj_1719&quot; src=&quot;&quot; title=&quot;Link - Allgemeinen Gesch\\u00e4ftsbedingungen&quot; /&gt; gelesen und erkl&amp;auml;re mich hiermit einverstanden.&lt;/p&gt;\\r\\n\"}"
  }
},
{
  "model": "cmsplugin_cascade.cascadeelement",
  "pk": 3546,
  "fields": {
    "glossary": "{\"link\":{\"pk\":15,\"type\":\"cmspage\",\"model\":\"cms.Page\"},\"link_content\":\"terms and conditions\",\"render_template\":\"cascade/link/text-link.html\",\"target\":\"\",\"title\":\"\"}"
  }
},
{
  "model": "cmsplugin_cascade.cascadeelement",
  "pk": 3547,
  "fields": {
    "glossary": "{\"link\":{\"pk\":15,\"type\":\"cmspage\",\"model\":\"cms.Page\"},\"link_content\":\"Allgemeinen Gesch\\u00e4ftsbedingungen\",\"render_template\":\"cascade/link/text-link.html\",\"target\":\"\",\"title\":\"\"}"
  }
},
{
  "model": "cmsplugin_cascade.cascadeelement",
  "pk": 3548,
  "fields": {
    "glossary": "{\"quick-float\":\"\",\"icon-right\":\"\",\"button-options\":[],\"button-size\":\"btn-lg\",\"button-type\":\"btn-success\",\"extra_inline_styles:Margins\":{\"margin-bottom\":\"30px\",\"margin-top\":\"\"},\"link\":{\"type\":\"PURCHASE_NOW\"},\"link_content\":\"Jetzt Kaufen\",\"icon-left\":\"thumbs-up\"}"
  }
},
{
  "model": "cmsplugin_cascade.cascadeelement",
  "pk": 3549,
  "fields": {
    "glossary": "{\"render_type\":\"summary\"}"
  }
},
{
  "model": "cmsplugin_cascade.cascadeelement",
  "pk": 3550,
  "fields": {
    "glossary": "{\"render_type\":\"summary\"}"
  }
},
{
  "model": "cmsplugin_cascade.cascadeelement",
  "pk": 3551,
  "fields": {
    "glossary": "{\"render_type\":\"static\"}"
  }
},
{
  "model": "cmsplugin_cascade.cascadeelement",
  "pk": 3552,
  "fields": {
    "glossary": "{\"render_type\":\"summary\"}"
  }
},
{
  "model": "cmsplugin_cascade.cascadeelement",
  "pk": 3553,
  "fields": {
    "glossary": "{\"render_type\":\"summary\"}"
  }
},
{
  "model": "cmsplugin_cascade.cascadeelement",
  "pk": 3555,
  "fields": {
    "glossary": "{\"render_type\":\"summary\"}"
  }
},
{
  "model": "cmsplugin_cascade.cascadeelement",
  "pk": 3556,
  "fields": {
    "glossary": "{\"render_type\":\"summary\"}"
  }
},
{
  "model": "cmsplugin_cascade.cascadeelement",
  "pk": 3557,
  "fields": {
    "glossary": "{\"condition\":\"\",\"open_tag\":\"else\"}"
  }
},
{
  "model": "cmsplugin_cascade.cascadeelement",
  "pk": 3558,
  "fields": {
    "glossary": "{}"
  }
},
{
  "model": "cmsplugin_cascade.cascadeelement",
  "pk": 3559,
  "fields": {
    "glossary": "{\"container_max_widths\":{\"xs\":220,\"md\":293,\"lg\":360,\"sm\":220},\"xs-column-width\":\"col-xs-4\"}"
  }
},
{
  "model": "cmsplugin_cascade.cascadeelement",
  "pk": 3560,
  "fields": {
    "glossary": "{\"link\":{\"type\":\"RELOAD_PAGE\"},\"form_type\":\"login-reset\"}"
  }
},
{
  "model": "cmsplugin_cascade.cascadeelement",
  "pk": 3561,
  "fields": {
    "glossary": "{\"container_max_widths\":{\"xs\":220,\"md\":293,\"lg\":360,\"sm\":220},\"xs-column-width\":\"col-xs-4\"}"
  }
},
{
  "model": "cmsplugin_cascade.cascadeelement",
  "pk": 3562,
  "fields": {
    "glossary": "{\"link\":{\"type\":\"RELOAD_PAGE\"},\"form_type\":\"register-user\"}"
  }
},
{
  "model": "cmsplugin_cascade.cascadeelement",
  "pk": 3563,
  "fields": {
    "glossary": "{\"container_max_widths\":{\"xs\":220,\"md\":293,\"lg\":360,\"sm\":220},\"xs-column-width\":\"col-xs-4\"}"
  }
},
{
  "model": "cmsplugin_cascade.cascadeelement",
  "pk": 3564,
  "fields": {
    "glossary": "{\"link\":{\"type\":\"RELOAD_PAGE\"},\"form_type\":\"continue-as-guest\"}"
  }
},
{
  "model": "cmsplugin_cascade.cascadeelement",
  "pk": 3627,
  "fields": {
    "glossary": "{\"options\":[\"slide\",\"pause\",\"wrap\"],\"resize-options\":[\"upscale\",\"crop\",\"subject_location\",\"high_resolution\"],\"container_max_heights\":{\"xs\":\"200px\",\"md\":\"300px\",\"lg\":\"350px\",\"sm\":\"300px\"},\"interval\":\"5\"}"
  }
},
{
  "model": "cmsplugin_cascade.cascadeelement",
  "pk": 3628,
  "fields": {
    "glossary": "{\"image\":{\"pk\":90,\"model\":\"filer.Image\"},\"caption\":\"\",\"resize-options\":[\"upscale\",\"crop\",\"subject_location\",\"high_resolution\"]}"
  }
},
{
  "model": "cmsplugin_cascade.cascadeelement",
  "pk": 3629,
  "fields": {
    "glossary": "{\"image\":{\"pk\":89,\"model\":\"filer.Image\"},\"caption\":\"\",\"resize-options\":[\"upscale\",\"crop\",\"subject_location\",\"high_resolution\"]}"
  }
},
{
  "model": "cmsplugin_cascade.cascadeelement",
  "pk": 3630,
  "fields": {
    "glossary": "{\"image\":{\"pk\":91,\"model\":\"filer.Image\"},\"caption\":\"\",\"resize-options\":[\"upscale\",\"crop\",\"subject_location\",\"high_resolution\"]}"
  }
},
{
  "model": "cmsplugin_cascade.cascadeelement",
  "pk": 3631,
  "fields": {
    "glossary": "{\"media_queries\":{\"xs\":[\"(max-width: 768px)\"],\"md\":[\"(min-width: 992px)\",\"(max-width: 1200px)\"],\"lg\":[\"(min-width: 1200px)\"],\"sm\":[\"(min-width: 768px)\",\"(max-width: 992px)\"]},\"fluid\":\"\",\"container_max_widths\":{\"xs\":750,\"md\":970,\"lg\":1170,\"sm\":750},\"breakpoints\":[\"xs\",\"sm\",\"md\",\"lg\"]}"
  }
},
{
  "model": "cmsplugin_cascade.cascadeelement",
  "pk": 3632,
  "fields": {
    "glossary": "{}"
  }
},
{
  "model": "cmsplugin_cascade.cascadeelement",
  "pk": 3633,
  "fields": {
    "glossary": "{\"container_max_widths\":{\"xs\":720,\"md\":940,\"lg\":1140,\"sm\":720},\"xs-column-width\":\"col-xs-12\"}"
  }
},
{
  "model": "cmsplugin_cascade.cascadeelement",
  "pk": 3634,
  "fields": {
    "glossary": "{}"
  }
},
{
  "model": "cmsplugin_cascade.cascadeelement",
  "pk": 3637,
  "fields": {
    "glossary": "{\"media_queries\":{\"xs\":[\"(max-width: 768px)\"],\"md\":[\"(min-width: 992px)\",\"(max-width: 1200px)\"],\"lg\":[\"(min-width: 1200px)\"],\"sm\":[\"(min-width: 768px)\",\"(max-width: 992px)\"]},\"fluid\":\"\",\"container_max_widths\":{\"xs\":750,\"md\":970,\"lg\":1170,\"sm\":750},\"breakpoints\":[\"xs\",\"sm\",\"md\",\"lg\"]}"
  }
},
{
  "model": "cmsplugin_cascade.cascadeelement",
  "pk": 3638,
  "fields": {
    "glossary": "{}"
  }
},
{
  "model": "cmsplugin_cascade.cascadeelement",
  "pk": 3639,
  "fields": {
    "glossary": "{\"xs-responsive-utils\":\"\",\"lg-column-ordering\":\"\",\"sm-column-ordering\":\"\",\"md-responsive-utils\":\"\",\"xs-column-offset\":\"\",\"md-column-ordering\":\"\",\"md-column-width\":\"\",\"container_max_widths\":{\"xs\":720,\"md\":940,\"lg\":1140,\"sm\":720},\"sm-column-offset\":\"\",\"lg-column-offset\":\"\",\"lg-column-width\":\"\",\"sm-column-width\":\"\",\"md-column-offset\":\"\",\"xs-column-ordering\":\"\",\"sm-responsive-utils\":\"\",\"xs-column-width\":\"col-xs-12\",\"lg-responsive-utils\":\"\"}"
  }
},
{
  "model": "cmsplugin_cascade.cascadeelement",
  "pk": 3640,
  "fields": {
    "glossary": "{\"render_type\":\"editable\"}"
  }
},
{
  "model": "cmsplugin_cascade.cascadeelement",
  "pk": 3641,
  "fields": {
    "glossary": "{\"extra_inline_styles:Margins\":{\"margin-bottom\":\"30px\",\"margin-top\":\"\"}}"
  }
},
{
  "model": "cmsplugin_cascade.cascadeelement",
  "pk": 3642,
  "fields": {
    "glossary": "{\"xs-responsive-utils\":\"\",\"lg-column-ordering\":\"\",\"sm-column-ordering\":\"\",\"md-responsive-utils\":\"\",\"xs-column-offset\":\"\",\"md-column-ordering\":\"\",\"md-column-width\":\"\",\"container_max_widths\":{\"xs\":720,\"md\":212,\"lg\":262,\"sm\":157},\"sm-column-offset\":\"col-sm-offset-5\",\"lg-column-offset\":\"\",\"lg-column-width\":\"\",\"sm-column-width\":\"col-sm-3\",\"md-column-offset\":\"\",\"xs-column-ordering\":\"\",\"sm-responsive-utils\":\"\",\"xs-column-width\":\"col-xs-12\",\"lg-responsive-utils\":\"\"}"
  }
},
{
  "model": "cmsplugin_cascade.cascadeelement",
  "pk": 3643,
  "fields": {
    "glossary": "{\"quick-float\":\"\",\"icon-right\":\"\",\"button-options\":[],\"button-size\":\"\",\"button-type\":\"btn-default\",\"link\":{\"pk\":17,\"type\":\"cmspage\",\"model\":\"cms.Page\"},\"link_content\":\"Continue Shopping\",\"icon-left\":\"menu-up\"}"
  }
},
{
  "model": "cmsplugin_cascade.cascadeelement",
  "pk": 3644,
  "fields": {
    "glossary": "{\"xs-responsive-utils\":\"\",\"lg-column-ordering\":\"\",\"sm-column-ordering\":\"\",\"md-responsive-utils\":\"\",\"xs-column-offset\":\"\",\"md-column-ordering\":\"\",\"md-column-width\":\"\",\"container_max_widths\":{\"xs\":720,\"md\":293,\"lg\":360,\"sm\":220},\"sm-column-offset\":\"\",\"lg-column-offset\":\"\",\"lg-column-width\":\"\",\"sm-column-width\":\"col-sm-4\",\"md-column-offset\":\"\",\"xs-column-ordering\":\"\",\"sm-responsive-utils\":\"\",\"xs-column-width\":\"col-xs-12\",\"lg-responsive-utils\":\"\"}"
  }
},
{
  "model": "cmsplugin_cascade.cascadeelement",
  "pk": 3645,
  "fields": {
    "glossary": "{\"quick-float\":\"\",\"icon-right\":\"menu-right\",\"button-options\":[],\"button-size\":\"\",\"button-type\":\"btn-success\",\"link\":{\"pk\":5,\"type\":\"cmspage\",\"model\":\"cms.Page\"},\"link_content\":\"Proceed to Checkout\",\"icon-left\":\"\"}"
  }
},
{
  "model": "cmsplugin_cascade.cascadeelement",
  "pk": 3646,
  "fields": {
    "glossary": "{\"extra_inline_styles:Paddings\":{\"padding-top\":\"\",\"padding-bottom\":\"30px\"},\"media_queries\":{\"xs\":[\"(max-width: 768px)\"],\"md\":[\"(min-width: 992px)\",\"(max-width: 1200px)\"],\"lg\":[\"(min-width: 1200px)\"],\"sm\":[\"(min-width: 768px)\",\"(max-width: 992px)\"]},\"fluid\":\"\",\"container_max_widths\":{\"xs\":750,\"md\":970,\"lg\":1170,\"sm\":750},\"breakpoints\":[\"xs\",\"sm\",\"md\",\"lg\"]}"
  }
},
{
  "model": "cmsplugin_cascade.cascadeelement",
  "pk": 3647,
  "fields": {
    "glossary": "{\"condition\":\"customer.is_recognized\",\"open_tag\":\"if\"}"
  }
},
{
  "model": "cmsplugin_cascade.cascadeelement",
  "pk": 3648,
  "fields": {
    "glossary": "{\"extra_inline_styles:Margins\":{\"margin-bottom\":\"20px\",\"margin-top\":\"\"},\"extra_inline_styles:Paddings\":{\"padding-left\":\"\",\"padding-right\":\"\"}}"
  }
},
{
  "model": "cmsplugin_cascade.cascadeelement",
  "pk": 3649,
  "fields": {
    "glossary": "{\"container_max_widths\":{\"xs\":720,\"md\":940,\"lg\":1140,\"sm\":720},\"xs-column-width\":\"col-xs-12\"}"
  }
},
{
  "model": "cmsplugin_cascade.cascadeelement",
  "pk": 3650,
  "fields": {
    "glossary": "{}"
  }
},
{
  "model": "cmsplugin_cascade.cascadeelement",
  "pk": 3651,
  "fields": {
    "glossary": "{}"
  }
},
{
  "model": "cmsplugin_cascade.cascadeelement",
  "pk": 3652,
  "fields": {
    "glossary": "{\"condition\":\"customer.is_registered\",\"open_tag\":\"if\"}"
  }
},
{
  "model": "cmsplugin_cascade.cascadeelement",
  "pk": 3653,
  "fields": {
    "glossary": "{\"render_type\":\"form\"}"
  }
},
{
  "model": "cmsplugin_cascade.cascadeelement",
  "pk": 3654,
  "fields": {
    "glossary": "{\"condition\":\"\",\"open_tag\":\"else\"}"
  }
},
{
  "model": "cmsplugin_cascade.cascadeelement",
  "pk": 3655,
  "fields": {
    "glossary": "{\"render_type\":\"form\"}"
  }
},
{
  "model": "cmsplugin_cascade.cascadeelement",
  "pk": 3656,
  "fields": {
    "glossary": "{\"quick-float\":\"\",\"icon-right\":\"menu-right\",\"button-options\":[],\"button-size\":\"\",\"button-type\":\"btn-success\",\"link_content\":\"Next\",\"icon-left\":\"\"}"
  }
},
{
  "model": "cmsplugin_cascade.cascadeelement",
  "pk": 3657,
  "fields": {
    "glossary": "{}"
  }
},
{
  "model": "cmsplugin_cascade.cascadeelement",
  "pk": 3658,
  "fields": {
    "glossary": "{}"
  }
},
{
  "model": "cmsplugin_cascade.cascadeelement",
  "pk": 3659,
  "fields": {
    "glossary": "{\"multi_addr\":\"on\",\"render_type\":\"form\"}"
  }
},
{
  "model": "cmsplugin_cascade.cascadeelement",
  "pk": 3660,
  "fields": {
    "glossary": "{\"multi_addr\":\"on\",\"allow_use_shipping\":\"on\",\"render_type\":\"form\"}"
  }
},
{
  "model": "cmsplugin_cascade.cascadeelement",
  "pk": 3661,
  "fields": {
    "glossary": "{\"quick-float\":\"\",\"icon-right\":\"menu-right\",\"button-options\":[],\"button-size\":\"\",\"button-type\":\"btn-success\",\"link_content\":\"Next\",\"icon-left\":\"\"}"
  }
},
{
  "model": "cmsplugin_cascade.cascadeelement",
  "pk": 3662,
  "fields": {
    "glossary": "{}"
  }
},
{
  "model": "cmsplugin_cascade.cascadeelement",
  "pk": 3663,
  "fields": {
    "glossary": "{}"
  }
},
{
  "model": "cmsplugin_cascade.cascadeelement",
  "pk": 3664,
  "fields": {
    "glossary": "{\"render_type\":\"form\"}"
  }
},
{
  "model": "cmsplugin_cascade.cascadeelement",
  "pk": 3665,
  "fields": {
    "glossary": "{\"render_type\":\"form\"}"
  }
},
{
  "model": "cmsplugin_cascade.cascadeelement",
  "pk": 3666,
  "fields": {
    "glossary": "{\"render_type\":\"form\"}"
  }
},
{
  "model": "cmsplugin_cascade.cascadeelement",
  "pk": 3667,
  "fields": {
    "glossary": "{}"
  }
},
{
  "model": "cmsplugin_cascade.cascadeelement",
  "pk": 3668,
  "fields": {
    "glossary": "{\"quick-float\":\"\",\"icon-right\":\"menu-right\",\"button-options\":[],\"button-size\":\"\",\"button-type\":\"btn-success\",\"link_content\":\"Next\",\"icon-left\":\"\"}"
  }
},
{
  "model": "cmsplugin_cascade.cascadeelement",
  "pk": 3669,
  "fields": {
    "glossary": "{\"render_type\":\"summary\"}"
  }
},
{
  "model": "cmsplugin_cascade.cascadeelement",
  "pk": 3671,
  "fields": {
    "glossary": "{\"step_title\":\"\"}"
  }
},
{
  "model": "cmsplugin_cascade.cascadeelement",
  "pk": 3672,
  "fields": {
    "glossary": "{\"html_content\":\"&lt;p&gt;I have read the &lt;img alt=&quot;Link&quot; id=&quot;plugin_obj_1320&quot; src=&quot;&quot; title=&quot;Link - terms and conditions&quot; /&gt; and agree with them.&lt;/p&gt;\\r\\n\"}"
  }
},
{
  "model": "cmsplugin_cascade.cascadeelement",
  "pk": 3673,
  "fields": {
    "glossary": "{\"link\":{\"pk\":15,\"type\":\"cmspage\",\"model\":\"cms.Page\"},\"link_content\":\"terms and conditions\",\"render_template\":\"cascade/link/text-link.html\",\"target\":\"\",\"title\":\"\"}"
  }
},
{
  "model": "cmsplugin_cascade.cascadeelement",
  "pk": 3674,
  "fields": {
    "glossary": "{\"quick-float\":\"\",\"icon-right\":\"\",\"button-options\":[],\"button-size\":\"btn-lg\",\"button-type\":\"btn-success\",\"extra_inline_styles:Margins\":{\"margin-bottom\":\"30px\",\"margin-top\":\"\"},\"link\":{\"type\":\"PURCHASE_NOW\"},\"link_content\":\"Purchase Now\",\"icon-left\":\"thumbs-up\"}"
  }
},
{
  "model": "cmsplugin_cascade.cascadeelement",
  "pk": 3675,
  "fields": {
    "glossary": "{\"render_type\":\"summary\"}"
  }
},
{
  "model": "cmsplugin_cascade.cascadeelement",
  "pk": 3676,
  "fields": {
    "glossary": "{\"render_type\":\"summary\"}"
  }
},
{
  "model": "cmsplugin_cascade.cascadeelement",
  "pk": 3677,
  "fields": {
    "glossary": "{\"render_type\":\"static\"}"
  }
},
{
  "model": "cmsplugin_cascade.cascadeelement",
  "pk": 3678,
  "fields": {
    "glossary": "{\"render_type\":\"summary\"}"
  }
},
{
  "model": "cmsplugin_cascade.cascadeelement",
  "pk": 3679,
  "fields": {
    "glossary": "{\"render_type\":\"summary\"}"
  }
},
{
  "model": "cmsplugin_cascade.cascadeelement",
  "pk": 3681,
  "fields": {
    "glossary": "{\"render_type\":\"summary\"}"
  }
},
{
  "model": "cmsplugin_cascade.cascadeelement",
  "pk": 3682,
  "fields": {
    "glossary": "{\"render_type\":\"summary\"}"
  }
},
{
  "model": "cmsplugin_cascade.cascadeelement",
  "pk": 3683,
  "fields": {
    "glossary": "{\"condition\":\"\",\"open_tag\":\"else\"}"
  }
},
{
  "model": "cmsplugin_cascade.cascadeelement",
  "pk": 3684,
  "fields": {
    "glossary": "{\"extra_inline_styles:Margins\":{\"margin-bottom\":\"20px\",\"margin-top\":\"\"},\"extra_inline_styles:Paddings\":{\"padding-left\":\"\",\"padding-right\":\"\"}}"
  }
},
{
  "model": "cmsplugin_cascade.cascadeelement",
  "pk": 3685,
  "fields": {
    "glossary": "{\"xs-responsive-utils\":\"\",\"lg-column-ordering\":\"\",\"sm-column-ordering\":\"\",\"md-responsive-utils\":\"\",\"xs-column-offset\":\"\",\"md-column-ordering\":\"\",\"md-column-width\":\"\",\"container_max_widths\":{\"xs\":720,\"md\":293,\"lg\":360,\"sm\":220},\"sm-column-offset\":\"\",\"lg-column-offset\":\"\",\"lg-column-width\":\"\",\"sm-column-width\":\"col-sm-4\",\"md-column-offset\":\"\",\"xs-column-ordering\":\"\",\"sm-responsive-utils\":\"\",\"xs-column-width\":\"col-xs-12\",\"lg-responsive-utils\":\"\"}"
  }
},
{
  "model": "cmsplugin_cascade.cascadeelement",
  "pk": 3686,
  "fields": {
    "glossary": "{\"link\":{\"type\":\"RELOAD_PAGE\"},\"form_type\":\"login-reset\"}"
  }
},
{
  "model": "cmsplugin_cascade.cascadeelement",
  "pk": 3687,
  "fields": {
    "glossary": "{\"container_max_widths\":{\"xs\":220,\"md\":293,\"lg\":360,\"sm\":220},\"xs-column-width\":\"col-xs-4\"}"
  }
},
{
  "model": "cmsplugin_cascade.cascadeelement",
  "pk": 3688,
  "fields": {
    "glossary": "{\"link\":{\"type\":\"RELOAD_PAGE\"},\"form_type\":\"register-user\"}"
  }
},
{
  "model": "cmsplugin_cascade.cascadeelement",
  "pk": 3689,
  "fields": {
    "glossary": "{\"container_max_widths\":{\"xs\":220,\"md\":293,\"lg\":360,\"sm\":220},\"xs-column-width\":\"col-xs-4\"}"
  }
},
{
  "model": "cmsplugin_cascade.cascadeelement",
  "pk": 3690,
  "fields": {
    "glossary": "{\"link\":{\"type\":\"RELOAD_PAGE\"},\"form_type\":\"continue-as-guest\"}"
  }
},
{
  "model": "cmsplugin_cascade.cascadeelement",
  "pk": 3802,
  "fields": {
    "glossary": "{\"media_queries\":{\"xs\":[\"(max-width: 768px)\"],\"md\":[\"(min-width: 992px)\",\"(max-width: 1200px)\"],\"lg\":[\"(min-width: 1200px)\"],\"sm\":[\"(min-width: 768px)\",\"(max-width: 992px)\"]},\"fluid\":\"\",\"container_max_widths\":{\"xs\":750,\"md\":970,\"lg\":1170,\"sm\":750},\"breakpoints\":[\"xs\",\"sm\",\"md\",\"lg\"]}"
  }
},
{
  "model": "cmsplugin_cascade.cascadeelement",
  "pk": 3803,
  "fields": {
    "glossary": "{}"
  }
},
{
  "model": "cmsplugin_cascade.cascadeelement",
  "pk": 3804,
  "fields": {
    "glossary": "{\"container_max_widths\":{\"xs\":720,\"md\":940,\"lg\":1140,\"sm\":720},\"xs-column-width\":\"col-xs-12\"}"
  }
},
{
  "model": "cmsplugin_cascade.cascadeelement",
  "pk": 3805,
  "fields": {
    "glossary": "{}"
  }
},
{
  "model": "cmsplugin_cascade.cascadeelement",
  "pk": 3834,
  "fields": {
    "glossary": "{\"image\":{\"pk\":94,\"model\":\"filer.Image\"},\"caption\":\"&lt;h1&gt;Pretty spouse&lt;/h1&gt;\\r\\n\",\"resize-options\":[\"upscale\",\"crop\",\"subject_location\",\"high_resolution\"]}"
  }
},
{
  "model": "cmsplugin_cascade.cascadeelement",
  "pk": 4001,
  "fields": {
    "glossary": "{\"render_type\":\"empty\"}"
  }
},
{
  "model": "cmsplugin_cascade.cascadeelement",
  "pk": 4002,
  "fields": {
    "glossary": "{\"media_queries\":{\"xs\":[\"(max-width: 768px)\"],\"md\":[\"(min-width: 992px)\",\"(max-width: 1200px)\"],\"lg\":[\"(min-width: 1200px)\"],\"sm\":[\"(min-width: 768px)\",\"(max-width: 992px)\"]},\"fluid\":\"\",\"container_max_widths\":{\"xs\":750,\"md\":970,\"lg\":1170,\"sm\":750},\"breakpoints\":[\"xs\",\"sm\",\"md\",\"lg\"]}"
  }
},
{
  "model": "cmsplugin_cascade.cascadeelement",
  "pk": 4003,
  "fields": {
    "glossary": "{}"
  }
},
{
  "model": "cmsplugin_cascade.cascadeelement",
  "pk": 4004,
  "fields": {
    "glossary": "{\"xs-responsive-utils\":\"\",\"lg-column-ordering\":\"\",\"sm-column-ordering\":\"\",\"md-responsive-utils\":\"\",\"xs-column-offset\":\"\",\"md-column-ordering\":\"\",\"md-column-width\":\"\",\"container_max_widths\":{\"xs\":720,\"md\":212,\"lg\":262,\"sm\":157},\"sm-column-offset\":\"\",\"lg-column-offset\":\"\",\"lg-column-width\":\"\",\"sm-column-width\":\"col-sm-3\",\"md-column-offset\":\"\",\"xs-column-ordering\":\"\",\"sm-responsive-utils\":\"\",\"xs-column-width\":\"col-xs-12\",\"lg-responsive-utils\":\"\"}"
  }
},
{
  "model": "cmsplugin_cascade.cascadeelement",
  "pk": 4005,
  "fields": {
    "glossary": "{\"image-title\":\"Django Pony\",\"alt-tag\":\"\",\"image-width-fixed\":\"\",\"image-shapes\":[\"img-responsive\"],\"image-height\":\"\",\"resize-options\":[\"subject_location\",\"high_resolution\"],\"title\":\"\",\"image\":{\"pk\":1,\"model\":\"filer.Image\"},\"image-width-responsive\":\"100%\",\"target\":\"\",\"link\":{\"type\":\"none\"}}"
  }
},
{
  "model": "cmsplugin_cascade.cascadeelement",
  "pk": 4006,
  "fields": {
    "glossary": "{\"thumbnail-width\":\"100px\",\"image-width-fixed\":\"\",\"resize-options\":[\"crop\",\"subject_location\",\"high_resolution\"],\"image-shapes\":[\"img-responsive\"],\"image-height\":\"\",\"thumbnail-height\":\"100px\",\"image-width-responsive\":\"100%\"}"
  }
},
{
  "model": "cmsplugin_cascade.cascadeelement",
  "pk": 4007,
  "fields": {
    "glossary": "{\"xs-responsive-utils\":\"\",\"lg-column-ordering\":\"\",\"sm-column-ordering\":\"\",\"md-responsive-utils\":\"\",\"xs-column-offset\":\"\",\"md-column-ordering\":\"\",\"md-column-width\":\"\",\"container_max_widths\":{\"xs\":720,\"md\":697,\"lg\":847,\"sm\":532},\"sm-column-offset\":\"\",\"lg-column-offset\":\"\",\"lg-column-width\":\"\",\"sm-column-width\":\"col-sm-9\",\"md-column-offset\":\"\",\"xs-column-ordering\":\"\",\"sm-responsive-utils\":\"\",\"xs-column-width\":\"col-xs-12\",\"lg-responsive-utils\":\"\"}"
  }
},
{
  "model": "cmsplugin_cascade.cascadeelement",
  "pk": 4009,
  "fields": {
    "glossary": "{\"render_type\":\"default\"}"
  }
},
{
  "model": "cmsplugin_cascade.cascadeelement",
  "pk": 4010,
  "fields": {
    "glossary": "{\"media_queries\":{\"xs\":[\"(max-width: 768px)\"],\"md\":[\"(min-width: 992px)\",\"(max-width: 1200px)\"],\"lg\":[\"(min-width: 1200px)\"],\"sm\":[\"(min-width: 768px)\",\"(max-width: 992px)\"]},\"fluid\":\"\",\"container_max_widths\":{\"xs\":750,\"md\":970,\"lg\":1170,\"sm\":750},\"breakpoints\":[\"xs\",\"sm\",\"md\",\"lg\"]}"
  }
},
{
  "model": "cmsplugin_cascade.cascadeelement",
  "pk": 4011,
  "fields": {
    "glossary": "{\"extra_inline_styles:Margins\":{\"margin-bottom\":\"30px\",\"margin-top\":\"\"},\"extra_inline_styles:Paddings\":{\"padding-left\":\"\",\"padding-right\":\"\"}}"
  }
},
{
  "model": "cmsplugin_cascade.cascadeelement",
  "pk": 4012,
  "fields": {
    "glossary": "{\"xs-responsive-utils\":\"\",\"lg-column-ordering\":\"\",\"sm-column-ordering\":\"\",\"sm-responsive-utils\":\"\",\"xs-column-offset\":\"\",\"md-column-ordering\":\"\",\"sm-column-width\":\"col-sm-8\",\"md-column-width\":\"\",\"container_max_widths\":{\"xs\":720.0,\"md\":616.6666666666666,\"lg\":750.0,\"sm\":470.0},\"sm-column-offset\":\"\",\"lg-column-offset\":\"\",\"lg-column-width\":\"\",\"xs-column-width\":\"col-xs-12\",\"md-column-offset\":\"\",\"xs-column-ordering\":\"\",\"md-responsive-utils\":\"\",\"lg-responsive-utils\":\"\"}"
  }
},
{
  "model": "cmsplugin_cascade.cascadeelement",
  "pk": 4014,
  "fields": {
    "glossary": "{\"link\":{\"pk\":48,\"model\":\"myshop.Product\",\"type\":\"product\"},\"link_content\":\"gravida\",\"render_template\":\"cascade/link/text-link.html\",\"target\":\"\",\"title\":\"\"}"
  }
},
{
  "model": "cmsplugin_cascade.cascadeelement",
  "pk": 4015,
  "fields": {
    "glossary": "{\"quick-float\":\"\",\"extra_element_id\":\"\",\"button-type\":\"btn-success\",\"button-options\":[],\"button-size\":\"\",\"icon-right\":\"\",\"extra_inline_styles:Margins\":{\"margin-bottom\":\"30px\",\"margin-top\":\"30px\"},\"link\":{\"pk\":9,\"model\":\"cms.Page\",\"type\":\"cmspage\"},\"link_content\":\"Info\",\"extra_css_classes\":[\"cap\"],\"icon-left\":\"\"}"
  }
},
{
  "model": "cmsplugin_cascade.cascadeelement",
  "pk": 4016,
  "fields": {
    "glossary": "{\"xs-responsive-utils\":\"\",\"lg-column-ordering\":\"\",\"sm-column-ordering\":\"\",\"sm-responsive-utils\":\"\",\"xs-column-offset\":\"\",\"md-column-ordering\":\"\",\"sm-column-width\":\"col-sm-4\",\"md-column-width\":\"\",\"container_max_widths\":{\"xs\":720.0,\"md\":293.3333333333333,\"lg\":360.0,\"sm\":220.0},\"sm-column-offset\":\"\",\"lg-column-offset\":\"\",\"lg-column-width\":\"\",\"xs-column-width\":\"col-xs-12\",\"md-column-offset\":\"\",\"xs-column-ordering\":\"\",\"md-responsive-utils\":\"\",\"lg-responsive-utils\":\"\"}"
  }
},
{
  "model": "cmsplugin_cascade.cascadeelement",
  "pk": 4017,
  "fields": {
    "glossary": "{\"image-title\":\"Django Pony\",\"title\":\"\",\"alt-tag\":\"\",\"image\":{\"pk\":1,\"model\":\"filer.Image\"},\"image-width-fixed\":\"\",\"resize-options\":[\"subject_location\",\"high_resolution\"],\"image-shapes\":[\"img-responsive\"],\"link\":{\"type\":\"none\"},\"image-height\":\"\",\"image-width-responsive\":\"100%\",\"target\":\"\"}"
  }
},
{
  "model": "cmsplugin_cascade.cascadeelement",
  "pk": 4018,
  "fields": {
    "glossary": "{\"media_queries\":{\"xs\":[\"(max-width: 768px)\"],\"md\":[\"(min-width: 992px)\",\"(max-width: 1200px)\"],\"lg\":[\"(min-width: 1200px)\"],\"sm\":[\"(min-width: 768px)\",\"(max-width: 992px)\"]},\"fluid\":\"\",\"container_max_widths\":{\"xs\":750,\"md\":970,\"lg\":1170,\"sm\":750},\"breakpoints\":[\"xs\",\"sm\",\"md\",\"lg\"]}"
  }
},
{
  "model": "cmsplugin_cascade.cascadeelement",
  "pk": 4019,
  "fields": {
    "glossary": "{}"
  }
},
{
  "model": "cmsplugin_cascade.cascadeelement",
  "pk": 4020,
  "fields": {
    "glossary": "{\"xs-responsive-utils\":\"\",\"lg-column-ordering\":\"\",\"sm-column-ordering\":\"\",\"sm-responsive-utils\":\"\",\"xs-column-offset\":\"\",\"md-column-ordering\":\"\",\"sm-column-width\":\"\",\"md-column-width\":\"\",\"container_max_widths\":{\"xs\":720.0,\"md\":940.0,\"lg\":1140.0,\"sm\":720.0},\"sm-column-offset\":\"\",\"lg-column-offset\":\"\",\"lg-column-width\":\"\",\"xs-column-width\":\"col-xs-12\",\"md-column-offset\":\"\",\"xs-column-ordering\":\"\",\"md-responsive-utils\":\"\",\"lg-responsive-utils\":\"\"}"
  }
},
{
  "model": "cmsplugin_cascade.cascadeelement",
  "pk": 4021,
  "fields": {
    "glossary": "{}"
  }
},
{
  "model": "cmsplugin_cascade.inlinecascadeelement",
  "pk": 22,
  "fields": {
    "cascade_element": 4006,
    "glossary": "{\"image_title\":\"\",\"image\":{\"pk\":118,\"model\":\"filer.Image\"},\"alt_tag\":\"\"}"
  }
},
{
  "model": "cmsplugin_cascade.sortableinlinecascadeelement",
  "pk": 14,
  "fields": {
    "cascade_element": 4006,
    "glossary": "{\"image_title\":\"\",\"image\":{\"pk\":117,\"model\":\"filer.Image\"},\"alt_tag\":\"\"}",
    "order": 1
  }
},
{
  "model": "cmsplugin_cascade.sortableinlinecascadeelement",
  "pk": 15,
  "fields": {
    "cascade_element": 4006,
    "glossary": "{\"image_title\":\"\",\"image\":{\"pk\":119,\"model\":\"filer.Image\"},\"alt_tag\":\"\"}",
    "order": 2
  }
},
{
  "model": "cmsplugin_cascade.pluginextrafields",
  "pk": 1,
  "fields": {
    "plugin_type": "BootstrapButtonPlugin",
    "site": 1,
    "allow_id_tag": true,
    "css_classes": "{\"class_names\":\"\",\"multiple\":\"\"}",
    "inline_styles": "{\"extra_units:Margins\":\"px,em,%\",\"extra_fields:Margins\":[\"margin-top\",\"margin-bottom\"],\"extra_units:Widths\":\"px,em,%\",\"extra_fields:Paddings\":[],\"extra_fields:Overflow\":[],\"extra_units:Paddings\":\"px,em,%\",\"extra_fields:Widths\":[],\"extra_units:Heights\":\"px,em,%\",\"extra_fields:Heights\":[],\"extra_fields:Colors\":[]}"
  }
},
{
  "model": "cmsplugin_cascade.pluginextrafields",
  "pk": 2,
  "fields": {
    "plugin_type": "ShopProceedButton",
    "site": 1,
    "allow_id_tag": false,
    "css_classes": "{\"class_names\":\"\",\"multiple\":\"\"}",
    "inline_styles": "{\"extra_units:Margins\":\"px,em,%\",\"extra_fields:Margins\":[\"margin-top\",\"margin-bottom\"],\"extra_units:Widths\":\"px,em,%\",\"extra_fields:Paddings\":[],\"extra_fields:Overflow\":[],\"extra_units:Paddings\":\"px,em,%\",\"extra_fields:Widths\":[],\"extra_units:Heights\":\"px,em,%\",\"extra_fields:Heights\":[],\"extra_fields:Colors\":[]}"
  }
},
{
  "model": "cmsplugin_cascade.pluginextrafields",
  "pk": 3,
  "fields": {
    "plugin_type": "BootstrapRowPlugin",
    "site": 1,
    "allow_id_tag": false,
    "css_classes": "{\"class_names\":\"foo, bar, cap\",\"multiple\":\"on\"}",
    "inline_styles": "{\"extra_units:Margins\":\"px,em,%\",\"extra_fields:Margins\":[\"margin-top\",\"margin-bottom\"],\"extra_units:Widths\":\"px,em,%\",\"extra_fields:Paddings\":[\"padding-right\",\"padding-left\"],\"extra_fields:Overflow\":[],\"extra_units:Paddings\":\"px,em,%\",\"extra_fields:Widths\":[],\"extra_units:Heights\":\"px,em,%\",\"extra_fields:Heights\":[],\"extra_fields:Colors\":[\"background-color\"]}"
  }
},
{
  "model": "cmsplugin_cascade.pluginextrafields",
  "pk": 4,
  "fields": {
    "plugin_type": "BootstrapContainerPlugin",
    "site": 1,
    "allow_id_tag": false,
    "css_classes": "{\"class_names\":\"\",\"multiple\":\"\"}",
    "inline_styles": "{\"extra_units:Margins\":\"px,em,%\",\"extra_fields:Margins\":[],\"extra_units:Widths\":\"px,em,%\",\"extra_fields:Paddings\":[\"padding-top\",\"padding-bottom\"],\"extra_fields:Overflow\":[],\"extra_units:Paddings\":\"px,em,%\",\"extra_fields:Widths\":[],\"extra_units:Heights\":\"px,em,%\",\"extra_fields:Heights\":[],\"extra_fields:Colors\":[]}"
  }
},
{
  "model": "cmsplugin_cascade.pluginextrafields",
  "pk": 5,
  "fields": {
    "plugin_type": "SimpleWrapperPlugin",
    "site": 1,
    "allow_id_tag": false,
    "css_classes": "{\"class_names\":\"\",\"multiple\":\"\"}",
    "inline_styles": "{\"extra_units:Margins\":\"px,em,%\",\"extra_fields:Margins\":[\"margin-right\",\"margin-left\"],\"extra_units:Widths\":\"px,em,%\",\"extra_fields:Paddings\":[],\"extra_fields:Overflow\":[],\"extra_units:Paddings\":\"px,em,%\",\"extra_fields:Widths\":[],\"extra_units:Heights\":\"px,em,%\",\"extra_fields:Heights\":[],\"extra_fields:Colors\":[]}"
  }
},
{
  "model": "cmsplugin_cascade.cascadeclipboard",
  "pk": 1,
  "fields": {
    "identifier": "jones",
    "data": "{\"plugins\":[[\"BootstrapContainerPlugin\",{\"glossary\":{\"media_queries\":{\"xs\":[\"(max-width: 768px)\"],\"md\":[\"(min-width: 992px)\",\"(max-width: 1200px)\"],\"lg\":[\"(min-width: 1200px)\"],\"sm\":[\"(min-width: 768px)\",\"(max-width: 992px)\"]},\"fluid\":\"\",\"container_max_widths\":{\"xs\":750,\"md\":970,\"lg\":1170,\"sm\":750},\"breakpoints\":[\"xs\",\"sm\",\"md\",\"lg\"]}},[[\"SegmentPlugin\",{\"glossary\":{\"condition\":\"customer.is_recognized\",\"open_tag\":\"if\"}},[[\"BootstrapRowPlugin\",{\"glossary\":{\"extra_inline_styles:Margins\":{\"margin-bottom\":\"30px\",\"margin-top\":\"10px\"},\"extra_inline_styles:Paddings\":{\"padding-left\":\"\",\"padding-right\":\"\"}}},[[\"BootstrapColumnPlugin\",{\"glossary\":{\"container_max_widths\":{\"xs\":720,\"md\":940,\"lg\":1140,\"sm\":720},\"xs-column-width\":\"col-xs-12\"}},[[\"ProcessBarPlugin\",{\"glossary\":{}},[[\"ProcessStepPlugin\",{\"glossary\":{}},[[\"SegmentPlugin\",{\"glossary\":{\"condition\":\"customer.is_registered\",\"open_tag\":\"if\"}},[[\"CustomerFormPlugin\",{\"glossary\":{\"render_type\":\"form\"}},[]]]],[\"SegmentPlugin\",{\"glossary\":{\"condition\":\"\",\"open_tag\":\"else\"}},[[\"GuestFormPlugin\",{\"glossary\":{\"render_type\":\"form\"}},[]]]],[\"ProcessNextStepPlugin\",{\"glossary\":{\"quick-float\":\"\",\"icon-right\":\"menu-right\",\"button-options\":[],\"button-size\":\"\",\"button-type\":\"btn-success\",\"link_content\":\"Weiter\",\"icon-left\":\"\"}},[]],[\"RequiredFormFieldsPlugin\",{\"glossary\":{}},[]]]],[\"ProcessStepPlugin\",{\"glossary\":{}},[[\"ShippingAddressFormPlugin\",{\"glossary\":{\"render_type\":\"form\"}},[]],[\"BillingAddressFormPlugin\",{\"glossary\":{\"render_type\":\"form\"}},[]],[\"ProcessNextStepPlugin\",{\"glossary\":{\"quick-float\":\"\",\"icon-right\":\"menu-right\",\"button-options\":[],\"button-size\":\"\",\"button-type\":\"btn-success\",\"link_content\":\"Weiter\",\"icon-left\":\"\"}},[]],[\"RequiredFormFieldsPlugin\",{\"glossary\":{}},[]]]],[\"ProcessStepPlugin\",{\"glossary\":{}},[[\"ShopCartPlugin\",{\"glossary\":{\"render_type\":\"summary\"}},[]],[\"PaymentMethodFormPlugin\",{\"glossary\":{\"render_type\":\"form\"}},[]],[\"ShippingMethodFormPlugin\",{\"glossary\":{\"render_type\":\"form\"}},[]],[\"ExtraAnnotationFormPlugin\",{\"glossary\":{\"render_type\":\"form\"}},[]],[\"RequiredFormFieldsPlugin\",{\"glossary\":{}},[]],[\"ProcessNextStepPlugin\",{\"glossary\":{\"quick-float\":\"\",\"icon-right\":\"menu-right\",\"button-options\":[],\"button-size\":\"\",\"button-type\":\"btn-success\",\"link_content\":\"Weiter\",\"icon-left\":\"\"}},[]],[\"TextPlugin\",{\"body\":\"<h4>Bezahlen und Versand</h4>\\n\"},[]]]],[\"ProcessStepPlugin\",{\"glossary\":{\"step_title\":\"\"}},[[\"AcceptConditionFormPlugin\",{\"glossary\":{\"html_content\":\"&lt;p&gt;Ich habe die &lt;img alt=&quot;Link&quot; id=&quot;plugin_obj_1719&quot; src=&quot;&quot; title=&quot;Link - Allgemeinen Gesch\\u00e4ftsbedingungen&quot; /&gt; gelesen und erkl&amp;auml;re mich hiermit einverstanden.&lt;/p&gt;\\r\\n\"}},[[\"TextLinkPlugin\",{\"glossary\":{\"link\":{\"pk\":15,\"type\":\"cmspage\",\"model\":\"cms.Page\"},\"link_content\":\"terms and conditions\",\"render_template\":\"cascade/link/text-link.html\",\"target\":\"\",\"title\":\"\"}},[]],[\"TextLinkPlugin\",{\"glossary\":{\"link\":{\"pk\":15,\"type\":\"cmspage\",\"model\":\"cms.Page\"},\"link_content\":\"Allgemeinen Gesch\\u00e4ftsbedingungen\",\"render_template\":\"cascade/link/text-link.html\",\"target\":\"\",\"title\":\"\"}},[]]]],[\"ShopProceedButton\",{\"glossary\":{\"quick-float\":\"\",\"icon-right\":\"\",\"button-options\":[],\"button-size\":\"btn-lg\",\"button-type\":\"btn-success\",\"extra_inline_styles:Margins\":{\"margin-bottom\":\"30px\",\"margin-top\":\"\"},\"link\":{\"type\":\"PURCHASE_NOW\"},\"link_content\":\"Jetzt Kaufen\",\"icon-left\":\"thumbs-up\"}},[]],[\"ShippingAddressFormPlugin\",{\"glossary\":{\"render_type\":\"summary\"}},[]],[\"BillingAddressFormPlugin\",{\"glossary\":{\"render_type\":\"summary\"}},[]],[\"ShopCartPlugin\",{\"glossary\":{\"render_type\":\"static\"}},[]],[\"PaymentMethodFormPlugin\",{\"glossary\":{\"render_type\":\"summary\"}},[]],[\"ShippingMethodFormPlugin\",{\"glossary\":{\"render_type\":\"summary\"}},[]],[\"TextPlugin\",{\"body\":\"<h2>Zusammenfassung Ihrer Bestellung</h2>\\n\"},[]],[\"ExtraAnnotationFormPlugin\",{\"glossary\":{\"render_type\":\"summary\"}},[]],[\"CustomerFormPlugin\",{\"glossary\":{\"render_type\":\"summary\"}},[]]]]]]]]]]]],[\"SegmentPlugin\",{\"glossary\":{\"condition\":\"\",\"open_tag\":\"else\"}},[[\"BootstrapRowPlugin\",{\"glossary\":{}},[[\"BootstrapColumnPlugin\",{\"glossary\":{\"container_max_widths\":{\"xs\":220,\"md\":293,\"lg\":360,\"sm\":220},\"xs-column-width\":\"col-xs-4\"}},[[\"ShopAuthenticationPlugin\",{\"glossary\":{\"link\":{\"type\":\"RELOAD_PAGE\"},\"form_type\":\"login-reset\"}},[]]]],[\"BootstrapColumnPlugin\",{\"glossary\":{\"container_max_widths\":{\"xs\":220,\"md\":293,\"lg\":360,\"sm\":220},\"xs-column-width\":\"col-xs-4\"}},[[\"ShopAuthenticationPlugin\",{\"glossary\":{\"link\":{\"type\":\"RELOAD_PAGE\"},\"form_type\":\"register-user\"}},[]]]],[\"BootstrapColumnPlugin\",{\"glossary\":{\"container_max_widths\":{\"xs\":220,\"md\":293,\"lg\":360,\"sm\":220},\"xs-column-width\":\"col-xs-4\"}},[[\"ShopAuthenticationPlugin\",{\"glossary\":{\"link\":{\"type\":\"RELOAD_PAGE\"},\"form_type\":\"continue-as-guest\"}},[]]]]]]]]]]]}"
  }
},
{
  "model": "cmsplugin_cascade.cascadeclipboard",
  "pk": 2,
  "fields": {
    "identifier": "under-the-hood",
    "data": "{\"plugins\":[[\"BootstrapContainerPlugin\",{\"glossary\":{\"media_queries\":{\"xs\":[\"(max-width: 768px)\"],\"md\":[\"(min-width: 992px)\",\"(max-width: 1200px)\"],\"lg\":[\"(min-width: 1200px)\"],\"sm\":[\"(min-width: 768px)\",\"(max-width: 992px)\"]},\"fluid\":\"\",\"container_max_widths\":{\"xs\":750,\"md\":970,\"lg\":1170,\"sm\":750},\"breakpoints\":[\"xs\",\"sm\",\"md\",\"lg\"]}},[[\"BootstrapRowPlugin\",{\"glossary\":{}},[[\"BootstrapColumnPlugin\",{\"glossary\":{\"container_max_widths\":{\"xs\":720,\"md\":940,\"lg\":1140,\"sm\":720},\"xs-column-width\":\"col-xs-12\"}},[[\"ShopCatalogPlugin\",{\"glossary\":{}},[]],[\"TextPlugin\",{\"body\":\"<h2>Our Catalog List View</h2>\\n\"},[]]]]]]]]]}"
  }
},
{
  "model": "djangocms_text_ckeditor.text",
  "pk": 212,
  "fields": {
    "body": "<p>Donec id elit non mi porta <img alt=\"Link\" id=\"plugin_obj_640\" src=\"\" title=\"Link - gravida\"> at eget metus. Integer posuere erat a ante venenatis dapibus posuere velit aliquet. Aenean eu leo quam. Pellentesque ornare sem lacinia quam venenatis vestibulum. Curabitur blandit tempus porttitor. Sed posuere consectetur est at lobortis. Duis mollis, est non commodo luctus, nisi erat porttitor ligula, eget lacinia odio sem nec elit. Sed posuere consectetur est at lobortis. Aenean eu leo quam. Pellentesque ornare sem lacinia quam venenatis vestibulum. Donec sed odio dui. Nullam quis risus eget urna mollis ornare vel eu leo. Cum sociis natoque penatibus et magnis dis parturient montes, nascetur ridiculus mus. Aenean lacinia bibendum nulla sed consectetur.</p>\n\n<p>Nullam quis risus eget urna mollis ornare vel eu leo. Cum sociis natoque penatibus et magnis dis parturient montes, nascetur ridiculus mus. Etiam porta sem malesuada magna mollis euismod. Donec id elit non mi porta gravida at eget metus. Sed posuere consectetur est at lobortis. Aenean eu leo quam. Pellentesque ornare sem lacinia quam venenatis vestibulum. Integer posuere erat a ante venenatis dapibus posuere velit aliquet. Cras justo odio, dapibus ac facilisis in, egestas eget quam. Praesent commodo cursus magna, vel scelerisque nisl consectetur et. Etiam porta sem malesuada magna mollis euismod. Nulla vitae elit libero, a pharetra augue.</p>\n"
  }
},
{
  "model": "djangocms_text_ckeditor.text",
  "pk": 569,
  "fields": {
    "body": "<p>Donec sed odio dui. Donec id elit non mi porta gravida at eget metus. Aenean lacinia bibendum nulla sed consectetur. Duis mollis, est non commodo luctus, nisi erat porttitor ligula, eget lacinia odio sem nec elit. Praesent commodo cursus magna, vel scelerisque nisl consectetur et. Etiam porta sem malesuada magna mollis euismod. Maecenas sed diam eget risus varius blandit sit amet non magna. Maecenas sed diam eget risus varius blandit sit amet non magna.</p>\n"
  }
},
{
  "model": "djangocms_text_ckeditor.text",
  "pk": 694,
  "fields": {
    "body": "<h2>Meine Listenansicht</h2>\n"
  }
},
{
  "model": "djangocms_text_ckeditor.text",
  "pk": 942,
  "fields": {
    "body": "<h1>Allgemeine Gesch\u00e4ftsbedingungen</h1>\n"
  }
},
{
  "model": "djangocms_text_ckeditor.text",
  "pk": 947,
  "fields": {
    "body": "<h1>Terms and Conditions</h1>\n"
  }
},
{
  "model": "djangocms_text_ckeditor.text",
  "pk": 1570,
  "fields": {
    "body": "<h2>Summary of your order</h2>\n"
  }
},
{
  "model": "djangocms_text_ckeditor.text",
  "pk": 1631,
  "fields": {
    "body": "<h2>Zusammenfassung Ihrer Bestellung</h2>\n"
  }
},
{
  "model": "djangocms_text_ckeditor.text",
  "pk": 2127,
  "fields": {
    "body": "<h4>Payment and\u00a0Shipping</h4>\n"
  }
},
{
  "model": "djangocms_text_ckeditor.text",
  "pk": 2136,
  "fields": {
    "body": "<h4>Bezahlen und Versand</h4>\n"
  }
},
{
  "model": "djangocms_text_ckeditor.text",
  "pk": 2524,
  "fields": {
    "body": "<h2>Our Catalog List View</h2>\n"
  }
},
{
  "model": "djangocms_text_ckeditor.text",
  "pk": 2730,
  "fields": {
    "body": "<h1>Allgemeine Gesch\u00e4ftsbedingungen</h1>\n"
  }
},
{
  "model": "djangocms_text_ckeditor.text",
  "pk": 2734,
  "fields": {
    "body": "<h1>Terms and Conditions</h1>\n"
  }
},
{
  "model": "djangocms_text_ckeditor.text",
  "pk": 2850,
  "fields": {
    "body": "<p>Donec ullamcorper nulla non metus auctor fringilla. Praesent commodo cursus magna, vel scelerisque nisl consectetur et. Cras mattis consectetur purus sit amet fermentum. Fusce dapibus, tellus ac cursus commodo, tortor mauris condimentum nibh, ut fermentum massa justo sit amet risus. Nulla vitae elit libero, a pharetra augue. Vivamus sagittis lacus vel augue laoreet rutrum faucibus dolor auctor. Cras justo odio, dapibus ac facilisis in, egestas eget quam. Nullam quis risus eget urna mollis ornare vel eu leo. Nullam quis risus eget urna mollis ornare vel eu leo. Lorem ipsum dolor sit amet, consectetur adipiscing elit. Praesent commodo cursus magna, vel scelerisque nisl consectetur et.</p>\n"
  }
},
{
  "model": "djangocms_text_ckeditor.text",
  "pk": 3367,
  "fields": {
    "body": "<p>Aenean eu leo quam. Pellentesque ornare sem lacinia quam venenatis vestibulum. Integer posuere erat a ante venenatis dapibus posuere velit aliquet. Duis mollis, est non commodo luctus, nisi erat porttitor ligula, eget lacinia odio sem nec elit. Cras mattis consectetur purus sit amet fermentum. Morbi leo risus, porta ac consectetur ac, vestibulum at eros. Donec ullamcorper nulla non metus auctor fringilla. Cras justo odio, dapibus ac facilisis in, egestas eget quam. Sed posuere consectetur est at lobortis. Donec ullamcorper nulla non metus auctor fringilla. Cras justo odio, dapibus ac facilisis in, egestas eget quam. Cum sociis natoque penatibus et magnis dis parturient montes, nascetur ridiculus mus. Donec ullamcorper nulla non metus auctor fringilla.</p>"
  }
},
{
  "model": "djangocms_text_ckeditor.text",
  "pk": 3543,
  "fields": {
    "body": "<h4>Bezahlen und Versand</h4>\n"
  }
},
{
  "model": "djangocms_text_ckeditor.text",
  "pk": 3554,
  "fields": {
    "body": "<h2>Zusammenfassung Ihrer Bestellung</h2>\n"
  }
},
{
  "model": "djangocms_text_ckeditor.text",
  "pk": 3635,
  "fields": {
    "body": "<h2>Our Catalog List View</h2>\n"
  }
},
{
  "model": "djangocms_text_ckeditor.text",
  "pk": 3670,
  "fields": {
    "body": "<h4>Payment and\u00a0Shipping</h4>\n"
  }
},
{
  "model": "djangocms_text_ckeditor.text",
  "pk": 3680,
  "fields": {
    "body": "<h2>Summary of your order</h2>\n"
  }
},
{
  "model": "djangocms_text_ckeditor.text",
  "pk": 3806,
  "fields": {
    "body": "<h2>Our Catalog List View</h2>\n"
  }
},
{
  "model": "djangocms_text_ckeditor.text",
  "pk": 4008,
  "fields": {
    "body": "<p>Donec sed odio dui. Donec id elit non mi porta gravida at eget metus. Aenean lacinia bibendum nulla sed consectetur. Duis mollis, est non commodo luctus, nisi erat porttitor ligula, eget lacinia odio sem nec elit. Praesent commodo cursus magna, vel scelerisque nisl consectetur et. Etiam porta sem malesuada magna mollis euismod. Maecenas sed diam eget risus varius blandit sit amet non magna. Maecenas sed diam eget risus varius blandit sit amet non magna.</p>\n"
  }
},
{
  "model": "djangocms_text_ckeditor.text",
  "pk": 4013,
  "fields": {
    "body": "<p>Donec id elit non mi porta <img id=\"plugin_obj_4014\" src=\"\" title=\"Link - gravida\" alt=\"Link - gravida\"> at eget metus. Integer posuere erat a ante venenatis dapibus posuere velit aliquet. Aenean eu leo quam. Pellentesque ornare sem lacinia quam venenatis vestibulum. Curabitur blandit tempus porttitor. Sed posuere consectetur est at lobortis. Duis mollis, est non commodo luctus, nisi erat porttitor ligula, eget lacinia odio sem nec elit. Sed posuere consectetur est at lobortis. Aenean eu leo quam. Pellentesque ornare sem lacinia quam venenatis vestibulum. Donec sed odio dui. Nullam quis risus eget urna mollis ornare vel eu leo. Cum sociis natoque penatibus et magnis dis parturient montes, nascetur ridiculus mus. Aenean lacinia bibendum nulla sed consectetur.</p>\n\n<p>Nullam quis risus eget urna mollis ornare vel eu leo. Cum sociis natoque penatibus et magnis dis parturient montes, nascetur ridiculus mus. Etiam porta sem malesuada magna mollis euismod. Donec id elit non mi porta gravida at eget metus. Sed posuere consectetur est at lobortis. Aenean eu leo quam. Pellentesque ornare sem lacinia quam venenatis vestibulum. Integer posuere erat a ante venenatis dapibus posuere velit aliquet. Cras justo odio, dapibus ac facilisis in, egestas eget quam. Praesent commodo cursus magna, vel scelerisque nisl consectetur et. Etiam porta sem malesuada magna mollis euismod. Nulla vitae elit libero, a pharetra augue.</p>\n"
  }
},
{
  "model": "djangocms_text_ckeditor.text",
  "pk": 4022,
  "fields": {
    "body": "<h2>Meine Listenansicht</h2>\n"
  }
},
{
  "model": "filer.folder",
  "pk": 1,
  "fields": {
    "parent": null,
    "name": "content",
    "owner": [
      "admin"
    ],
    "uploaded_at": "2015-11-25T17:32:52.806Z",
    "created_at": "2015-11-25T17:32:52.806Z",
    "modified_at": "2015-11-25T17:32:52.806Z",
    "lft": 1,
    "rght": 2,
    "tree_id": 1,
    "level": 0
  }
},
{
  "model": "filer.folder",
  "pk": 2,
  "fields": {
    "parent": null,
    "name": "Smart Cards",
    "owner": [
      "admin"
    ],
    "uploaded_at": "2015-11-25T17:33:08.546Z",
    "created_at": "2015-11-25T17:33:08.546Z",
    "modified_at": "2015-11-25T17:33:08.547Z",
    "lft": 1,
    "rght": 2,
    "tree_id": 2,
    "level": 0
  }
},
{
  "model": "filer.folder",
  "pk": 3,
  "fields": {
    "parent": null,
    "name": "Smart Phones",
    "owner": [
      "admin"
    ],
    "uploaded_at": "2015-11-25T17:33:16.293Z",
    "created_at": "2015-11-25T17:33:16.293Z",
    "modified_at": "2015-11-25T17:33:16.294Z",
    "lft": 1,
    "rght": 2,
    "tree_id": 3,
    "level": 0
  }
},
{
  "model": "filer.file",
  "pk": 1,
  "fields": {
    "polymorphic_ctype": [
      "filer",
      "image"
    ],
    "folder": 1,
    "file": "filer_public/c8/c2/c8c2ba21-5ac1-4cba-a01b-6e2cf58e2889/django-pony.png",
    "_file_size": 137511,
    "sha1": "fdfd7a520d196a259fa0be35b6475c0c77be2d05",
    "has_all_mandatory_data": false,
    "original_filename": "django-pony.png",
    "name": "",
    "description": null,
    "owner": [
      "admin"
    ],
    "uploaded_at": "2015-11-25T17:33:34.815Z",
    "modified_at": "2015-11-25T17:33:44.235Z",
    "is_public": true
  }
},
{
  "model": "filer.file",
  "pk": 2,
  "fields": {
    "polymorphic_ctype": [
      "filer",
      "image"
    ],
    "folder": null,
    "file": "filer_public/c3/0c/c30c7fb5-6b1a-4dcc-bc1a-f29ca6a7bdb3/blue_sdhc_class4_front_8gb.png",
    "_file_size": 34201,
    "sha1": "b640fc9a1a090d4c8fb921a174a896b0958dd8b4",
    "has_all_mandatory_data": false,
    "original_filename": "Blue_SDHC_Class4_Front_8GB.png",
    "name": "",
    "description": null,
    "owner": [
      "admin"
    ],
    "uploaded_at": "2015-11-25T17:50:59.321Z",
    "modified_at": "2015-11-25T17:50:59.322Z",
    "is_public": true
  }
},
{
  "model": "filer.file",
  "pk": 3,
  "fields": {
    "polymorphic_ctype": [
      "filer",
      "image"
    ],
    "folder": null,
    "file": "filer_public/74/8d/748d2569-808a-47ed-9ba0-36e2d0645125/blue_sdhc_class4_front_32gb.png",
    "_file_size": 33342,
    "sha1": "bccce395949287fec27dcb6c0c399354a0b61801",
    "has_all_mandatory_data": false,
    "original_filename": "Blue_SDHC_Class4_Front_32GB.png",
    "name": "",
    "description": null,
    "owner": [
      "admin"
    ],
    "uploaded_at": "2015-11-25T17:51:00.128Z",
    "modified_at": "2015-11-25T17:51:00.128Z",
    "is_public": true
  }
},
{
  "model": "filer.file",
  "pk": 5,
  "fields": {
    "polymorphic_ctype": [
      "filer",
      "image"
    ],
    "folder": null,
    "file": "filer_public/d8/1f/d81f1590-fa4c-4c3e-8262-e35b6362fe0e/blue_sdhc_class4_front_8gb.png",
    "_file_size": 34201,
    "sha1": "b640fc9a1a090d4c8fb921a174a896b0958dd8b4",
    "has_all_mandatory_data": false,
    "original_filename": "Blue_SDHC_Class4_Front_8GB.png",
    "name": "",
    "description": null,
    "owner": [
      "admin"
    ],
    "uploaded_at": "2015-11-25T17:51:43.351Z",
    "modified_at": "2015-11-25T22:43:30.120Z",
    "is_public": true
  }
},
{
  "model": "filer.file",
  "pk": 8,
  "fields": {
    "polymorphic_ctype": [
      "filer",
      "image"
    ],
    "folder": 2,
    "file": "filer_public/ca/5e/ca5eaeaa-4dc2-4dc7-9241-e260573c7ca7/blue_sdhc_class4_front_4gb.png",
    "_file_size": 33463,
    "sha1": "f68413bcf92364eda0e7c3e2168f3da5fe830954",
    "has_all_mandatory_data": false,
    "original_filename": "Blue_SDHC_Class4_Front_4GB.png",
    "name": "",
    "description": null,
    "owner": [
      "admin"
    ],
    "uploaded_at": "2015-11-25T23:02:04.145Z",
    "modified_at": "2015-11-25T23:03:44.057Z",
    "is_public": true
  }
},
{
  "model": "filer.file",
  "pk": 9,
  "fields": {
    "polymorphic_ctype": [
      "filer",
      "image"
    ],
    "folder": 2,
    "file": "filer_public/e6/4d/e64d1c0f-f033-4f8f-8853-53238817bbba/blue_sdhc_class4_front_8gb.png",
    "_file_size": 34201,
    "sha1": "b640fc9a1a090d4c8fb921a174a896b0958dd8b4",
    "has_all_mandatory_data": false,
    "original_filename": "Blue_SDHC_Class4_Front_8GB.png",
    "name": "",
    "description": null,
    "owner": [
      "admin"
    ],
    "uploaded_at": "2015-11-25T23:02:14.041Z",
    "modified_at": "2015-11-25T23:03:44.072Z",
    "is_public": true
  }
},
{
  "model": "filer.file",
  "pk": 10,
  "fields": {
    "polymorphic_ctype": [
      "filer",
      "image"
    ],
    "folder": 2,
    "file": "filer_public/ec/c9/ecc9b295-871e-416c-83af-dcd18bf03fe3/blue_sdhc_class4_front_16gb-retina.png",
    "_file_size": 201512,
    "sha1": "00168eed6acb2fe5f537e4f245ac697b731ff9a1",
    "has_all_mandatory_data": false,
    "original_filename": "Blue_SDHC_Class4_Front_16GB-retina.png",
    "name": "",
    "description": null,
    "owner": [
      "admin"
    ],
    "uploaded_at": "2015-11-25T23:02:18.732Z",
    "modified_at": "2015-11-25T23:03:44.082Z",
    "is_public": true
  }
},
{
  "model": "filer.file",
  "pk": 11,
  "fields": {
    "polymorphic_ctype": [
      "filer",
      "image"
    ],
    "folder": 2,
    "file": "filer_public/8e/2d/8e2da7bb-b574-41df-8d10-61d3c2f1ef9c/blue_sdhc_class4_front_32gb-retina.png",
    "_file_size": 202329,
    "sha1": "c4417330f5a15b8293385672903f019cdfc1fd67",
    "has_all_mandatory_data": false,
    "original_filename": "Blue_SDHC_Class4_Front_32GB-retina.png",
    "name": "",
    "description": null,
    "owner": [
      "admin"
    ],
    "uploaded_at": "2015-11-25T23:02:26.970Z",
    "modified_at": "2015-11-25T23:03:44.092Z",
    "is_public": true
  }
},
{
  "model": "filer.file",
  "pk": 12,
  "fields": {
    "polymorphic_ctype": [
      "filer",
      "image"
    ],
    "folder": 2,
    "file": "filer_public/0f/b4/0fb43491-7ee7-4df9-a8fb-b921fa815405/blue_sdxc_class4_front_64gb-retina.png",
    "_file_size": 203864,
    "sha1": "88b1c3fc34cc74e65812035d055251d71318f68e",
    "has_all_mandatory_data": false,
    "original_filename": "Blue_SDXC_Class4_Front_64GB-retina.png",
    "name": "",
    "description": null,
    "owner": [
      "admin"
    ],
    "uploaded_at": "2015-11-25T23:02:35.951Z",
    "modified_at": "2015-11-25T23:03:44.102Z",
    "is_public": true
  }
},
{
  "model": "filer.file",
  "pk": 13,
  "fields": {
    "polymorphic_ctype": [
      "filer",
      "image"
    ],
    "folder": 2,
    "file": "filer_public/50/0a/500a50ea-c323-48a1-86d2-cf9092734e70/extremeplus_microsdhc_u3_16gb-retina.png",
    "_file_size": 116890,
    "sha1": "41ec391bc9c35cb8e6a739cf16f022b31bbe81de",
    "has_all_mandatory_data": false,
    "original_filename": "ExtremePLUS_microSDHC_U3_16GB-retina.png",
    "name": "",
    "description": null,
    "owner": [
      "admin"
    ],
    "uploaded_at": "2015-11-25T23:02:41.860Z",
    "modified_at": "2015-11-25T23:03:44.114Z",
    "is_public": true
  }
},
{
  "model": "filer.file",
  "pk": 14,
  "fields": {
    "polymorphic_ctype": [
      "filer",
      "image"
    ],
    "folder": 2,
    "file": "filer_public/97/85/9785918b-30fd-4fef-9255-2a84e8ead10a/extremeplus_microsdhc_u3_32gb-retina.png",
    "_file_size": 115822,
    "sha1": "32cf82e3f460a5e461414a24e76a29f71179ab19",
    "has_all_mandatory_data": false,
    "original_filename": "ExtremePLUS_microSDHC_U3_32GB-retina.png",
    "name": "",
    "description": null,
    "owner": [
      "admin"
    ],
    "uploaded_at": "2015-11-25T23:02:47.953Z",
    "modified_at": "2015-11-25T23:03:44.126Z",
    "is_public": true
  }
},
{
  "model": "filer.file",
  "pk": 15,
  "fields": {
    "polymorphic_ctype": [
      "filer",
      "image"
    ],
    "folder": 2,
    "file": "filer_public/b8/b9/b8b97dff-97b8-4015-be2f-d9ac11ee06d0/extremeplus_microsdhc_u3_64gb-retina.png",
    "_file_size": 125491,
    "sha1": "ca6ff7ef95c43296471f0457193d1ed8f116cb6d",
    "has_all_mandatory_data": false,
    "original_filename": "ExtremePLUS_microSDHC_U3_64GB-retina.png",
    "name": "",
    "description": null,
    "owner": [
      "admin"
    ],
    "uploaded_at": "2015-11-25T23:02:57.559Z",
    "modified_at": "2015-11-25T23:03:44.142Z",
    "is_public": true
  }
},
{
  "model": "filer.file",
  "pk": 16,
  "fields": {
    "polymorphic_ctype": [
      "filer",
      "image"
    ],
    "folder": 2,
    "file": "filer_public/dd/ca/ddca368c-bb69-4c3a-a73b-d4da92a18bb3/extremeplus_sdhc_u3_front_16gb-retina.png",
    "_file_size": 122423,
    "sha1": "127e752b2378bdcadbd36e85c4d64954b1a328f9",
    "has_all_mandatory_data": false,
    "original_filename": "ExtremePLUS_SDHC_U3_Front_16GB-retina.png",
    "name": "",
    "description": null,
    "owner": [
      "admin"
    ],
    "uploaded_at": "2015-11-25T23:03:03.198Z",
    "modified_at": "2015-11-25T23:03:44.153Z",
    "is_public": true
  }
},
{
  "model": "filer.file",
  "pk": 17,
  "fields": {
    "polymorphic_ctype": [
      "filer",
      "image"
    ],
    "folder": 2,
    "file": "filer_public/4f/d8/4fd84e1d-1068-4e62-b24b-677b8a962168/extremeplus_sdhc_u3_front_32gb-retina.png",
    "_file_size": 129885,
    "sha1": "8c78f68447c6157df57f66afa3095be6f11afac4",
    "has_all_mandatory_data": false,
    "original_filename": "ExtremePLUS_SDHC_U3_Front_32GB-retina.png",
    "name": "",
    "description": null,
    "owner": [
      "admin"
    ],
    "uploaded_at": "2015-11-25T23:03:09.906Z",
    "modified_at": "2015-11-25T23:03:44.164Z",
    "is_public": true
  }
},
{
  "model": "filer.file",
  "pk": 18,
  "fields": {
    "polymorphic_ctype": [
      "filer",
      "image"
    ],
    "folder": 2,
    "file": "filer_public/f3/c7/f3c7c933-3661-48c7-9649-124f8f7974ec/extremeplus_sdxc_u3_front_64gb-retina.png",
    "_file_size": 133938,
    "sha1": "70130a07e8bdb9cb36f4c8f092474e41755fb303",
    "has_all_mandatory_data": false,
    "original_filename": "ExtremePLUS_SDXC_U3_Front_64GB-retina.png",
    "name": "",
    "description": null,
    "owner": [
      "admin"
    ],
    "uploaded_at": "2015-11-25T23:03:15.002Z",
    "modified_at": "2015-11-25T23:03:44.174Z",
    "is_public": true
  }
},
{
  "model": "filer.file",
  "pk": 19,
  "fields": {
    "polymorphic_ctype": [
      "filer",
      "image"
    ],
    "folder": 2,
    "file": "filer_public/74/69/7469848c-7a97-4800-9fe6-1e0fea9c92a9/extremepro_microsdhc_u3_16gb-retina.png",
    "_file_size": 136315,
    "sha1": "7e5bf08f3d73bc35211dcf9e0b527f35879d93e5",
    "has_all_mandatory_data": false,
    "original_filename": "ExtremePRO_microSDHC_U3_16GB-retina.png",
    "name": "",
    "description": null,
    "owner": [
      "admin"
    ],
    "uploaded_at": "2015-11-25T23:03:25.837Z",
    "modified_at": "2015-11-25T23:03:44.186Z",
    "is_public": true
  }
},
{
  "model": "filer.file",
  "pk": 20,
  "fields": {
    "polymorphic_ctype": [
      "filer",
      "image"
    ],
    "folder": 2,
    "file": "filer_public/6e/34/6e340f92-e22a-4882-97f0-4a1f88229efc/extremepro_microsdhc_u3_32gb-retina.png",
    "_file_size": 147560,
    "sha1": "69ad9f528e1738c6b472f87f917117af6423299f",
    "has_all_mandatory_data": false,
    "original_filename": "ExtremePRO_microSDHC_U3_32GB-retina.png",
    "name": "",
    "description": null,
    "owner": [
      "admin"
    ],
    "uploaded_at": "2015-11-25T23:03:31.586Z",
    "modified_at": "2015-11-25T23:03:44.199Z",
    "is_public": true
  }
},
{
  "model": "filer.file",
  "pk": 21,
  "fields": {
    "polymorphic_ctype": [
      "filer",
      "image"
    ],
    "folder": 2,
    "file": "filer_public/37/c9/37c97598-574b-4099-a091-c9a0590de20d/extremepro_microsdxc_u3_64gb-retina.png",
    "_file_size": 141981,
    "sha1": "f7e30c642752733204598d49b8b8fb8df2bdedce",
    "has_all_mandatory_data": false,
    "original_filename": "ExtremePRO_microSDXC_U3_64GB-retina.png",
    "name": "",
    "description": null,
    "owner": [
      "admin"
    ],
    "uploaded_at": "2015-11-25T23:03:36.936Z",
    "modified_at": "2015-11-25T23:03:44.210Z",
    "is_public": true
  }
},
{
  "model": "filer.file",
  "pk": 22,
  "fields": {
    "polymorphic_ctype": [
      "filer",
      "image"
    ],
    "folder": 2,
    "file": "filer_public/a1/72/a172c268-d379-465f-bea3-3dc677e044b9/extremepro_sdhc_280mbs_noclass_front_16gb-retina.png",
    "_file_size": 219407,
    "sha1": "3f6523780e195533cd405818161ecd49ca66fb28",
    "has_all_mandatory_data": false,
    "original_filename": "ExtremePRO_SDHC_280MBs_NoClass_Front_16GB-retina.png",
    "name": "",
    "description": null,
    "owner": [
      "admin"
    ],
    "uploaded_at": "2015-11-25T23:04:41.781Z",
    "modified_at": "2015-11-25T23:06:19.719Z",
    "is_public": true
  }
},
{
  "model": "filer.file",
  "pk": 23,
  "fields": {
    "polymorphic_ctype": [
      "filer",
      "image"
    ],
    "folder": 2,
    "file": "filer_public/63/82/63823342-68bb-4eea-87b1-3bc187710089/extremepro_sdhc_280mbs_noclass_front_32gb-retina.png",
    "_file_size": 220777,
    "sha1": "5793777dc7da8427bdc2f4d618385a98850ab6e4",
    "has_all_mandatory_data": false,
    "original_filename": "ExtremePRO_SDHC_280MBs_NoClass_Front_32GB-retina.png",
    "name": "",
    "description": null,
    "owner": [
      "admin"
    ],
    "uploaded_at": "2015-11-25T23:04:54.687Z",
    "modified_at": "2015-11-25T23:06:19.735Z",
    "is_public": true
  }
},
{
  "model": "filer.file",
  "pk": 24,
  "fields": {
    "polymorphic_ctype": [
      "filer",
      "image"
    ],
    "folder": 2,
    "file": "filer_public/dd/1e/dd1e8275-e071-427e-aa1b-ee2b2a360d88/extremepro_sdhc_u3_front_32gb-retina.png",
    "_file_size": 218618,
    "sha1": "6c1a88a61d25e84385d293d2062b90b223c7317b",
    "has_all_mandatory_data": false,
    "original_filename": "ExtremePRO_SDHC_U3_Front_32GB-retina.png",
    "name": "",
    "description": null,
    "owner": [
      "admin"
    ],
    "uploaded_at": "2015-11-25T23:05:09.499Z",
    "modified_at": "2015-11-25T23:06:19.749Z",
    "is_public": true
  }
},
{
  "model": "filer.file",
  "pk": 25,
  "fields": {
    "polymorphic_ctype": [
      "filer",
      "image"
    ],
    "folder": 2,
    "file": "filer_public/61/ee/61eecf21-54f8-4a0d-84a3-1e0cf716b971/extremepro_sdxc_280mbs_noclass_front_64gb-retina.png",
    "_file_size": 218167,
    "sha1": "c5f9ad9762f07da02cb05d895dba0e234fe8f5a9",
    "has_all_mandatory_data": false,
    "original_filename": "ExtremePRO_SDXC_280MBs_NoClass_Front_64GB-retina.png",
    "name": "",
    "description": null,
    "owner": [
      "admin"
    ],
    "uploaded_at": "2015-11-25T23:05:20.888Z",
    "modified_at": "2015-11-25T23:06:19.762Z",
    "is_public": true
  }
},
{
  "model": "filer.file",
  "pk": 26,
  "fields": {
    "polymorphic_ctype": [
      "filer",
      "image"
    ],
    "folder": 2,
    "file": "filer_public/d0/95/d0953e97-c93d-4775-a129-e6d9f822c3a9/extremepro_sdxc_u3_front_64gb-retina.png",
    "_file_size": 218791,
    "sha1": "bf2f0f6ab08cfd7ef81feb7702a1bb2111db83d0",
    "has_all_mandatory_data": false,
    "original_filename": "ExtremePRO_SDXC_U3_Front_64GB-retina.png",
    "name": "",
    "description": "",
    "owner": [
      "admin"
    ],
    "uploaded_at": "2015-11-25T23:05:29.875Z",
    "modified_at": "2015-12-03T12:16:27.779Z",
    "is_public": true
  }
},
{
  "model": "filer.file",
  "pk": 27,
  "fields": {
    "polymorphic_ctype": [
      "filer",
      "image"
    ],
    "folder": 2,
    "file": "filer_public/1e/8b/1e8b6c3b-64c9-4d98-a6a7-d2a4a4c6a47b/extremepro_sdxc_u3_front_128gb-retina.png",
    "_file_size": 219101,
    "sha1": "e0f6c1d7043b43f344eb42a6ed520c8a29cdef62",
    "has_all_mandatory_data": false,
    "original_filename": "ExtremePRO_SDXC_U3_Front_128GB-retina.png",
    "name": "",
    "description": null,
    "owner": [
      "admin"
    ],
    "uploaded_at": "2015-11-25T23:05:36.921Z",
    "modified_at": "2015-11-25T23:06:19.791Z",
    "is_public": true
  }
},
{
  "model": "filer.file",
  "pk": 28,
  "fields": {
    "polymorphic_ctype": [
      "filer",
      "image"
    ],
    "folder": 2,
    "file": "filer_public/3d/b6/3db68bcb-d253-45ee-9730-8b5906b95b38/extremepro_sdxc_u3_front_256gb-retina.png",
    "_file_size": 218734,
    "sha1": "e74dd3923720de789d7ba6d70c2086531ea1d56d",
    "has_all_mandatory_data": false,
    "original_filename": "ExtremePRO_SDXC_U3_Front_256GB-retina.png",
    "name": "",
    "description": null,
    "owner": [
      "admin"
    ],
    "uploaded_at": "2015-11-25T23:05:45.367Z",
    "modified_at": "2015-11-25T23:06:19.805Z",
    "is_public": true
  }
},
{
  "model": "filer.file",
  "pk": 29,
  "fields": {
    "polymorphic_ctype": [
      "filer",
      "image"
    ],
    "folder": 2,
    "file": "filer_public/b4/81/b4818a33-6e9a-43f9-acc7-7f633c505d21/extremepro_sdxc_u3_front_512gb-retina.png",
    "_file_size": 221540,
    "sha1": "3e9e0efc11e8ad72a9bdab245d288abe2044746e",
    "has_all_mandatory_data": false,
    "original_filename": "ExtremePRO_SDXC_U3_Front_512GB-retina.png",
    "name": "",
    "description": null,
    "owner": [
      "admin"
    ],
    "uploaded_at": "2015-11-25T23:05:51.427Z",
    "modified_at": "2015-11-25T23:06:19.816Z",
    "is_public": true
  }
},
{
  "model": "filer.file",
  "pk": 30,
  "fields": {
    "polymorphic_ctype": [
      "filer",
      "image"
    ],
    "folder": 2,
    "file": "filer_public/16/f4/16f441cc-38d0-488e-bc5e-fd7df83f29d2/ultra_sdhc_40mbs_class10_front_8gb-retina.png",
    "_file_size": 252820,
    "sha1": "9b12939e5e754b747d651699e846510f62fdb706",
    "has_all_mandatory_data": false,
    "original_filename": "Ultra_SDHC_40MBs_Class10_Front_8GB-retina.png",
    "name": "",
    "description": null,
    "owner": [
      "admin"
    ],
    "uploaded_at": "2015-11-25T23:06:27.731Z",
    "modified_at": "2015-11-25T23:08:01.349Z",
    "is_public": true
  }
},
{
  "model": "filer.file",
  "pk": 31,
  "fields": {
    "polymorphic_ctype": [
      "filer",
      "image"
    ],
    "folder": 2,
    "file": "filer_public/81/4d/814d840f-1540-450a-877d-165116f2725f/ultra_sdhc_40mbs_class10_front_16gb-retina.png",
    "_file_size": 247039,
    "sha1": "4597b1a2ca38a8f9e3751f32710c3090c124086d",
    "has_all_mandatory_data": false,
    "original_filename": "Ultra_SDHC_40MBs_Class10_Front_16GB-retina.png",
    "name": "",
    "description": null,
    "owner": [
      "admin"
    ],
    "uploaded_at": "2015-11-25T23:06:32.654Z",
    "modified_at": "2015-11-25T23:08:01.363Z",
    "is_public": true
  }
},
{
  "model": "filer.file",
  "pk": 32,
  "fields": {
    "polymorphic_ctype": [
      "filer",
      "image"
    ],
    "folder": 2,
    "file": "filer_public/32/59/325907f3-e2a5-4253-93a6-d3043e5262f9/ultra_sdhc_40mbs_class10_front_32gb-retina.png",
    "_file_size": 243838,
    "sha1": "61be73d20238a9761e8d514329ed0531fdc51463",
    "has_all_mandatory_data": false,
    "original_filename": "Ultra_SDHC_40MBs_Class10_Front_32GB-retina.png",
    "name": "",
    "description": null,
    "owner": [
      "admin"
    ],
    "uploaded_at": "2015-11-25T23:06:36.936Z",
    "modified_at": "2015-11-25T23:08:01.374Z",
    "is_public": true
  }
},
{
  "model": "filer.file",
  "pk": 33,
  "fields": {
    "polymorphic_ctype": [
      "filer",
      "image"
    ],
    "folder": 2,
    "file": "filer_public/a5/4b/a54b92e6-bf89-4bfb-8425-c1dc1453b3cd/ultra_sdhc_uhs1_c10_30mbs_front_16gb.png",
    "_file_size": 37999,
    "sha1": "459af4e67070bd3fe007f9bb23e45e34f1f632db",
    "has_all_mandatory_data": false,
    "original_filename": "Ultra_SDHC_UHS1_C10_30MBs_Front_16GB.png",
    "name": "",
    "description": null,
    "owner": [
      "admin"
    ],
    "uploaded_at": "2015-11-25T23:06:43.258Z",
    "modified_at": "2015-11-25T23:08:01.387Z",
    "is_public": true
  }
},
{
  "model": "filer.file",
  "pk": 34,
  "fields": {
    "polymorphic_ctype": [
      "filer",
      "image"
    ],
    "folder": 2,
    "file": "filer_public/8f/7e/8f7e7643-3188-45ac-9318-77aa6628aff8/ultra_sdhc_uhs1_c10_30mbs_front_32gb.png",
    "_file_size": 37889,
    "sha1": "f214b3fd05be9643f687f43d732537f67cca5855",
    "has_all_mandatory_data": false,
    "original_filename": "Ultra_SDHC_UHS1_C10_30MBs_Front_32GB.png",
    "name": "",
    "description": null,
    "owner": [
      "admin"
    ],
    "uploaded_at": "2015-11-25T23:06:48.804Z",
    "modified_at": "2015-11-25T23:08:01.398Z",
    "is_public": true
  }
},
{
  "model": "filer.file",
  "pk": 35,
  "fields": {
    "polymorphic_ctype": [
      "filer",
      "image"
    ],
    "folder": 2,
    "file": "filer_public/aa/29/aa2976f7-48ea-4686-9628-a06d78030e8c/ultra_sdxc_40mbs_class10_front_64gb-retina.png",
    "_file_size": 242738,
    "sha1": "54aadc01936e050fb01f862d9a84a9f95fa76e2a",
    "has_all_mandatory_data": false,
    "original_filename": "Ultra_SDXC_40MBs_Class10_Front_64GB-retina.png",
    "name": "",
    "description": null,
    "owner": [
      "admin"
    ],
    "uploaded_at": "2015-11-25T23:07:05.040Z",
    "modified_at": "2015-11-25T23:08:01.410Z",
    "is_public": true
  }
},
{
  "model": "filer.file",
  "pk": 36,
  "fields": {
    "polymorphic_ctype": [
      "filer",
      "image"
    ],
    "folder": 2,
    "file": "filer_public/be/66/be6676ca-d9dd-4dbd-99d6-e0673ee43796/ultra_sdxc_40mbs_class10_front_128gb-retina.png",
    "_file_size": 250763,
    "sha1": "551cc800fbf893f62ccfa33705fa7e0d0cbb2063",
    "has_all_mandatory_data": false,
    "original_filename": "Ultra_SDXC_40MBs_Class10_Front_128GB-retina.png",
    "name": "",
    "description": null,
    "owner": [
      "admin"
    ],
    "uploaded_at": "2015-11-25T23:07:47.588Z",
    "modified_at": "2015-11-25T23:08:01.423Z",
    "is_public": true
  }
},
{
  "model": "filer.file",
  "pk": 37,
  "fields": {
    "polymorphic_ctype": [
      "filer",
      "image"
    ],
    "folder": 2,
    "file": "filer_public/d2/78/d2780f66-c617-4df3-b994-7b090c04189c/ultra_sdxc_uhs1_c10_30mbs_front_64gb.png",
    "_file_size": 36133,
    "sha1": "fec1942c97010ef2c1f203122dc7f00aef9593b4",
    "has_all_mandatory_data": false,
    "original_filename": "Ultra_SDXC_UHS1_C10_30MBs_Front_64GB.png",
    "name": "",
    "description": "",
    "owner": [
      "admin"
    ],
    "uploaded_at": "2015-11-25T23:07:52.688Z",
    "modified_at": "2015-11-27T22:24:10.060Z",
    "is_public": true
  }
},
{
  "model": "filer.file",
  "pk": 38,
  "fields": {
    "polymorphic_ctype": [
      "filer",
      "image"
    ],
    "folder": 2,
    "file": "filer_public/af/f3/aff3f940-2ad5-4f0e-8652-f07c84173e1f/ultraplus_microsdhc_uhs-i_u1_16gb.png",
    "_file_size": 58265,
    "sha1": "3fc422e227ad55fb59ef50b623653bfe855da728",
    "has_all_mandatory_data": false,
    "original_filename": "UltraPLUS_microSDHC_UHS-I_U1_16GB.png",
    "name": "",
    "description": null,
    "owner": [
      "admin"
    ],
    "uploaded_at": "2015-11-25T23:08:17.334Z",
    "modified_at": "2015-11-25T23:08:49.487Z",
    "is_public": true
  }
},
{
  "model": "filer.file",
  "pk": 39,
  "fields": {
    "polymorphic_ctype": [
      "filer",
      "image"
    ],
    "folder": 2,
    "file": "filer_public/8c/66/8c661349-5bfd-4ff0-9f77-b6f769022809/ultraplus_microsdhc_uhs-i_u1_32gb.png",
    "_file_size": 57580,
    "sha1": "e43a6846ab98d857b120f7c46c451eb85bfec6a4",
    "has_all_mandatory_data": false,
    "original_filename": "UltraPLUS_microSDHC_UHS-I_U1_32GB.png",
    "name": "",
    "description": null,
    "owner": [
      "admin"
    ],
    "uploaded_at": "2015-11-25T23:08:22.371Z",
    "modified_at": "2015-11-25T23:08:49.505Z",
    "is_public": true
  }
},
{
  "model": "filer.file",
  "pk": 40,
  "fields": {
    "polymorphic_ctype": [
      "filer",
      "image"
    ],
    "folder": 2,
    "file": "filer_public/e2/21/e2210738-5dfd-4dea-a344-2687362631c2/ultraplus_microsdxc_uhs-i_u1_64gb.png",
    "_file_size": 57937,
    "sha1": "cc956fa13435020e08132a0d14fd7e362ec45700",
    "has_all_mandatory_data": false,
    "original_filename": "UltraPLUS_microSDXC_UHS-I_U1_64GB.png",
    "name": "",
    "description": null,
    "owner": [
      "admin"
    ],
    "uploaded_at": "2015-11-25T23:08:27.317Z",
    "modified_at": "2015-11-25T23:08:49.523Z",
    "is_public": true
  }
},
{
  "model": "filer.file",
  "pk": 41,
  "fields": {
    "polymorphic_ctype": [
      "filer",
      "image"
    ],
    "folder": 2,
    "file": "filer_public/1a/dd/1add42e2-e333-4033-a6c9-ea9fc0696ec3/ultraplus_microsdxc_uhs-i_u1_128gb.png",
    "_file_size": 53164,
    "sha1": "4cd65b704c4ba8e3009b3c861a6cac80001433be",
    "has_all_mandatory_data": false,
    "original_filename": "UltraPLUS_microSDXC_UHS-I_U1_128GB.png",
    "name": "",
    "description": null,
    "owner": [
      "admin"
    ],
    "uploaded_at": "2015-11-25T23:08:32.648Z",
    "modified_at": "2015-11-25T23:08:49.537Z",
    "is_public": true
  }
},
{
  "model": "filer.file",
  "pk": 42,
  "fields": {
    "polymorphic_ctype": [
      "filer",
      "image"
    ],
    "folder": 2,
    "file": "filer_public/1c/25/1c256751-75d6-4256-9a40-c5c94fc6e6c0/ultraplus_sdhc_48mbs_class10_front_16gb.png",
    "_file_size": 49291,
    "sha1": "45df4d9ad464ca7546dbf7b2ff76140b592a337b",
    "has_all_mandatory_data": false,
    "original_filename": "UltraPLUS_SDHC_48MBs_Class10_Front_16GB.png",
    "name": "",
    "description": null,
    "owner": [
      "admin"
    ],
    "uploaded_at": "2015-11-25T23:08:38.205Z",
    "modified_at": "2015-11-25T23:08:49.550Z",
    "is_public": true
  }
},
{
  "model": "filer.file",
  "pk": 43,
  "fields": {
    "polymorphic_ctype": [
      "filer",
      "image"
    ],
    "folder": 2,
    "file": "filer_public/48/03/4803f140-10a5-47c5-a2cb-716db76ce186/ultraplus_sdxc_48mbs_class10_front_64gb.png",
    "_file_size": 53174,
    "sha1": "4d06ceb06507ce4f3d811de33e118de52b854b16",
    "has_all_mandatory_data": false,
    "original_filename": "UltraPLUS_SDXC_48MBs_Class10_Front_64GB.png",
    "name": "",
    "description": null,
    "owner": [
      "admin"
    ],
    "uploaded_at": "2015-11-25T23:08:42.936Z",
    "modified_at": "2015-11-25T23:08:49.562Z",
    "is_public": true
  }
},
{
  "model": "filer.file",
  "pk": 44,
  "fields": {
    "polymorphic_ctype": [
      "filer",
      "image"
    ],
    "folder": 2,
    "file": "filer_public/07/8c/078cf8f3-6754-465b-8214-38544895fbad/extremepro_sdhc_u3_front_16gb.png",
    "_file_size": 40453,
    "sha1": "3d85dc837429e27b5eafa7c3cd2de06694505a57",
    "has_all_mandatory_data": false,
    "original_filename": "ExtremePRO_SDHC_U3_Front_16GB.png",
    "name": "",
    "description": null,
    "owner": [
      "admin"
    ],
    "uploaded_at": "2015-11-26T23:09:13.277Z",
    "modified_at": "2015-11-26T23:09:19.891Z",
    "is_public": true
  }
},
{
  "model": "filer.file",
  "pk": 45,
  "fields": {
    "polymorphic_ctype": [
      "filer",
      "image"
    ],
    "folder": 2,
    "file": "filer_public/9a/20/9a205e9b-a261-47ba-8843-dfff67b8ceca/ultra_sdxc_uhs1_c10_30mbs_front_64gb.png",
    "_file_size": 36133,
    "sha1": "fec1942c97010ef2c1f203122dc7f00aef9593b4",
    "has_all_mandatory_data": false,
    "original_filename": "Ultra_SDXC_UHS1_C10_30MBs_Front_64GB.png",
    "name": "",
    "description": null,
    "owner": [
      "admin"
    ],
    "uploaded_at": "2015-11-27T22:31:29.769Z",
    "modified_at": "2015-11-27T22:31:38.995Z",
    "is_public": true
  }
},
{
  "model": "filer.file",
  "pk": 46,
  "fields": {
    "polymorphic_ctype": [
      "filer",
      "image"
    ],
    "folder": 2,
    "file": "filer_public/0f/b8/0fb8cf9e-f8c8-49ab-96df-058fa52dcf26/ultraplus_sdhc_48mbs_class10_front_32gb.png",
    "_file_size": 52902,
    "sha1": "706a4126675865282af593a7e99ddd6bd4d7c929",
    "has_all_mandatory_data": false,
    "original_filename": "UltraPLUS_SDHC_48MBs_Class10_Front_32GB.png",
    "name": "",
    "description": null,
    "owner": [
      "admin"
    ],
    "uploaded_at": "2015-11-27T22:39:42.734Z",
    "modified_at": "2015-11-27T22:39:48.836Z",
    "is_public": true
  }
},
{
  "model": "filer.file",
  "pk": 47,
  "fields": {
    "polymorphic_ctype": [
      "filer",
      "image"
    ],
    "folder": 2,
    "file": "filer_public/5e/16/5e16493a-4099-4b9f-9836-854d75b4aecb/ultraplus_sdxc_48mbs_class10_front_128gb.png",
    "_file_size": 48723,
    "sha1": "8f9bc060ba8de0196de9310ee739915ad4cca8d8",
    "has_all_mandatory_data": false,
    "original_filename": "UltraPLUS_SDXC_48MBs_Class10_Front_128GB.png",
    "name": "",
    "description": null,
    "owner": [
      "admin"
    ],
    "uploaded_at": "2015-11-27T22:41:11.006Z",
    "modified_at": "2015-11-27T22:41:17.351Z",
    "is_public": true
  }
},
{
  "model": "filer.file",
  "pk": 48,
  "fields": {
    "polymorphic_ctype": [
      "filer",
      "image"
    ],
    "folder": null,
    "file": "filer_public/fa/4e/fa4e451d-29cd-4b74-9750-58bbd7852688/kyocera-hydro-edge-front.png",
    "_file_size": 91415,
    "sha1": "ae5118bad2c87de7587d65e4cf84227febfe7794",
    "has_all_mandatory_data": false,
    "original_filename": "Kyocera-Hydro-Edge-front.png",
    "name": "",
    "description": null,
    "owner": [
      "admin"
    ],
    "uploaded_at": "2015-12-02T20:55:07.037Z",
    "modified_at": "2015-12-02T20:55:07.037Z",
    "is_public": true
  }
},
{
  "model": "filer.file",
  "pk": 49,
  "fields": {
    "polymorphic_ctype": [
      "filer",
      "image"
    ],
    "folder": null,
    "file": "filer_public/2e/dd/2eddc30b-1587-4b27-a941-43d15edde6c3/kyocera-hydro-edge-front.png",
    "_file_size": 91415,
    "sha1": "ae5118bad2c87de7587d65e4cf84227febfe7794",
    "has_all_mandatory_data": false,
    "original_filename": "Kyocera-Hydro-Edge-front.png",
    "name": "",
    "description": null,
    "owner": [
      "admin"
    ],
    "uploaded_at": "2015-12-02T20:55:17.555Z",
    "modified_at": "2015-12-02T20:55:17.555Z",
    "is_public": true
  }
},
{
  "model": "filer.file",
  "pk": 50,
  "fields": {
    "polymorphic_ctype": [
      "filer",
      "image"
    ],
    "folder": 3,
    "file": "filer_public/b1/4e/b14ed41c-beb8-4614-8887-c2c8eb4afbe4/kyocera-hydro-edge-front.png",
    "_file_size": 91415,
    "sha1": "ae5118bad2c87de7587d65e4cf84227febfe7794",
    "has_all_mandatory_data": false,
    "original_filename": "Kyocera-Hydro-Edge-front.png",
    "name": "",
    "description": null,
    "owner": [
      "admin"
    ],
    "uploaded_at": "2015-12-02T20:55:34.469Z",
    "modified_at": "2015-12-02T20:55:47.961Z",
    "is_public": true
  }
},
{
  "model": "filer.file",
  "pk": 51,
  "fields": {
    "polymorphic_ctype": [
      "filer",
      "image"
    ],
    "folder": 3,
    "file": "filer_public/2b/d3/2bd3c728-19e0-4edc-89d1-c522e0202355/kyocera-hydro-edge-back.png",
    "_file_size": 113808,
    "sha1": "b7dd00919f5b4c74a14e1e4a510730c58761c7a4",
    "has_all_mandatory_data": false,
    "original_filename": "Kyocera-Hydro-Edge-back.png",
    "name": "",
    "description": null,
    "owner": [
      "admin"
    ],
    "uploaded_at": "2015-12-02T20:55:40.194Z",
    "modified_at": "2015-12-02T20:55:47.974Z",
    "is_public": true
  }
},
{
  "model": "filer.file",
  "pk": 52,
  "fields": {
    "polymorphic_ctype": [
      "filer",
      "image"
    ],
    "folder": 3,
    "file": "filer_public/19/b2/19b2e1b2-9bc9-4615-8418-a7ad75f6a77a/nexus-4-front.png",
    "_file_size": 67024,
    "sha1": "5d6843414cb64adb38a9a6759862969ae3383c4e",
    "has_all_mandatory_data": false,
    "original_filename": "Nexus-4-front.png",
    "name": "",
    "description": null,
    "owner": [
      "admin"
    ],
    "uploaded_at": "2015-12-02T22:08:12.534Z",
    "modified_at": "2015-12-02T22:08:39.599Z",
    "is_public": true
  }
},
{
  "model": "filer.file",
  "pk": 53,
  "fields": {
    "polymorphic_ctype": [
      "filer",
      "image"
    ],
    "folder": 3,
    "file": "filer_public/32/61/326155d5-470e-44b3-8ca4-ec82a7e71161/nexus-4-diagonal.png",
    "_file_size": 77164,
    "sha1": "6a4fd8bf4637afd00c9b4a66b7fde1c9ea742a4a",
    "has_all_mandatory_data": false,
    "original_filename": "Nexus-4-diagonal.png",
    "name": "",
    "description": null,
    "owner": [
      "admin"
    ],
    "uploaded_at": "2015-12-02T22:08:18.645Z",
    "modified_at": "2015-12-02T22:08:39.612Z",
    "is_public": true
  }
},
{
  "model": "filer.file",
  "pk": 54,
  "fields": {
    "polymorphic_ctype": [
      "filer",
      "image"
    ],
    "folder": 3,
    "file": "filer_public/4d/1e/4d1e5599-5275-42c8-aa9c-37d35e856da4/nexus-4-side.png",
    "_file_size": 12394,
    "sha1": "a3ba499fdfbfdf7e37c241587809d83f36718176",
    "has_all_mandatory_data": false,
    "original_filename": "Nexus-4-side.png",
    "name": "",
    "description": null,
    "owner": [
      "admin"
    ],
    "uploaded_at": "2015-12-02T22:08:26.664Z",
    "modified_at": "2015-12-02T22:08:39.626Z",
    "is_public": true
  }
},
{
  "model": "filer.file",
  "pk": 55,
  "fields": {
    "polymorphic_ctype": [
      "filer",
      "image"
    ],
    "folder": 3,
    "file": "filer_public/8a/85/8a855334-4cce-48a2-94bd-89219a9dc3a5/nexus-4-back.png",
    "_file_size": 61066,
    "sha1": "60da97e41e9d17fc0aa827aa3ce5093dc00f4374",
    "has_all_mandatory_data": false,
    "original_filename": "Nexus-4-back.png",
    "name": "",
    "description": null,
    "owner": [
      "admin"
    ],
    "uploaded_at": "2015-12-02T22:08:32.242Z",
    "modified_at": "2015-12-02T22:08:39.638Z",
    "is_public": true
  }
},
{
  "model": "filer.file",
  "pk": 56,
  "fields": {
    "polymorphic_ctype": [
      "filer",
      "image"
    ],
    "folder": 2,
    "file": "filer_public/fb/b2/fbb280d7-a8c8-4a4e-b80c-49ed886a4369/highendurance_microsdhc_c10_32gb-retina.png",
    "_file_size": 114459,
    "sha1": "4a2b030d753d717e566ccc8150f04465adbd0477",
    "has_all_mandatory_data": false,
    "original_filename": "HighEndurance_microSDHC_C10_32GB-retina.png",
    "name": "",
    "description": null,
    "owner": [
      "admin"
    ],
    "uploaded_at": "2015-12-03T11:16:26.324Z",
    "modified_at": "2015-12-03T11:16:39.954Z",
    "is_public": true
  }
},
{
  "model": "filer.file",
  "pk": 57,
  "fields": {
    "polymorphic_ctype": [
      "filer",
      "image"
    ],
    "folder": 2,
    "file": "filer_public/e6/7c/e67c6c43-4ed3-4389-a99e-526ef2054e5a/highendurance_microsdxc_c10_64gb-retina.png",
    "_file_size": 116994,
    "sha1": "77d4cab457bef125957ddd866ca3cd788c177e64",
    "has_all_mandatory_data": false,
    "original_filename": "HighEndurance_microSDXC_C10_64GB-retina.png",
    "name": "",
    "description": null,
    "owner": [
      "admin"
    ],
    "uploaded_at": "2015-12-03T11:16:31.457Z",
    "modified_at": "2015-12-03T11:16:39.967Z",
    "is_public": true
  }
},
{
  "model": "filer.file",
  "pk": 58,
  "fields": {
    "polymorphic_ctype": [
      "filer",
      "image"
    ],
    "folder": 3,
    "file": "filer_public/75/a8/75a89318-9f9e-4f76-9308-ccd0aa48efa8/galaxy-s6-active-1.jpg",
    "_file_size": 128330,
    "sha1": "e1538c7b6ecf4b2c5f10b6b8251593910fb714df",
    "has_all_mandatory_data": false,
    "original_filename": "Galaxy-S6-Active-1.jpg",
    "name": "",
    "description": null,
    "owner": [
      "admin"
    ],
    "uploaded_at": "2015-12-03T15:46:43.056Z",
    "modified_at": "2015-12-03T15:47:14.360Z",
    "is_public": true
  }
},
{
  "model": "filer.file",
  "pk": 59,
  "fields": {
    "polymorphic_ctype": [
      "filer",
      "image"
    ],
    "folder": 3,
    "file": "filer_public/b7/d8/b7d8bb7f-4a4b-4c70-8bb2-cd5b535aec04/galaxy-s6-active-2.jpg",
    "_file_size": 109284,
    "sha1": "1c6f68b0eb0dffb01da6165d93faa070f3864415",
    "has_all_mandatory_data": false,
    "original_filename": "Galaxy-S6-Active-2.jpg",
    "name": "",
    "description": null,
    "owner": [
      "admin"
    ],
    "uploaded_at": "2015-12-03T15:46:47.292Z",
    "modified_at": "2015-12-03T15:47:14.380Z",
    "is_public": true
  }
},
{
  "model": "filer.file",
  "pk": 60,
  "fields": {
    "polymorphic_ctype": [
      "filer",
      "image"
    ],
    "folder": 3,
    "file": "filer_public/da/2a/da2afdff-c84f-405e-ac4c-e1921e2248d3/galaxy-s6-active-3.jpg",
    "_file_size": 120640,
    "sha1": "958fa31892d93e11572f1dd4f4ec97d844f6c050",
    "has_all_mandatory_data": false,
    "original_filename": "Galaxy-S6-Active-3.jpg",
    "name": "",
    "description": null,
    "owner": [
      "admin"
    ],
    "uploaded_at": "2015-12-03T15:46:52.170Z",
    "modified_at": "2015-12-03T15:47:14.395Z",
    "is_public": true
  }
},
{
  "model": "filer.file",
  "pk": 61,
  "fields": {
    "polymorphic_ctype": [
      "filer",
      "image"
    ],
    "folder": 3,
    "file": "filer_public/17/d2/17d2b973-3ee3-448f-b357-7dcd97ef314b/galaxy-s6-active-4.jpg",
    "_file_size": 121766,
    "sha1": "f82a2e6916bb02f108c46a0a4270ae8d77f788ad",
    "has_all_mandatory_data": false,
    "original_filename": "Galaxy-S6-Active-4.jpg",
    "name": "",
    "description": null,
    "owner": [
      "admin"
    ],
    "uploaded_at": "2015-12-03T15:46:56.375Z",
    "modified_at": "2015-12-03T15:47:14.414Z",
    "is_public": true
  }
},
{
  "model": "filer.file",
  "pk": 62,
  "fields": {
    "polymorphic_ctype": [
      "filer",
      "image"
    ],
    "folder": 3,
    "file": "filer_public/34/00/3400176e-1c1f-4d76-96a7-a913dd5d0c36/galaxy-s6-active-5.jpg",
    "_file_size": 21030,
    "sha1": "15a4e2bfb89dafe375d800a477f766bdae50f058",
    "has_all_mandatory_data": false,
    "original_filename": "Galaxy-S6-Active-5.jpg",
    "name": "",
    "description": null,
    "owner": [
      "admin"
    ],
    "uploaded_at": "2015-12-03T15:47:01.072Z",
    "modified_at": "2015-12-03T15:47:14.432Z",
    "is_public": true
  }
},
{
  "model": "filer.file",
  "pk": 63,
  "fields": {
    "polymorphic_ctype": [
      "filer",
      "image"
    ],
    "folder": 3,
    "file": "filer_public/14/9b/149bba99-2578-4d44-b2e0-24575e4057f1/galaxy-s6-active-6.jpg",
    "_file_size": 22499,
    "sha1": "d4f02003be82919e31b3079af8e18ffbb792d553",
    "has_all_mandatory_data": false,
    "original_filename": "Galaxy-S6-Active-6.jpg",
    "name": "",
    "description": null,
    "owner": [
      "admin"
    ],
    "uploaded_at": "2015-12-03T15:47:05.916Z",
    "modified_at": "2015-12-03T15:47:14.448Z",
    "is_public": true
  }
},
{
  "model": "filer.file",
  "pk": 64,
  "fields": {
    "polymorphic_ctype": [
      "filer",
      "image"
    ],
    "folder": 3,
    "file": "filer_public/61/93/6193feb1-a694-435c-9756-fb3045944142/sony-xperia-tl.png",
    "_file_size": 82426,
    "sha1": "5a972bec66b32fb7f6375a1982fa141237a2ae1e",
    "has_all_mandatory_data": false,
    "original_filename": "Sony-xperia-tl.png",
    "name": "",
    "description": null,
    "owner": [
      "admin"
    ],
    "uploaded_at": "2015-12-03T16:17:04.868Z",
    "modified_at": "2015-12-03T16:17:12.616Z",
    "is_public": true
  }
},
{
  "model": "filer.file",
  "pk": 65,
  "fields": {
    "polymorphic_ctype": [
      "filer",
      "image"
    ],
    "folder": null,
    "file": "filer_public/4b/ca/4bca5259-4913-4c94-bf27-d440b659cec8/htc-evo-design-4g-front.png",
    "_file_size": 61803,
    "sha1": "1febc00666cd9f6112e5f2438e4b2129a94ec0d9",
    "has_all_mandatory_data": false,
    "original_filename": "htc-evo-design-4g-front.png",
    "name": "",
    "description": null,
    "owner": [
      "admin"
    ],
    "uploaded_at": "2015-12-03T16:20:30.853Z",
    "modified_at": "2015-12-03T16:20:30.853Z",
    "is_public": true
  }
},
{
  "model": "filer.file",
  "pk": 66,
  "fields": {
    "polymorphic_ctype": [
      "filer",
      "image"
    ],
    "folder": null,
    "file": "filer_public/19/42/1942fd7d-dec4-45a3-b5d0-39fba4b63b5c/htc-evo-design-4g-front.png",
    "_file_size": 61803,
    "sha1": "1febc00666cd9f6112e5f2438e4b2129a94ec0d9",
    "has_all_mandatory_data": false,
    "original_filename": "htc-evo-design-4g-front.png",
    "name": "",
    "description": null,
    "owner": [
      "admin"
    ],
    "uploaded_at": "2015-12-03T16:20:36.237Z",
    "modified_at": "2015-12-03T16:20:36.237Z",
    "is_public": true
  }
},
{
  "model": "filer.file",
  "pk": 67,
  "fields": {
    "polymorphic_ctype": [
      "filer",
      "image"
    ],
    "folder": 3,
    "file": "filer_public/b0/f2/b0f2d986-9ffe-4468-a6d1-41173ad99248/htc-evo-design-4g-front.png",
    "_file_size": 61803,
    "sha1": "1febc00666cd9f6112e5f2438e4b2129a94ec0d9",
    "has_all_mandatory_data": false,
    "original_filename": "htc-evo-design-4g-front.png",
    "name": "",
    "description": null,
    "owner": [
      "admin"
    ],
    "uploaded_at": "2015-12-03T16:20:51.106Z",
    "modified_at": "2015-12-03T16:21:04.511Z",
    "is_public": true
  }
},
{
  "model": "filer.file",
  "pk": 68,
  "fields": {
    "polymorphic_ctype": [
      "filer",
      "image"
    ],
    "folder": 3,
    "file": "filer_public/74/e1/74e1e8a0-890a-4eba-bac1-8a35cb74bdb8/htc-evo-design-4g-back.png",
    "_file_size": 51429,
    "sha1": "b663f062c8f4f1889f6954792506122f938bab5b",
    "has_all_mandatory_data": false,
    "original_filename": "htc-evo-design-4g-back.png",
    "name": "",
    "description": null,
    "owner": [
      "admin"
    ],
    "uploaded_at": "2015-12-03T16:20:56.688Z",
    "modified_at": "2015-12-03T16:21:04.526Z",
    "is_public": true
  }
},
{
  "model": "filer.file",
  "pk": 77,
  "fields": {
    "polymorphic_ctype": [
      "filer",
      "image"
    ],
    "folder": 3,
    "file": "filer_public/53/e9/53e9ed7b-061c-46ea-9030-6547c200241c/apple-iphone5-w1.jpg",
    "_file_size": 233944,
    "sha1": "55fe6944cbe49bd2a59018e547f227656bca1c0f",
    "has_all_mandatory_data": false,
    "original_filename": "apple-iphone5-w1.jpg",
    "name": "",
    "description": null,
    "owner": [
      "admin"
    ],
    "uploaded_at": "2015-12-04T10:51:58.712Z",
    "modified_at": "2015-12-04T10:52:15.487Z",
    "is_public": true
  }
},
{
  "model": "filer.file",
  "pk": 78,
  "fields": {
    "polymorphic_ctype": [
      "filer",
      "image"
    ],
    "folder": 3,
    "file": "filer_public/b7/56/b7562747-39f2-435b-9cf1-70699de203f6/apple-iphone5-w2.jpg",
    "_file_size": 120576,
    "sha1": "cb153dae599550d11ee77f18963a7cb38720b3a5",
    "has_all_mandatory_data": false,
    "original_filename": "apple-iphone5-w2.jpg",
    "name": "",
    "description": null,
    "owner": [
      "admin"
    ],
    "uploaded_at": "2015-12-04T10:52:05.963Z",
    "modified_at": "2015-12-04T10:52:15.505Z",
    "is_public": true
  }
},
{
  "model": "filer.file",
  "pk": 79,
  "fields": {
    "polymorphic_ctype": [
      "filer",
      "image"
    ],
    "folder": 3,
    "file": "filer_public/2a/4f/2a4f5ccf-fb07-4941-a1e6-9d67f45308a2/motorola-atrix-4g0.jpg",
    "_file_size": 23174,
    "sha1": "9d58be944b1ad0de6dd3bfbc2e73603830537d97",
    "has_all_mandatory_data": false,
    "original_filename": "motorola-atrix-4g.0.jpg",
    "name": "",
    "description": null,
    "owner": [
      "admin"
    ],
    "uploaded_at": "2015-12-04T10:58:49.329Z",
    "modified_at": "2015-12-04T10:59:18.677Z",
    "is_public": true
  }
},
{
  "model": "filer.file",
  "pk": 80,
  "fields": {
    "polymorphic_ctype": [
      "filer",
      "image"
    ],
    "folder": 3,
    "file": "filer_public/87/93/8793bdfd-2e58-445a-8bce-9c928e987d6e/motorola-atrix-4g1.jpg",
    "_file_size": 16530,
    "sha1": "c3b9a5004c474b42fb1483a24983db456e1e2038",
    "has_all_mandatory_data": false,
    "original_filename": "motorola-atrix-4g.1.jpg",
    "name": "",
    "description": null,
    "owner": [
      "admin"
    ],
    "uploaded_at": "2015-12-04T10:58:55.994Z",
    "modified_at": "2015-12-04T10:59:18.693Z",
    "is_public": true
  }
},
{
  "model": "filer.file",
  "pk": 81,
  "fields": {
    "polymorphic_ctype": [
      "filer",
      "image"
    ],
    "folder": 3,
    "file": "filer_public/2e/04/2e049bff-5d51-485d-becb-e83069e92161/motorola-atrix-4g2.jpg",
    "_file_size": 23788,
    "sha1": "5a318b90f8a091b1601e009a5bcaf556d1bc238a",
    "has_all_mandatory_data": false,
    "original_filename": "motorola-atrix-4g.2.jpg",
    "name": "",
    "description": null,
    "owner": [
      "admin"
    ],
    "uploaded_at": "2015-12-04T10:59:03.699Z",
    "modified_at": "2015-12-04T10:59:18.707Z",
    "is_public": true
  }
},
{
  "model": "filer.file",
  "pk": 82,
  "fields": {
    "polymorphic_ctype": [
      "filer",
      "image"
    ],
    "folder": 3,
    "file": "filer_public/30/ec/30ecd4fd-dcdd-4d4d-9d61-d7358b3020bb/motorola-atrix-4g3.jpg",
    "_file_size": 19553,
    "sha1": "4ff2578c44c4faaba918061cd8d6b4f5fc8358bd",
    "has_all_mandatory_data": false,
    "original_filename": "motorola-atrix-4g.3.jpg",
    "name": "",
    "description": null,
    "owner": [
      "admin"
    ],
    "uploaded_at": "2015-12-04T10:59:10.019Z",
    "modified_at": "2015-12-04T10:59:18.723Z",
    "is_public": true
  }
},
{
  "model": "filer.file",
  "pk": 83,
  "fields": {
    "polymorphic_ctype": [
      "filer",
      "image"
    ],
    "folder": 1,
    "file": "filer_public/9e/a1/9ea174ca-5b15-4cf7-b98d-4f6ee2101769/handring.png",
    "_file_size": 367846,
    "sha1": "f8fa145e41342c21ba9585493db81ab530b2cf1d",
    "has_all_mandatory_data": false,
    "original_filename": "handring.png",
    "name": "",
    "description": null,
    "owner": [
      "admin"
    ],
    "uploaded_at": "2016-02-17T15:08:09.044Z",
    "modified_at": "2016-02-17T15:09:15.318Z",
    "is_public": true
  }
},
{
  "model": "filer.file",
  "pk": 84,
  "fields": {
    "polymorphic_ctype": [
      "filer",
      "image"
    ],
    "folder": 1,
    "file": "filer_public/c8/dd/c8dd20d5-da23-43ed-af6f-40c79a5ef722/wedding-dress.jpg",
    "_file_size": 433331,
    "sha1": "f8c1962b459f559e46d59565e4f970db327a794d",
    "has_all_mandatory_data": false,
    "original_filename": "wedding-dress.jpg",
    "name": "",
    "description": "",
    "owner": [
      "admin"
    ],
    "uploaded_at": "2016-02-17T15:09:01.665Z",
    "modified_at": "2016-02-17T15:24:19.637Z",
    "is_public": true
  }
},
{
  "model": "filer.file",
  "pk": 89,
  "fields": {
    "polymorphic_ctype": [
      "filer",
      "image"
    ],
    "folder": null,
    "file": "filer_public/01/b9/01b9c4a0-8462-4301-923a-8903c5b245b1/_mg_6656.jpg",
    "_file_size": 1040344,
    "sha1": "f28c416e728cbf1df4865f2a714ccf3d31ef6cb6",
    "has_all_mandatory_data": false,
    "original_filename": "_MG_6656=.jpg",
    "name": "",
    "description": null,
    "owner": [
      "admin"
    ],
    "uploaded_at": "2016-03-28T06:59:28.706Z",
    "modified_at": "2016-03-28T06:59:28.706Z",
    "is_public": true
  }
},
{
  "model": "filer.file",
  "pk": 90,
  "fields": {
    "polymorphic_ctype": [
      "filer",
      "image"
    ],
    "folder": null,
    "file": "filer_public/cd/ee/cdee64c5-a887-4237-bb1c-0286699c00b1/_mg_6649.jpg",
    "_file_size": 984848,
    "sha1": "65e69136418b7dcb559e27be8cc259e25fb40523",
    "has_all_mandatory_data": false,
    "original_filename": "_MG_6649+.jpg",
    "name": "",
    "description": null,
    "owner": [
      "admin"
    ],
    "uploaded_at": "2016-03-28T07:00:14.235Z",
    "modified_at": "2016-03-28T07:00:14.235Z",
    "is_public": true
  }
},
{
  "model": "filer.file",
  "pk": 91,
  "fields": {
    "polymorphic_ctype": [
      "filer",
      "image"
    ],
    "folder": null,
    "file": "filer_public/4c/e6/4ce62246-ec13-4cad-85eb-8c044b773bfb/_mg_6656.jpg",
    "_file_size": 1040344,
    "sha1": "f28c416e728cbf1df4865f2a714ccf3d31ef6cb6",
    "has_all_mandatory_data": false,
    "original_filename": "_MG_6656=.jpg",
    "name": "",
    "description": null,
    "owner": [
      "admin"
    ],
    "uploaded_at": "2016-03-28T07:01:05.477Z",
    "modified_at": "2016-03-28T07:01:05.477Z",
    "is_public": true
  }
},
{
  "model": "filer.file",
  "pk": 94,
  "fields": {
    "polymorphic_ctype": [
      "filer",
      "image"
    ],
    "folder": null,
    "file": "filer_public/6c/70/6c706112-dc42-4529-b7e9-548037ab3bf4/_mg_6612.jpg",
    "_file_size": 1079836,
    "sha1": "f0cf4883eba1682ef08e70b1fabeee581bc8d80b",
    "has_all_mandatory_data": false,
    "original_filename": "_MG_6612=.jpg",
    "name": "",
    "description": null,
    "owner": [
      "admin"
    ],
    "uploaded_at": "2016-04-02T12:53:23.524Z",
    "modified_at": "2016-04-02T12:53:23.524Z",
    "is_public": true
  }
},
{
  "model": "filer.image",
  "pk": 1,
  "fields": {
    "_height": 500,
    "_width": 485,
    "default_alt_text": null,
    "default_caption": null,
    "subject_location": "",
    "date_taken": "2015-11-25T17:33:34.787Z",
    "author": null,
    "must_always_publish_author_credit": false,
    "must_always_publish_copyright": false
  }
},
{
  "model": "filer.image",
  "pk": 2,
  "fields": {
    "_height": 500,
    "_width": 500,
    "default_alt_text": null,
    "default_caption": null,
    "subject_location": "",
    "date_taken": "2015-11-25T17:50:59.272Z",
    "author": null,
    "must_always_publish_author_credit": false,
    "must_always_publish_copyright": false
  }
},
{
  "model": "filer.image",
  "pk": 3,
  "fields": {
    "_height": 500,
    "_width": 500,
    "default_alt_text": null,
    "default_caption": null,
    "subject_location": "",
    "date_taken": "2015-11-25T17:51:00.072Z",
    "author": null,
    "must_always_publish_author_credit": false,
    "must_always_publish_copyright": false
  }
},
{
  "model": "filer.image",
  "pk": 5,
  "fields": {
    "_height": 500,
    "_width": 500,
    "default_alt_text": null,
    "default_caption": null,
    "subject_location": "",
    "date_taken": "2015-11-25T17:51:43.341Z",
    "author": null,
    "must_always_publish_author_credit": false,
    "must_always_publish_copyright": false
  }
},
{
  "model": "filer.image",
  "pk": 8,
  "fields": {
    "_height": 500,
    "_width": 500,
    "default_alt_text": null,
    "default_caption": null,
    "subject_location": "",
    "date_taken": "2015-11-25T23:02:04.130Z",
    "author": null,
    "must_always_publish_author_credit": false,
    "must_always_publish_copyright": false
  }
},
{
  "model": "filer.image",
  "pk": 9,
  "fields": {
    "_height": 500,
    "_width": 500,
    "default_alt_text": null,
    "default_caption": null,
    "subject_location": "",
    "date_taken": "2015-11-25T23:02:14.032Z",
    "author": null,
    "must_always_publish_author_credit": false,
    "must_always_publish_copyright": false
  }
},
{
  "model": "filer.image",
  "pk": 10,
  "fields": {
    "_height": 1000,
    "_width": 1000,
    "default_alt_text": null,
    "default_caption": null,
    "subject_location": "",
    "date_taken": "2015-11-25T23:02:18.721Z",
    "author": null,
    "must_always_publish_author_credit": false,
    "must_always_publish_copyright": false
  }
},
{
  "model": "filer.image",
  "pk": 11,
  "fields": {
    "_height": 1000,
    "_width": 1000,
    "default_alt_text": null,
    "default_caption": null,
    "subject_location": "",
    "date_taken": "2015-11-25T23:02:26.959Z",
    "author": null,
    "must_always_publish_author_credit": false,
    "must_always_publish_copyright": false
  }
},
{
  "model": "filer.image",
  "pk": 12,
  "fields": {
    "_height": 1000,
    "_width": 1000,
    "default_alt_text": null,
    "default_caption": null,
    "subject_location": "",
    "date_taken": "2015-11-25T23:02:35.941Z",
    "author": null,
    "must_always_publish_author_credit": false,
    "must_always_publish_copyright": false
  }
},
{
  "model": "filer.image",
  "pk": 13,
  "fields": {
    "_height": 1000,
    "_width": 1000,
    "default_alt_text": null,
    "default_caption": null,
    "subject_location": "",
    "date_taken": "2015-11-25T23:02:41.851Z",
    "author": null,
    "must_always_publish_author_credit": false,
    "must_always_publish_copyright": false
  }
},
{
  "model": "filer.image",
  "pk": 14,
  "fields": {
    "_height": 1000,
    "_width": 1000,
    "default_alt_text": null,
    "default_caption": null,
    "subject_location": "",
    "date_taken": "2015-11-25T23:02:47.944Z",
    "author": null,
    "must_always_publish_author_credit": false,
    "must_always_publish_copyright": false
  }
},
{
  "model": "filer.image",
  "pk": 15,
  "fields": {
    "_height": 1000,
    "_width": 1000,
    "default_alt_text": null,
    "default_caption": null,
    "subject_location": "",
    "date_taken": "2015-11-25T23:02:57.546Z",
    "author": null,
    "must_always_publish_author_credit": false,
    "must_always_publish_copyright": false
  }
},
{
  "model": "filer.image",
  "pk": 16,
  "fields": {
    "_height": 1000,
    "_width": 1000,
    "default_alt_text": null,
    "default_caption": null,
    "subject_location": "",
    "date_taken": "2015-11-25T23:03:03.189Z",
    "author": null,
    "must_always_publish_author_credit": false,
    "must_always_publish_copyright": false
  }
},
{
  "model": "filer.image",
  "pk": 17,
  "fields": {
    "_height": 1000,
    "_width": 1000,
    "default_alt_text": null,
    "default_caption": null,
    "subject_location": "",
    "date_taken": "2015-11-25T23:03:09.894Z",
    "author": null,
    "must_always_publish_author_credit": false,
    "must_always_publish_copyright": false
  }
},
{
  "model": "filer.image",
  "pk": 18,
  "fields": {
    "_height": 1000,
    "_width": 1000,
    "default_alt_text": null,
    "default_caption": null,
    "subject_location": "",
    "date_taken": "2015-11-25T23:03:14.989Z",
    "author": null,
    "must_always_publish_author_credit": false,
    "must_always_publish_copyright": false
  }
},
{
  "model": "filer.image",
  "pk": 19,
  "fields": {
    "_height": 1000,
    "_width": 1000,
    "default_alt_text": null,
    "default_caption": null,
    "subject_location": "",
    "date_taken": "2015-11-25T23:03:25.827Z",
    "author": null,
    "must_always_publish_author_credit": false,
    "must_always_publish_copyright": false
  }
},
{
  "model": "filer.image",
  "pk": 20,
  "fields": {
    "_height": 1000,
    "_width": 1000,
    "default_alt_text": null,
    "default_caption": null,
    "subject_location": "",
    "date_taken": "2015-11-25T23:03:31.576Z",
    "author": null,
    "must_always_publish_author_credit": false,
    "must_always_publish_copyright": false
  }
},
{
  "model": "filer.image",
  "pk": 21,
  "fields": {
    "_height": 1000,
    "_width": 1000,
    "default_alt_text": null,
    "default_caption": null,
    "subject_location": "",
    "date_taken": "2015-11-25T23:03:36.924Z",
    "author": null,
    "must_always_publish_author_credit": false,
    "must_always_publish_copyright": false
  }
},
{
  "model": "filer.image",
  "pk": 22,
  "fields": {
    "_height": 1000,
    "_width": 1000,
    "default_alt_text": null,
    "default_caption": null,
    "subject_location": "",
    "date_taken": "2015-11-25T23:04:41.770Z",
    "author": null,
    "must_always_publish_author_credit": false,
    "must_always_publish_copyright": false
  }
},
{
  "model": "filer.image",
  "pk": 23,
  "fields": {
    "_height": 1000,
    "_width": 1000,
    "default_alt_text": null,
    "default_caption": null,
    "subject_location": "",
    "date_taken": "2015-11-25T23:04:54.673Z",
    "author": null,
    "must_always_publish_author_credit": false,
    "must_always_publish_copyright": false
  }
},
{
  "model": "filer.image",
  "pk": 24,
  "fields": {
    "_height": 1000,
    "_width": 1000,
    "default_alt_text": null,
    "default_caption": null,
    "subject_location": "",
    "date_taken": "2015-11-25T23:05:09.490Z",
    "author": null,
    "must_always_publish_author_credit": false,
    "must_always_publish_copyright": false
  }
},
{
  "model": "filer.image",
  "pk": 25,
  "fields": {
    "_height": 1000,
    "_width": 1000,
    "default_alt_text": null,
    "default_caption": null,
    "subject_location": "",
    "date_taken": "2015-11-25T23:05:20.877Z",
    "author": null,
    "must_always_publish_author_credit": false,
    "must_always_publish_copyright": false
  }
},
{
  "model": "filer.image",
  "pk": 26,
  "fields": {
    "_height": 1000,
    "_width": 1000,
    "default_alt_text": "",
    "default_caption": "",
    "subject_location": "",
    "date_taken": "2015-11-25T23:05:29.865Z",
    "author": "",
    "must_always_publish_author_credit": false,
    "must_always_publish_copyright": false
  }
},
{
  "model": "filer.image",
  "pk": 27,
  "fields": {
    "_height": 1000,
    "_width": 1000,
    "default_alt_text": null,
    "default_caption": null,
    "subject_location": "",
    "date_taken": "2015-11-25T23:05:36.910Z",
    "author": null,
    "must_always_publish_author_credit": false,
    "must_always_publish_copyright": false
  }
},
{
  "model": "filer.image",
  "pk": 28,
  "fields": {
    "_height": 1000,
    "_width": 1000,
    "default_alt_text": null,
    "default_caption": null,
    "subject_location": "",
    "date_taken": "2015-11-25T23:05:45.357Z",
    "author": null,
    "must_always_publish_author_credit": false,
    "must_always_publish_copyright": false
  }
},
{
  "model": "filer.image",
  "pk": 29,
  "fields": {
    "_height": 1000,
    "_width": 1000,
    "default_alt_text": null,
    "default_caption": null,
    "subject_location": "",
    "date_taken": "2015-11-25T23:05:51.418Z",
    "author": null,
    "must_always_publish_author_credit": false,
    "must_always_publish_copyright": false
  }
},
{
  "model": "filer.image",
  "pk": 30,
  "fields": {
    "_height": 1000,
    "_width": 1000,
    "default_alt_text": null,
    "default_caption": null,
    "subject_location": "",
    "date_taken": "2015-11-25T23:06:27.719Z",
    "author": null,
    "must_always_publish_author_credit": false,
    "must_always_publish_copyright": false
  }
},
{
  "model": "filer.image",
  "pk": 31,
  "fields": {
    "_height": 1000,
    "_width": 1000,
    "default_alt_text": null,
    "default_caption": null,
    "subject_location": "",
    "date_taken": "2015-11-25T23:06:32.642Z",
    "author": null,
    "must_always_publish_author_credit": false,
    "must_always_publish_copyright": false
  }
},
{
  "model": "filer.image",
  "pk": 32,
  "fields": {
    "_height": 1000,
    "_width": 1000,
    "default_alt_text": null,
    "default_caption": null,
    "subject_location": "",
    "date_taken": "2015-11-25T23:06:36.921Z",
    "author": null,
    "must_always_publish_author_credit": false,
    "must_always_publish_copyright": false
  }
},
{
  "model": "filer.image",
  "pk": 33,
  "fields": {
    "_height": 500,
    "_width": 500,
    "default_alt_text": null,
    "default_caption": null,
    "subject_location": "",
    "date_taken": "2015-11-25T23:06:43.248Z",
    "author": null,
    "must_always_publish_author_credit": false,
    "must_always_publish_copyright": false
  }
},
{
  "model": "filer.image",
  "pk": 34,
  "fields": {
    "_height": 500,
    "_width": 500,
    "default_alt_text": null,
    "default_caption": null,
    "subject_location": "",
    "date_taken": "2015-11-25T23:06:48.795Z",
    "author": null,
    "must_always_publish_author_credit": false,
    "must_always_publish_copyright": false
  }
},
{
  "model": "filer.image",
  "pk": 35,
  "fields": {
    "_height": 1000,
    "_width": 1000,
    "default_alt_text": null,
    "default_caption": null,
    "subject_location": "",
    "date_taken": "2015-11-25T23:07:05.029Z",
    "author": null,
    "must_always_publish_author_credit": false,
    "must_always_publish_copyright": false
  }
},
{
  "model": "filer.image",
  "pk": 36,
  "fields": {
    "_height": 1000,
    "_width": 1000,
    "default_alt_text": null,
    "default_caption": null,
    "subject_location": "",
    "date_taken": "2015-11-25T23:07:47.574Z",
    "author": null,
    "must_always_publish_author_credit": false,
    "must_always_publish_copyright": false
  }
},
{
  "model": "filer.image",
  "pk": 37,
  "fields": {
    "_height": 500,
    "_width": 500,
    "default_alt_text": "",
    "default_caption": "",
    "subject_location": "",
    "date_taken": "2015-11-25T23:07:52.677Z",
    "author": "",
    "must_always_publish_author_credit": false,
    "must_always_publish_copyright": false
  }
},
{
  "model": "filer.image",
  "pk": 38,
  "fields": {
    "_height": 500,
    "_width": 500,
    "default_alt_text": null,
    "default_caption": null,
    "subject_location": "",
    "date_taken": "2015-11-25T23:08:17.324Z",
    "author": null,
    "must_always_publish_author_credit": false,
    "must_always_publish_copyright": false
  }
},
{
  "model": "filer.image",
  "pk": 39,
  "fields": {
    "_height": 500,
    "_width": 500,
    "default_alt_text": null,
    "default_caption": null,
    "subject_location": "",
    "date_taken": "2015-11-25T23:08:22.358Z",
    "author": null,
    "must_always_publish_author_credit": false,
    "must_always_publish_copyright": false
  }
},
{
  "model": "filer.image",
  "pk": 40,
  "fields": {
    "_height": 500,
    "_width": 500,
    "default_alt_text": null,
    "default_caption": null,
    "subject_location": "",
    "date_taken": "2015-11-25T23:08:27.308Z",
    "author": null,
    "must_always_publish_author_credit": false,
    "must_always_publish_copyright": false
  }
},
{
  "model": "filer.image",
  "pk": 41,
  "fields": {
    "_height": 500,
    "_width": 500,
    "default_alt_text": null,
    "default_caption": null,
    "subject_location": "",
    "date_taken": "2015-11-25T23:08:32.639Z",
    "author": null,
    "must_always_publish_author_credit": false,
    "must_always_publish_copyright": false
  }
},
{
  "model": "filer.image",
  "pk": 42,
  "fields": {
    "_height": 500,
    "_width": 500,
    "default_alt_text": null,
    "default_caption": null,
    "subject_location": "",
    "date_taken": "2015-11-25T23:08:38.196Z",
    "author": null,
    "must_always_publish_author_credit": false,
    "must_always_publish_copyright": false
  }
},
{
  "model": "filer.image",
  "pk": 43,
  "fields": {
    "_height": 500,
    "_width": 500,
    "default_alt_text": null,
    "default_caption": null,
    "subject_location": "",
    "date_taken": "2015-11-25T23:08:42.925Z",
    "author": null,
    "must_always_publish_author_credit": false,
    "must_always_publish_copyright": false
  }
},
{
  "model": "filer.image",
  "pk": 44,
  "fields": {
    "_height": 500,
    "_width": 500,
    "default_alt_text": null,
    "default_caption": null,
    "subject_location": "",
    "date_taken": "2015-11-26T23:09:13.267Z",
    "author": null,
    "must_always_publish_author_credit": false,
    "must_always_publish_copyright": false
  }
},
{
  "model": "filer.image",
  "pk": 45,
  "fields": {
    "_height": 500,
    "_width": 500,
    "default_alt_text": null,
    "default_caption": null,
    "subject_location": "",
    "date_taken": "2015-11-27T22:31:29.758Z",
    "author": null,
    "must_always_publish_author_credit": false,
    "must_always_publish_copyright": false
  }
},
{
  "model": "filer.image",
  "pk": 46,
  "fields": {
    "_height": 500,
    "_width": 500,
    "default_alt_text": null,
    "default_caption": null,
    "subject_location": "",
    "date_taken": "2015-11-27T22:39:42.726Z",
    "author": null,
    "must_always_publish_author_credit": false,
    "must_always_publish_copyright": false
  }
},
{
  "model": "filer.image",
  "pk": 47,
  "fields": {
    "_height": 500,
    "_width": 500,
    "default_alt_text": null,
    "default_caption": null,
    "subject_location": "",
    "date_taken": "2015-11-27T22:41:10.997Z",
    "author": null,
    "must_always_publish_author_credit": false,
    "must_always_publish_copyright": false
  }
},
{
  "model": "filer.image",
  "pk": 48,
  "fields": {
    "_height": 400,
    "_width": 400,
    "default_alt_text": null,
    "default_caption": null,
    "subject_location": "",
    "date_taken": "2015-12-02T20:55:07.026Z",
    "author": null,
    "must_always_publish_author_credit": false,
    "must_always_publish_copyright": false
  }
},
{
  "model": "filer.image",
  "pk": 49,
  "fields": {
    "_height": 400,
    "_width": 400,
    "default_alt_text": null,
    "default_caption": null,
    "subject_location": "",
    "date_taken": "2015-12-02T20:55:17.546Z",
    "author": null,
    "must_always_publish_author_credit": false,
    "must_always_publish_copyright": false
  }
},
{
  "model": "filer.image",
  "pk": 50,
  "fields": {
    "_height": 400,
    "_width": 400,
    "default_alt_text": null,
    "default_caption": null,
    "subject_location": "",
    "date_taken": "2015-12-02T20:55:34.460Z",
    "author": null,
    "must_always_publish_author_credit": false,
    "must_always_publish_copyright": false
  }
},
{
  "model": "filer.image",
  "pk": 51,
  "fields": {
    "_height": 400,
    "_width": 400,
    "default_alt_text": null,
    "default_caption": null,
    "subject_location": "",
    "date_taken": "2015-12-02T20:55:40.183Z",
    "author": null,
    "must_always_publish_author_credit": false,
    "must_always_publish_copyright": false
  }
},
{
  "model": "filer.image",
  "pk": 52,
  "fields": {
    "_height": 400,
    "_width": 400,
    "default_alt_text": null,
    "default_caption": null,
    "subject_location": "",
    "date_taken": "2015-12-02T22:08:12.504Z",
    "author": null,
    "must_always_publish_author_credit": false,
    "must_always_publish_copyright": false
  }
},
{
  "model": "filer.image",
  "pk": 53,
  "fields": {
    "_height": 400,
    "_width": 400,
    "default_alt_text": null,
    "default_caption": null,
    "subject_location": "",
    "date_taken": "2015-12-02T22:08:18.628Z",
    "author": null,
    "must_always_publish_author_credit": false,
    "must_always_publish_copyright": false
  }
},
{
  "model": "filer.image",
  "pk": 54,
  "fields": {
    "_height": 400,
    "_width": 400,
    "default_alt_text": null,
    "default_caption": null,
    "subject_location": "",
    "date_taken": "2015-12-02T22:08:26.653Z",
    "author": null,
    "must_always_publish_author_credit": false,
    "must_always_publish_copyright": false
  }
},
{
  "model": "filer.image",
  "pk": 55,
  "fields": {
    "_height": 400,
    "_width": 400,
    "default_alt_text": null,
    "default_caption": null,
    "subject_location": "",
    "date_taken": "2015-12-02T22:08:32.232Z",
    "author": null,
    "must_always_publish_author_credit": false,
    "must_always_publish_copyright": false
  }
},
{
  "model": "filer.image",
  "pk": 56,
  "fields": {
    "_height": 1000,
    "_width": 1000,
    "default_alt_text": null,
    "default_caption": null,
    "subject_location": "",
    "date_taken": "2015-12-03T11:16:26.311Z",
    "author": null,
    "must_always_publish_author_credit": false,
    "must_always_publish_copyright": false
  }
},
{
  "model": "filer.image",
  "pk": 57,
  "fields": {
    "_height": 1000,
    "_width": 1000,
    "default_alt_text": null,
    "default_caption": null,
    "subject_location": "",
    "date_taken": "2015-12-03T11:16:31.439Z",
    "author": null,
    "must_always_publish_author_credit": false,
    "must_always_publish_copyright": false
  }
},
{
  "model": "filer.image",
  "pk": 58,
  "fields": {
    "_height": 600,
    "_width": 600,
    "default_alt_text": null,
    "default_caption": null,
    "subject_location": "",
    "date_taken": "2015-12-03T15:46:43.045Z",
    "author": null,
    "must_always_publish_author_credit": false,
    "must_always_publish_copyright": false
  }
},
{
  "model": "filer.image",
  "pk": 59,
  "fields": {
    "_height": 600,
    "_width": 600,
    "default_alt_text": null,
    "default_caption": null,
    "subject_location": "",
    "date_taken": "2015-12-03T15:46:47.270Z",
    "author": null,
    "must_always_publish_author_credit": false,
    "must_always_publish_copyright": false
  }
},
{
  "model": "filer.image",
  "pk": 60,
  "fields": {
    "_height": 600,
    "_width": 600,
    "default_alt_text": null,
    "default_caption": null,
    "subject_location": "",
    "date_taken": "2015-12-03T15:46:52.159Z",
    "author": null,
    "must_always_publish_author_credit": false,
    "must_always_publish_copyright": false
  }
},
{
  "model": "filer.image",
  "pk": 61,
  "fields": {
    "_height": 600,
    "_width": 600,
    "default_alt_text": null,
    "default_caption": null,
    "subject_location": "",
    "date_taken": "2015-12-03T15:46:56.357Z",
    "author": null,
    "must_always_publish_author_credit": false,
    "must_always_publish_copyright": false
  }
},
{
  "model": "filer.image",
  "pk": 62,
  "fields": {
    "_height": 600,
    "_width": 600,
    "default_alt_text": null,
    "default_caption": null,
    "subject_location": "",
    "date_taken": "2015-12-03T15:47:01.061Z",
    "author": null,
    "must_always_publish_author_credit": false,
    "must_always_publish_copyright": false
  }
},
{
  "model": "filer.image",
  "pk": 63,
  "fields": {
    "_height": 600,
    "_width": 600,
    "default_alt_text": null,
    "default_caption": null,
    "subject_location": "",
    "date_taken": "2015-12-03T15:47:05.905Z",
    "author": null,
    "must_always_publish_author_credit": false,
    "must_always_publish_copyright": false
  }
},
{
  "model": "filer.image",
  "pk": 64,
  "fields": {
    "_height": 400,
    "_width": 400,
    "default_alt_text": null,
    "default_caption": null,
    "subject_location": "",
    "date_taken": "2015-12-03T16:17:04.856Z",
    "author": null,
    "must_always_publish_author_credit": false,
    "must_always_publish_copyright": false
  }
},
{
  "model": "filer.image",
  "pk": 65,
  "fields": {
    "_height": 400,
    "_width": 400,
    "default_alt_text": null,
    "default_caption": null,
    "subject_location": "",
    "date_taken": "2015-12-03T16:20:30.844Z",
    "author": null,
    "must_always_publish_author_credit": false,
    "must_always_publish_copyright": false
  }
},
{
  "model": "filer.image",
  "pk": 66,
  "fields": {
    "_height": 400,
    "_width": 400,
    "default_alt_text": null,
    "default_caption": null,
    "subject_location": "",
    "date_taken": "2015-12-03T16:20:36.222Z",
    "author": null,
    "must_always_publish_author_credit": false,
    "must_always_publish_copyright": false
  }
},
{
  "model": "filer.image",
  "pk": 67,
  "fields": {
    "_height": 400,
    "_width": 400,
    "default_alt_text": null,
    "default_caption": null,
    "subject_location": "",
    "date_taken": "2015-12-03T16:20:51.097Z",
    "author": null,
    "must_always_publish_author_credit": false,
    "must_always_publish_copyright": false
  }
},
{
  "model": "filer.image",
  "pk": 68,
  "fields": {
    "_height": 400,
    "_width": 400,
    "default_alt_text": null,
    "default_caption": null,
    "subject_location": "",
    "date_taken": "2015-12-03T16:20:56.675Z",
    "author": null,
    "must_always_publish_author_credit": false,
    "must_always_publish_copyright": false
  }
},
{
  "model": "filer.image",
  "pk": 77,
  "fields": {
    "_height": 1473,
    "_width": 1499,
    "default_alt_text": null,
    "default_caption": null,
    "subject_location": "",
    "date_taken": "2015-12-04T10:51:58.699Z",
    "author": null,
    "must_always_publish_author_credit": false,
    "must_always_publish_copyright": false
  }
},
{
  "model": "filer.image",
  "pk": 78,
  "fields": {
    "_height": 1473,
    "_width": 1499,
    "default_alt_text": null,
    "default_caption": null,
    "subject_location": "",
    "date_taken": "2015-12-04T10:52:05.953Z",
    "author": null,
    "must_always_publish_author_credit": false,
    "must_always_publish_copyright": false
  }
},
{
  "model": "filer.image",
  "pk": 79,
  "fields": {
    "_height": 393,
    "_width": 400,
    "default_alt_text": null,
    "default_caption": null,
    "subject_location": "",
    "date_taken": "2015-12-04T10:58:49.317Z",
    "author": null,
    "must_always_publish_author_credit": false,
    "must_always_publish_copyright": false
  }
},
{
  "model": "filer.image",
  "pk": 80,
  "fields": {
    "_height": 393,
    "_width": 400,
    "default_alt_text": null,
    "default_caption": null,
    "subject_location": "",
    "date_taken": "2015-12-04T10:58:55.980Z",
    "author": null,
    "must_always_publish_author_credit": false,
    "must_always_publish_copyright": false
  }
},
{
  "model": "filer.image",
  "pk": 81,
  "fields": {
    "_height": 393,
    "_width": 400,
    "default_alt_text": null,
    "default_caption": null,
    "subject_location": "",
    "date_taken": "2015-12-04T10:59:03.685Z",
    "author": null,
    "must_always_publish_author_credit": false,
    "must_always_publish_copyright": false
  }
},
{
  "model": "filer.image",
  "pk": 82,
  "fields": {
    "_height": 393,
    "_width": 400,
    "default_alt_text": null,
    "default_caption": null,
    "subject_location": "",
    "date_taken": "2015-12-04T10:59:10.007Z",
    "author": null,
    "must_always_publish_author_credit": false,
    "must_always_publish_copyright": false
  }
},
{
  "model": "filer.image",
  "pk": 83,
  "fields": {
    "_height": 760,
    "_width": 870,
    "default_alt_text": null,
    "default_caption": null,
    "subject_location": "",
    "date_taken": "2016-02-17T15:08:09.020Z",
    "author": null,
    "must_always_publish_author_credit": false,
    "must_always_publish_copyright": false
  }
},
{
  "model": "filer.image",
  "pk": 84,
  "fields": {
    "_height": 1363,
    "_width": 2048,
    "default_alt_text": "",
    "default_caption": "",
    "subject_location": "672,682",
    "date_taken": "2016-02-17T15:09:01.650Z",
    "author": "",
    "must_always_publish_author_credit": false,
    "must_always_publish_copyright": false
  }
},
{
  "model": "filer.image",
  "pk": 89,
  "fields": {
    "_height": 2480,
    "_width": 1772,
    "default_alt_text": null,
    "default_caption": null,
    "subject_location": "",
    "date_taken": "2016-03-28T06:59:28.695Z",
    "author": null,
    "must_always_publish_author_credit": false,
    "must_always_publish_copyright": false
  }
},
{
  "model": "filer.image",
  "pk": 90,
  "fields": {
    "_height": 3288,
    "_width": 1828,
    "default_alt_text": null,
    "default_caption": null,
    "subject_location": "",
    "date_taken": "2016-03-28T07:00:14.223Z",
    "author": null,
    "must_always_publish_author_credit": false,
    "must_always_publish_copyright": false
  }
},
{
  "model": "filer.image",
  "pk": 91,
  "fields": {
    "_height": 2480,
    "_width": 1772,
    "default_alt_text": null,
    "default_caption": null,
    "subject_location": "",
    "date_taken": "2016-03-28T07:01:05.467Z",
    "author": null,
    "must_always_publish_author_credit": false,
    "must_always_publish_copyright": false
  }
},
{
  "model": "filer.image",
  "pk": 94,
  "fields": {
    "_height": 2480,
    "_width": 1772,
    "default_alt_text": null,
    "default_caption": null,
    "subject_location": "",
    "date_taken": "2016-04-02T12:53:23.514Z",
    "author": null,
    "must_always_publish_author_credit": false,
    "must_always_publish_copyright": false
  }
},
{
  "model": "myshop.shippingaddress",
  "pk": 1,
  "fields": {
    "priority": 1,
    "addressee": "John Doe",
    "supplement": "",
    "street": "31 Orwell Road",
    "zip_code": "L41RG",
    "location": "Liverpool",
    "country": "GB",
    "customer": 1
  }
},
{
  "model": "myshop.customer",
  "pk": 1,
  "fields": {
    "recognized": 2,
    "salutation": "na",
    "last_access": "2016-04-07T13:45:52.147Z",
    "extra": "{}",
    "number": 1
  }
},
{
  "model": "myshop.customer",
  "pk": 2,
  "fields": {
    "recognized": 1,
    "salutation": "na",
    "last_access": "2016-01-20T17:25:01.802Z",
    "extra": "{}",
    "number": 2
  }
},
{
  "model": "myshop.customer",
  "pk": 4,
  "fields": {
    "recognized": 0,
    "salutation": "",
    "last_access": "2016-03-05T16:36:59.646Z",
    "extra": "{}",
    "number": null
  }
},
{
  "model": "myshop.customer",
  "pk": 5,
  "fields": {
    "recognized": 1,
    "salutation": "",
    "last_access": "2016-03-07T11:00:10.351Z",
    "extra": "{}",
    "number": null
  }
},
{
  "model": "myshop.customer",
  "pk": 13,
  "fields": {
    "recognized": 2,
    "salutation": "mr",
    "last_access": "2016-03-27T15:50:46.201Z",
    "extra": "{}",
    "number": 3
  }
},
{
  "model": "myshop.customer",
  "pk": 14,
  "fields": {
    "recognized": 0,
    "salutation": "",
    "last_access": "2016-04-05T20:27:37.452Z",
    "extra": "{}",
    "number": null
  }
},
{
  "model": "myshop.customer",
  "pk": 15,
  "fields": {
    "recognized": 0,
    "salutation": "",
    "last_access": "2016-04-05T21:05:06.257Z",
    "extra": "{}",
    "number": null
  }
},
{
  "model": "myshop.customer",
  "pk": 16,
  "fields": {
    "recognized": 0,
    "salutation": "",
    "last_access": "2016-04-06T07:50:24.543Z",
    "extra": "{}",
    "number": null
  }
},
{
  "model": "myshop.customer",
  "pk": 17,
  "fields": {
    "recognized": 0,
    "salutation": "",
    "last_access": "2016-04-06T15:04:11.629Z",
    "extra": "{}",
    "number": null
  }
},
{
  "model": "myshop.customer",
  "pk": 18,
  "fields": {
    "recognized": 0,
    "salutation": "",
    "last_access": "2016-04-06T19:45:32.793Z",
    "extra": "{}",
    "number": null
  }
},
{
  "model": "myshop.orderitem",
  "pk": 21,
  "fields": {
    "product_name": "EXTREME PLUS SDXC 64GB",
    "product_code": "1010",
    "_unit_price": "13.79",
    "_line_total": "13.79",
    "extra": "{\"product_code\":\"1010\",\"rows\":[]}",
    "quantity": 1,
    "canceled": false,
    "product": 11,
    "order": 18
  }
},
{
  "model": "myshop.productpage",
  "pk": 1,
  "fields": {
    "page": 18,
    "product": 1
  }
},
{
  "model": "myshop.productpage",
  "pk": 4,
  "fields": {
    "page": 18,
    "product": 3
  }
},
{
  "model": "myshop.productpage",
  "pk": 5,
  "fields": {
    "page": 18,
    "product": 5
  }
},
{
  "model": "myshop.productpage",
  "pk": 6,
  "fields": {
    "page": 18,
    "product": 6
  }
},
{
  "model": "myshop.productpage",
  "pk": 7,
  "fields": {
    "page": 18,
    "product": 7
  }
},
{
  "model": "myshop.productpage",
  "pk": 8,
  "fields": {
    "page": 18,
    "product": 8
  }
},
{
  "model": "myshop.productpage",
  "pk": 9,
  "fields": {
    "page": 18,
    "product": 12
  }
},
{
  "model": "myshop.productpage",
  "pk": 10,
  "fields": {
    "page": 18,
    "product": 15
  }
},
{
  "model": "myshop.productpage",
  "pk": 11,
  "fields": {
    "page": 18,
    "product": 16
  }
},
{
  "model": "myshop.productpage",
  "pk": 12,
  "fields": {
    "page": 18,
    "product": 12
  }
},
{
  "model": "myshop.productpage",
  "pk": 13,
  "fields": {
    "page": 18,
    "product": 14
  }
},
{
  "model": "myshop.productpage",
  "pk": 14,
  "fields": {
    "page": 18,
    "product": 20
  }
},
{
  "model": "myshop.productpage",
  "pk": 15,
  "fields": {
    "page": 18,
    "product": 25
  }
},
{
  "model": "myshop.productpage",
  "pk": 16,
  "fields": {
    "page": 18,
    "product": 26
  }
},
{
  "model": "myshop.productpage",
  "pk": 17,
  "fields": {
    "page": 18,
    "product": 27
  }
},
{
  "model": "myshop.productpage",
  "pk": 18,
  "fields": {
    "page": 18,
    "product": 28
  }
},
{
  "model": "myshop.productpage",
  "pk": 19,
  "fields": {
    "page": 18,
    "product": 29
  }
},
{
  "model": "myshop.productpage",
  "pk": 22,
  "fields": {
    "page": 18,
    "product": 31
  }
},
{
  "model": "myshop.productpage",
  "pk": 23,
  "fields": {
    "page": 18,
    "product": 31
  }
},
{
  "model": "myshop.productpage",
  "pk": 24,
  "fields": {
    "page": 18,
    "product": 32
  }
},
{
  "model": "myshop.productpage",
  "pk": 25,
  "fields": {
    "page": 18,
    "product": 31
  }
},
{
  "model": "myshop.productpage",
  "pk": 26,
  "fields": {
    "page": 18,
    "product": 33
  }
},
{
  "model": "myshop.productpage",
  "pk": 27,
  "fields": {
    "page": 18,
    "product": 25
  }
},
{
  "model": "myshop.productpage",
  "pk": 28,
  "fields": {
    "page": 18,
    "product": 26
  }
},
{
  "model": "myshop.productpage",
  "pk": 29,
  "fields": {
    "page": 18,
    "product": 27
  }
},
{
  "model": "myshop.productpage",
  "pk": 30,
  "fields": {
    "page": 18,
    "product": 28
  }
},
{
  "model": "myshop.productpage",
  "pk": 31,
  "fields": {
    "page": 18,
    "product": 29
  }
},
{
  "model": "myshop.productpage",
  "pk": 32,
  "fields": {
    "page": 18,
    "product": 34
  }
},
{
  "model": "myshop.productpage",
  "pk": 33,
  "fields": {
    "page": 18,
    "product": 35
  }
},
{
  "model": "myshop.productpage",
  "pk": 34,
  "fields": {
    "page": 18,
    "product": 36
  }
},
{
  "model": "myshop.productpage",
  "pk": 35,
  "fields": {
    "page": 18,
    "product": 38
  }
},
{
  "model": "myshop.productpage",
  "pk": 36,
  "fields": {
    "page": 18,
    "product": 40
  }
},
{
  "model": "myshop.productpage",
  "pk": 37,
  "fields": {
    "page": 18,
    "product": 41
  }
},
{
  "model": "myshop.productpage",
  "pk": 38,
  "fields": {
    "page": 18,
    "product": 43
  }
},
{
  "model": "myshop.productpage",
  "pk": 39,
  "fields": {
    "page": 18,
    "product": 44
  }
},
{
  "model": "myshop.productpage",
  "pk": 41,
  "fields": {
    "page": 20,
    "product": 45
  }
},
{
  "model": "myshop.productpage",
  "pk": 42,
  "fields": {
    "page": 20,
    "product": 46
  }
},
{
  "model": "myshop.productpage",
  "pk": 43,
  "fields": {
    "page": 20,
    "product": 46
  }
},
{
  "model": "myshop.productpage",
  "pk": 47,
  "fields": {
    "page": 18,
    "product": 3
  }
},
{
  "model": "myshop.productpage",
  "pk": 49,
  "fields": {
    "page": 18,
    "product": 3
  }
},
{
  "model": "myshop.productpage",
  "pk": 50,
  "fields": {
    "page": 18,
    "product": 13
  }
},
{
  "model": "myshop.productpage",
  "pk": 51,
  "fields": {
    "page": 18,
    "product": 11
  }
},
{
  "model": "myshop.productpage",
  "pk": 52,
  "fields": {
    "page": 18,
    "product": 10
  }
},
{
  "model": "myshop.productpage",
  "pk": 53,
  "fields": {
    "page": 18,
    "product": 9
  }
},
{
  "model": "myshop.productpage",
  "pk": 54,
  "fields": {
    "page": 18,
    "product": 13
  }
},
{
  "model": "myshop.productpage",
  "pk": 61,
  "fields": {
    "page": 22,
    "product": 3
  }
},
{
  "model": "myshop.productpage",
  "pk": 62,
  "fields": {
    "page": 22,
    "product": 4
  }
},
{
  "model": "myshop.productpage",
  "pk": 63,
  "fields": {
    "page": 22,
    "product": 5
  }
},
{
  "model": "myshop.productpage",
  "pk": 64,
  "fields": {
    "page": 22,
    "product": 6
  }
},
{
  "model": "myshop.productpage",
  "pk": 65,
  "fields": {
    "page": 22,
    "product": 7
  }
},
{
  "model": "myshop.productpage",
  "pk": 66,
  "fields": {
    "page": 22,
    "product": 8
  }
},
{
  "model": "myshop.productpage",
  "pk": 67,
  "fields": {
    "page": 22,
    "product": 9
  }
},
{
  "model": "myshop.productpage",
  "pk": 68,
  "fields": {
    "page": 22,
    "product": 10
  }
},
{
  "model": "myshop.productpage",
  "pk": 69,
  "fields": {
    "page": 22,
    "product": 11
  }
},
{
  "model": "myshop.productpage",
  "pk": 70,
  "fields": {
    "page": 22,
    "product": 12
  }
},
{
  "model": "myshop.productpage",
  "pk": 71,
  "fields": {
    "page": 22,
    "product": 13
  }
},
{
  "model": "myshop.productpage",
  "pk": 72,
  "fields": {
    "page": 22,
    "product": 14
  }
},
{
  "model": "myshop.productpage",
  "pk": 73,
  "fields": {
    "page": 22,
    "product": 15
  }
},
{
  "model": "myshop.productpage",
  "pk": 74,
  "fields": {
    "page": 22,
    "product": 16
  }
},
{
  "model": "myshop.productpage",
  "pk": 75,
  "fields": {
    "page": 22,
    "product": 17
  }
},
{
  "model": "myshop.productpage",
  "pk": 76,
  "fields": {
    "page": 22,
    "product": 18
  }
},
{
  "model": "myshop.productpage",
  "pk": 77,
  "fields": {
    "page": 22,
    "product": 19
  }
},
{
  "model": "myshop.productpage",
  "pk": 78,
  "fields": {
    "page": 22,
    "product": 20
  }
},
{
  "model": "myshop.productpage",
  "pk": 79,
  "fields": {
    "page": 22,
    "product": 21
  }
},
{
  "model": "myshop.productpage",
  "pk": 80,
  "fields": {
    "page": 22,
    "product": 22
  }
},
{
  "model": "myshop.productpage",
  "pk": 81,
  "fields": {
    "page": 22,
    "product": 23
  }
},
{
  "model": "myshop.productpage",
  "pk": 82,
  "fields": {
    "page": 22,
    "product": 24
  }
},
{
  "model": "myshop.productpage",
  "pk": 83,
  "fields": {
    "page": 22,
    "product": 25
  }
},
{
  "model": "myshop.productpage",
  "pk": 84,
  "fields": {
    "page": 22,
    "product": 26
  }
},
{
  "model": "myshop.productpage",
  "pk": 85,
  "fields": {
    "page": 22,
    "product": 27
  }
},
{
  "model": "myshop.productpage",
  "pk": 86,
  "fields": {
    "page": 22,
    "product": 28
  }
},
{
  "model": "myshop.productpage",
  "pk": 87,
  "fields": {
    "page": 22,
    "product": 29
  }
},
{
  "model": "myshop.productpage",
  "pk": 88,
  "fields": {
    "page": 22,
    "product": 31
  }
},
{
  "model": "myshop.productpage",
  "pk": 89,
  "fields": {
    "page": 22,
    "product": 32
  }
},
{
  "model": "myshop.productpage",
  "pk": 90,
  "fields": {
    "page": 22,
    "product": 33
  }
},
{
  "model": "myshop.productpage",
  "pk": 91,
  "fields": {
    "page": 22,
    "product": 34
  }
},
{
  "model": "myshop.productpage",
  "pk": 92,
  "fields": {
    "page": 22,
    "product": 35
  }
},
{
  "model": "myshop.productpage",
  "pk": 93,
  "fields": {
    "page": 22,
    "product": 36
  }
},
{
  "model": "myshop.productpage",
  "pk": 94,
  "fields": {
    "page": 22,
    "product": 38
  }
},
{
  "model": "myshop.productpage",
  "pk": 95,
  "fields": {
    "page": 22,
    "product": 40
  }
},
{
  "model": "myshop.productpage",
  "pk": 96,
  "fields": {
    "page": 22,
    "product": 41
  }
},
{
  "model": "myshop.productpage",
  "pk": 98,
  "fields": {
    "page": 22,
    "product": 43
  }
},
{
  "model": "myshop.productpage",
  "pk": 99,
  "fields": {
    "page": 22,
    "product": 44
  }
},
{
  "model": "myshop.productpage",
  "pk": 100,
  "fields": {
    "page": 22,
    "product": 1
  }
},
{
  "model": "myshop.productpage",
  "pk": 101,
  "fields": {
    "page": 22,
    "product": 45
  }
},
{
  "model": "myshop.productpage",
  "pk": 102,
  "fields": {
    "page": 22,
    "product": 46
  }
},
{
  "model": "myshop.productpage",
  "pk": 103,
  "fields": {
    "page": 22,
    "product": 4
  }
},
{
  "model": "myshop.productpage",
  "pk": 104,
  "fields": {
    "page": 22,
    "product": 17
  }
},
{
  "model": "myshop.productpage",
  "pk": 105,
  "fields": {
    "page": 22,
    "product": 18
  }
},
{
  "model": "myshop.productpage",
  "pk": 106,
  "fields": {
    "page": 22,
    "product": 19
  }
},
{
  "model": "myshop.productpage",
  "pk": 107,
  "fields": {
    "page": 22,
    "product": 21
  }
},
{
  "model": "myshop.productpage",
  "pk": 108,
  "fields": {
    "page": 22,
    "product": 21
  }
},
{
  "model": "myshop.productpage",
  "pk": 109,
  "fields": {
    "page": 22,
    "product": 22
  }
},
{
  "model": "myshop.productpage",
  "pk": 110,
  "fields": {
    "page": 22,
    "product": 23
  }
},
{
  "model": "myshop.productpage",
  "pk": 111,
  "fields": {
    "page": 18,
    "product": 23
  }
},
{
  "model": "myshop.productpage",
  "pk": 112,
  "fields": {
    "page": 22,
    "product": 24
  }
},
{
  "model": "myshop.productpage",
  "pk": 113,
  "fields": {
    "page": 18,
    "product": 24
  }
},
{
  "model": "myshop.productpage",
  "pk": 114,
  "fields": {
    "page": 22,
    "product": 4
  }
},
{
  "model": "myshop.productpage",
  "pk": 115,
  "fields": {
    "page": 18,
    "product": 4
  }
},
{
  "model": "myshop.productpage",
  "pk": 116,
  "fields": {
    "page": 22,
    "product": 15
  }
},
{
  "model": "myshop.productpage",
  "pk": 117,
  "fields": {
    "page": 18,
    "product": 15
  }
},
{
  "model": "myshop.productpage",
  "pk": 118,
  "fields": {
    "page": 22,
    "product": 16
  }
},
{
  "model": "myshop.productpage",
  "pk": 119,
  "fields": {
    "page": 18,
    "product": 16
  }
},
{
  "model": "myshop.productpage",
  "pk": 120,
  "fields": {
    "page": 22,
    "product": 16
  }
},
{
  "model": "myshop.productpage",
  "pk": 121,
  "fields": {
    "page": 18,
    "product": 16
  }
},
{
  "model": "myshop.productpage",
  "pk": 122,
  "fields": {
    "page": 22,
    "product": 17
  }
},
{
  "model": "myshop.productpage",
  "pk": 123,
  "fields": {
    "page": 18,
    "product": 17
  }
},
{
  "model": "myshop.productpage",
  "pk": 124,
  "fields": {
    "page": 22,
    "product": 18
  }
},
{
  "model": "myshop.productpage",
  "pk": 125,
  "fields": {
    "page": 18,
    "product": 18
  }
},
{
  "model": "myshop.productpage",
  "pk": 126,
  "fields": {
    "page": 22,
    "product": 19
  }
},
{
  "model": "myshop.productpage",
  "pk": 127,
  "fields": {
    "page": 18,
    "product": 19
  }
},
{
  "model": "myshop.productpage",
  "pk": 128,
  "fields": {
    "page": 22,
    "product": 21
  }
},
{
  "model": "myshop.productpage",
  "pk": 129,
  "fields": {
    "page": 18,
    "product": 21
  }
},
{
  "model": "myshop.productpage",
  "pk": 130,
  "fields": {
    "page": 22,
    "product": 22
  }
},
{
  "model": "myshop.productpage",
  "pk": 131,
  "fields": {
    "page": 18,
    "product": 22
  }
},
{
  "model": "myshop.productpage",
  "pk": 132,
  "fields": {
    "page": 22,
    "product": 47
  }
},
{
  "model": "myshop.productpage",
  "pk": 133,
  "fields": {
    "page": 20,
    "product": 47
  }
},
{
  "model": "myshop.productpage",
  "pk": 134,
  "fields": {
    "page": 22,
    "product": 47
  }
},
{
  "model": "myshop.productpage",
  "pk": 135,
  "fields": {
    "page": 20,
    "product": 47
  }
},
{
  "model": "myshop.productpage",
  "pk": 136,
  "fields": {
    "page": 22,
    "product": 48
  }
},
{
  "model": "myshop.productpage",
  "pk": 137,
  "fields": {
    "page": 20,
    "product": 48
  }
},
{
  "model": "myshop.productpage",
  "pk": 138,
  "fields": {
    "page": 22,
    "product": 49
  }
},
{
  "model": "myshop.productpage",
  "pk": 139,
  "fields": {
    "page": 20,
    "product": 49
  }
},
{
  "model": "myshop.productpage",
  "pk": 150,
  "fields": {
    "page": 22,
    "product": 51
  }
},
{
  "model": "myshop.productpage",
  "pk": 151,
  "fields": {
    "page": 20,
    "product": 51
  }
},
{
  "model": "myshop.productpage",
  "pk": 152,
  "fields": {
    "page": 22,
    "product": 46
  }
},
{
  "model": "myshop.productpage",
  "pk": 153,
  "fields": {
    "page": 20,
    "product": 46
  }
},
{
  "model": "myshop.productpage",
  "pk": 162,
  "fields": {
    "page": 22,
    "product": 46
  }
},
{
  "model": "myshop.productpage",
  "pk": 163,
  "fields": {
    "page": 20,
    "product": 46
  }
},
{
  "model": "myshop.productpage",
  "pk": 164,
  "fields": {
    "page": 22,
    "product": 46
  }
},
{
  "model": "myshop.productpage",
  "pk": 165,
  "fields": {
    "page": 20,
    "product": 46
  }
},
{
  "model": "myshop.productpage",
  "pk": 166,
  "fields": {
    "page": 22,
    "product": 46
  }
},
{
  "model": "myshop.productpage",
  "pk": 167,
  "fields": {
    "page": 20,
    "product": 46
  }
},
{
  "model": "myshop.productpage",
  "pk": 168,
  "fields": {
    "page": 22,
    "product": 46
  }
},
{
  "model": "myshop.productpage",
  "pk": 169,
  "fields": {
    "page": 20,
    "product": 46
  }
},
{
  "model": "myshop.productpage",
  "pk": 170,
  "fields": {
    "page": 22,
    "product": 46
  }
},
{
  "model": "myshop.productpage",
  "pk": 171,
  "fields": {
    "page": 20,
    "product": 46
  }
},
{
  "model": "myshop.productpage",
  "pk": 172,
  "fields": {
    "page": 22,
    "product": 46
  }
},
{
  "model": "myshop.productpage",
  "pk": 173,
  "fields": {
    "page": 20,
    "product": 46
  }
},
{
  "model": "myshop.productpage",
  "pk": 174,
  "fields": {
    "page": 22,
    "product": 46
  }
},
{
  "model": "myshop.productpage",
  "pk": 175,
  "fields": {
    "page": 20,
    "product": 46
  }
},
{
  "model": "myshop.productpage",
  "pk": 176,
  "fields": {
    "page": 22,
    "product": 46
  }
},
{
  "model": "myshop.productpage",
  "pk": 177,
  "fields": {
    "page": 20,
    "product": 46
  }
},
{
  "model": "myshop.productpage",
  "pk": 178,
  "fields": {
    "page": 22,
    "product": 46
  }
},
{
  "model": "myshop.productpage",
  "pk": 179,
  "fields": {
    "page": 20,
    "product": 46
  }
},
{
  "model": "myshop.productpage",
  "pk": 180,
  "fields": {
    "page": 22,
    "product": 46
  }
},
{
  "model": "myshop.productpage",
  "pk": 181,
  "fields": {
    "page": 20,
    "product": 46
  }
},
{
  "model": "myshop.productpage",
  "pk": 182,
  "fields": {
    "page": 22,
    "product": 46
  }
},
{
  "model": "myshop.productpage",
  "pk": 183,
  "fields": {
    "page": 20,
    "product": 46
  }
},
{
  "model": "myshop.productpage",
  "pk": 184,
  "fields": {
    "page": 22,
    "product": 46
  }
},
{
  "model": "myshop.productpage",
  "pk": 185,
  "fields": {
    "page": 20,
    "product": 46
  }
},
{
  "model": "myshop.productpage",
  "pk": 186,
  "fields": {
    "page": 22,
    "product": 46
  }
},
{
  "model": "myshop.productpage",
  "pk": 187,
  "fields": {
    "page": 20,
    "product": 46
  }
},
{
  "model": "myshop.productpage",
  "pk": 188,
  "fields": {
    "page": 22,
    "product": 46
  }
},
{
  "model": "myshop.productpage",
  "pk": 189,
  "fields": {
    "page": 20,
    "product": 46
  }
},
{
  "model": "myshop.productpage",
  "pk": 190,
  "fields": {
    "page": 22,
    "product": 46
  }
},
{
  "model": "myshop.productpage",
  "pk": 191,
  "fields": {
    "page": 20,
    "product": 46
  }
},
{
  "model": "myshop.productpage",
  "pk": 192,
  "fields": {
    "page": 22,
    "product": 46
  }
},
{
  "model": "myshop.productpage",
  "pk": 193,
  "fields": {
    "page": 20,
    "product": 46
  }
},
{
  "model": "myshop.productpage",
  "pk": 194,
  "fields": {
    "page": 22,
    "product": 46
  }
},
{
  "model": "myshop.productpage",
  "pk": 195,
  "fields": {
    "page": 20,
    "product": 46
  }
},
{
  "model": "myshop.productpage",
  "pk": 196,
  "fields": {
    "page": 22,
    "product": 46
  }
},
{
  "model": "myshop.productpage",
  "pk": 197,
  "fields": {
    "page": 20,
    "product": 46
  }
},
{
  "model": "myshop.productpage",
  "pk": 198,
  "fields": {
    "page": 22,
    "product": 46
  }
},
{
  "model": "myshop.productpage",
  "pk": 199,
  "fields": {
    "page": 20,
    "product": 46
  }
},
{
  "model": "myshop.productpage",
  "pk": 200,
  "fields": {
    "page": 22,
    "product": 46
  }
},
{
  "model": "myshop.productpage",
  "pk": 201,
  "fields": {
    "page": 20,
    "product": 46
  }
},
{
  "model": "myshop.productpage",
  "pk": 202,
  "fields": {
    "page": 22,
    "product": 46
  }
},
{
  "model": "myshop.productpage",
  "pk": 203,
  "fields": {
    "page": 20,
    "product": 46
  }
},
{
  "model": "myshop.productpage",
  "pk": 204,
  "fields": {
    "page": 22,
    "product": 46
  }
},
{
  "model": "myshop.productpage",
  "pk": 205,
  "fields": {
    "page": 20,
    "product": 46
  }
},
{
  "model": "myshop.productpage",
  "pk": 206,
  "fields": {
    "page": 22,
    "product": 46
  }
},
{
  "model": "myshop.productpage",
  "pk": 207,
  "fields": {
    "page": 20,
    "product": 46
  }
},
{
  "model": "myshop.productpage",
  "pk": 208,
  "fields": {
    "page": 22,
    "product": 51
  }
},
{
  "model": "myshop.productpage",
  "pk": 209,
  "fields": {
    "page": 20,
    "product": 51
  }
},
{
  "model": "myshop.productpage",
  "pk": 210,
  "fields": {
    "page": 22,
    "product": 46
  }
},
{
  "model": "myshop.productpage",
  "pk": 211,
  "fields": {
    "page": 20,
    "product": 46
  }
},
{
  "model": "myshop.productpage",
  "pk": 212,
  "fields": {
    "page": 22,
    "product": 47
  }
},
{
  "model": "myshop.productpage",
  "pk": 213,
  "fields": {
    "page": 20,
    "product": 47
  }
},
{
  "model": "myshop.productpage",
  "pk": 214,
  "fields": {
    "page": 22,
    "product": 48
  }
},
{
  "model": "myshop.productpage",
  "pk": 215,
  "fields": {
    "page": 20,
    "product": 48
  }
},
{
  "model": "myshop.productpage",
  "pk": 216,
  "fields": {
    "page": 22,
    "product": 48
  }
},
{
  "model": "myshop.productpage",
  "pk": 217,
  "fields": {
    "page": 20,
    "product": 48
  }
},
{
  "model": "myshop.productpage",
  "pk": 218,
  "fields": {
    "page": 22,
    "product": 45
  }
},
{
  "model": "myshop.productpage",
  "pk": 219,
  "fields": {
    "page": 20,
    "product": 45
  }
},
{
  "model": "myshop.productpage",
  "pk": 220,
  "fields": {
    "page": 22,
    "product": 49
  }
},
{
  "model": "myshop.productpage",
  "pk": 221,
  "fields": {
    "page": 20,
    "product": 49
  }
},
{
  "model": "myshop.productpage",
  "pk": 225,
  "fields": {
    "page": 22,
    "product": 50
  }
},
{
  "model": "myshop.productpage",
  "pk": 226,
  "fields": {
    "page": 20,
    "product": 50
  }
},
{
  "model": "myshop.productpage",
  "pk": 227,
  "fields": {
    "page": 22,
    "product": 2
  }
},
{
  "model": "myshop.productpage",
  "pk": 228,
  "fields": {
    "page": 18,
    "product": 2
  }
},
{
  "model": "myshop.productpage",
  "pk": 229,
  "fields": {
    "page": 22,
    "product": 52
  }
},
{
  "model": "myshop.productpage",
  "pk": 230,
  "fields": {
    "page": 26,
    "product": 52
  }
},
{
  "model": "myshop.productpage",
  "pk": 231,
  "fields": {
    "page": 22,
    "product": 53
  }
},
{
  "model": "myshop.productpage",
  "pk": 232,
  "fields": {
    "page": 26,
    "product": 53
  }
},
{
  "model": "myshop.productimage",
  "pk": 1,
  "fields": {
    "image": 8,
    "order": 0,
    "product": 1
  }
},
{
  "model": "myshop.productimage",
  "pk": 2,
  "fields": {
    "image": 9,
    "order": 0,
    "product": 2
  }
},
{
  "model": "myshop.productimage",
  "pk": 3,
  "fields": {
    "image": 10,
    "order": 0,
    "product": 3
  }
},
{
  "model": "myshop.productimage",
  "pk": 4,
  "fields": {
    "image": 12,
    "order": 0,
    "product": 5
  }
},
{
  "model": "myshop.productimage",
  "pk": 5,
  "fields": {
    "image": 13,
    "order": 0,
    "product": 6
  }
},
{
  "model": "myshop.productimage",
  "pk": 6,
  "fields": {
    "image": 14,
    "order": 0,
    "product": 7
  }
},
{
  "model": "myshop.productimage",
  "pk": 7,
  "fields": {
    "image": 15,
    "order": 0,
    "product": 8
  }
},
{
  "model": "myshop.productimage",
  "pk": 8,
  "fields": {
    "image": 19,
    "order": 0,
    "product": 12
  }
},
{
  "model": "myshop.productimage",
  "pk": 9,
  "fields": {
    "image": 24,
    "order": 0,
    "product": 15
  }
},
{
  "model": "myshop.productimage",
  "pk": 10,
  "fields": {
    "image": 26,
    "order": 0,
    "product": 16
  }
},
{
  "model": "myshop.productimage",
  "pk": 11,
  "fields": {
    "image": 44,
    "order": 0,
    "product": 14
  }
},
{
  "model": "myshop.productimage",
  "pk": 12,
  "fields": {
    "image": 22,
    "order": 0,
    "product": 20
  }
},
{
  "model": "myshop.productimage",
  "pk": 13,
  "fields": {
    "image": 30,
    "order": 0,
    "product": 25
  }
},
{
  "model": "myshop.productimage",
  "pk": 14,
  "fields": {
    "image": 31,
    "order": 0,
    "product": 26
  }
},
{
  "model": "myshop.productimage",
  "pk": 15,
  "fields": {
    "image": 32,
    "order": 0,
    "product": 27
  }
},
{
  "model": "myshop.productimage",
  "pk": 16,
  "fields": {
    "image": 35,
    "order": 0,
    "product": 28
  }
},
{
  "model": "myshop.productimage",
  "pk": 17,
  "fields": {
    "image": 36,
    "order": 0,
    "product": 29
  }
},
{
  "model": "myshop.productimage",
  "pk": 19,
  "fields": {
    "image": 33,
    "order": 0,
    "product": 31
  }
},
{
  "model": "myshop.productimage",
  "pk": 20,
  "fields": {
    "image": 34,
    "order": 0,
    "product": 32
  }
},
{
  "model": "myshop.productimage",
  "pk": 21,
  "fields": {
    "image": 37,
    "order": 0,
    "product": 33
  }
},
{
  "model": "myshop.productimage",
  "pk": 22,
  "fields": {
    "image": 38,
    "order": 0,
    "product": 34
  }
},
{
  "model": "myshop.productimage",
  "pk": 23,
  "fields": {
    "image": 39,
    "order": 0,
    "product": 35
  }
},
{
  "model": "myshop.productimage",
  "pk": 24,
  "fields": {
    "image": 40,
    "order": 0,
    "product": 36
  }
},
{
  "model": "myshop.productimage",
  "pk": 25,
  "fields": {
    "image": 41,
    "order": 0,
    "product": 38
  }
},
{
  "model": "myshop.productimage",
  "pk": 26,
  "fields": {
    "image": 42,
    "order": 0,
    "product": 40
  }
},
{
  "model": "myshop.productimage",
  "pk": 27,
  "fields": {
    "image": 46,
    "order": 0,
    "product": 41
  }
},
{
  "model": "myshop.productimage",
  "pk": 28,
  "fields": {
    "image": 43,
    "order": 0,
    "product": 43
  }
},
{
  "model": "myshop.productimage",
  "pk": 29,
  "fields": {
    "image": 47,
    "order": 0,
    "product": 44
  }
},
{
  "model": "myshop.productimage",
  "pk": 30,
  "fields": {
    "image": 50,
    "order": 1,
    "product": 45
  }
},
{
  "model": "myshop.productimage",
  "pk": 31,
  "fields": {
    "image": 51,
    "order": 2,
    "product": 45
  }
},
{
  "model": "myshop.productimage",
  "pk": 32,
  "fields": {
    "image": 52,
    "order": 4,
    "product": 46
  }
},
{
  "model": "myshop.productimage",
  "pk": 33,
  "fields": {
    "image": 53,
    "order": 1,
    "product": 46
  }
},
{
  "model": "myshop.productimage",
  "pk": 34,
  "fields": {
    "image": 54,
    "order": 2,
    "product": 46
  }
},
{
  "model": "myshop.productimage",
  "pk": 35,
  "fields": {
    "image": 55,
    "order": 3,
    "product": 46
  }
},
{
  "model": "myshop.productimage",
  "pk": 36,
  "fields": {
    "image": 18,
    "order": 1,
    "product": 11
  }
},
{
  "model": "myshop.productimage",
  "pk": 37,
  "fields": {
    "image": 17,
    "order": 1,
    "product": 10
  }
},
{
  "model": "myshop.productimage",
  "pk": 38,
  "fields": {
    "image": 16,
    "order": 1,
    "product": 9
  }
},
{
  "model": "myshop.productimage",
  "pk": 39,
  "fields": {
    "image": 21,
    "order": 1,
    "product": 13
  }
},
{
  "model": "myshop.productimage",
  "pk": 40,
  "fields": {
    "image": 11,
    "order": 1,
    "product": 4
  }
},
{
  "model": "myshop.productimage",
  "pk": 41,
  "fields": {
    "image": 27,
    "order": 1,
    "product": 17
  }
},
{
  "model": "myshop.productimage",
  "pk": 42,
  "fields": {
    "image": 28,
    "order": 1,
    "product": 18
  }
},
{
  "model": "myshop.productimage",
  "pk": 43,
  "fields": {
    "image": 29,
    "order": 1,
    "product": 19
  }
},
{
  "model": "myshop.productimage",
  "pk": 44,
  "fields": {
    "image": 23,
    "order": 1,
    "product": 21
  }
},
{
  "model": "myshop.productimage",
  "pk": 45,
  "fields": {
    "image": 25,
    "order": 1,
    "product": 22
  }
},
{
  "model": "myshop.productimage",
  "pk": 46,
  "fields": {
    "image": 56,
    "order": 1,
    "product": 23
  }
},
{
  "model": "myshop.productimage",
  "pk": 47,
  "fields": {
    "image": 57,
    "order": 1,
    "product": 24
  }
},
{
  "model": "myshop.productimage",
  "pk": 48,
  "fields": {
    "image": 58,
    "order": 1,
    "product": 47
  }
},
{
  "model": "myshop.productimage",
  "pk": 49,
  "fields": {
    "image": 59,
    "order": 2,
    "product": 47
  }
},
{
  "model": "myshop.productimage",
  "pk": 50,
  "fields": {
    "image": 60,
    "order": 3,
    "product": 47
  }
},
{
  "model": "myshop.productimage",
  "pk": 51,
  "fields": {
    "image": 61,
    "order": 4,
    "product": 47
  }
},
{
  "model": "myshop.productimage",
  "pk": 52,
  "fields": {
    "image": 62,
    "order": 5,
    "product": 47
  }
},
{
  "model": "myshop.productimage",
  "pk": 53,
  "fields": {
    "image": 63,
    "order": 6,
    "product": 47
  }
},
{
  "model": "myshop.productimage",
  "pk": 54,
  "fields": {
    "image": 64,
    "order": 1,
    "product": 48
  }
},
{
  "model": "myshop.productimage",
  "pk": 55,
  "fields": {
    "image": 67,
    "order": 1,
    "product": 49
  }
},
{
  "model": "myshop.productimage",
  "pk": 56,
  "fields": {
    "image": 68,
    "order": 2,
    "product": 49
  }
},
{
  "model": "myshop.productimage",
  "pk": 63,
  "fields": {
    "image": 77,
    "order": 2,
    "product": 50
  }
},
{
  "model": "myshop.productimage",
  "pk": 64,
  "fields": {
    "image": 78,
    "order": 1,
    "product": 50
  }
},
{
  "model": "myshop.productimage",
  "pk": 65,
  "fields": {
    "image": 79,
    "order": 1,
    "product": 51
  }
},
{
  "model": "myshop.productimage",
  "pk": 66,
  "fields": {
    "image": 80,
    "order": 2,
    "product": 51
  }
},
{
  "model": "myshop.productimage",
  "pk": 67,
  "fields": {
    "image": 81,
    "order": 3,
    "product": 51
  }
},
{
  "model": "myshop.productimage",
  "pk": 68,
  "fields": {
    "image": 82,
    "order": 4,
    "product": 51
  }
},
{
  "model": "myshop.productimage",
  "pk": 69,
  "fields": {
    "image": 84,
    "order": 1,
    "product": 52
  }
},
{
  "model": "myshop.productimage",
  "pk": 70,
  "fields": {
    "image": 83,
    "order": 1,
    "product": 53
  }
},
{
  "model": "myshop.productimage",
  "pk": 71,
  "fields": {
    "image": 90,
    "order": 2,
    "product": 52
  }
},
{
  "model": "myshop.productimage",
  "pk": 72,
  "fields": {
    "image": 91,
    "order": 3,
    "product": 52
  }
},
{
  "model": "myshop.manufacturer",
  "pk": 1,
  "fields": {
    "name": "SanDisk"
  }
},
{
  "model": "myshop.manufacturer",
  "pk": 2,
  "fields": {
    "name": "Kyocera"
  }
},
{
  "model": "myshop.manufacturer",
  "pk": 3,
  "fields": {
    "name": "LG"
  }
},
{
  "model": "myshop.manufacturer",
  "pk": 4,
  "fields": {
    "name": "Samsung"
  }
},
{
  "model": "myshop.manufacturer",
  "pk": 5,
  "fields": {
    "name": "Sony"
  }
},
{
  "model": "myshop.manufacturer",
  "pk": 6,
  "fields": {
    "name": "HTC"
  }
},
{
  "model": "myshop.manufacturer",
  "pk": 7,
  "fields": {
    "name": "Apple"
  }
},
{
  "model": "myshop.manufacturer",
  "pk": 8,
  "fields": {
    "name": "Motorola"
  }
},
{
  "model": "myshop.manufacturer",
  "pk": 9,
  "fields": {
    "name": "Tailory"
  }
},
{
  "model": "myshop.manufacturer",
  "pk": 10,
  "fields": {
    "name": "Goldsmith"
  }
},
{
  "model": "myshop.product",
  "pk": 1,
  "fields": {
    "polymorphic_ctype": [
      "myshop",
      "smartcard"
    ],
    "created_at": "2015-12-02T17:12:41.618Z",
    "updated_at": "2015-12-03T12:02:06.058Z",
    "active": true,
    "product_name": "SDHC Card 4GB",
    "slug": "sdhc-card-4gb",
    "manufacturer": 1,
    "order": 8
  }
},
{
  "model": "myshop.product",
  "pk": 2,
  "fields": {
    "polymorphic_ctype": [
      "myshop",
      "smartcard"
    ],
    "created_at": "2015-12-02T17:12:41.620Z",
    "updated_at": "2016-01-27T16:10:40.117Z",
    "active": true,
    "product_name": "SDHC Card 8GB",
    "slug": "sdhc-card-8gb",
    "manufacturer": 1,
    "order": 9
  }
},
{
  "model": "myshop.product",
  "pk": 3,
  "fields": {
    "polymorphic_ctype": [
      "myshop",
      "smartcard"
    ],
    "created_at": "2015-12-02T17:12:41.621Z",
    "updated_at": "2016-04-02T22:48:02.639Z",
    "active": true,
    "product_name": "SDHC Card 16GB",
    "slug": "sdhc-card-16gb",
    "manufacturer": 1,
    "order": 10
  }
},
{
  "model": "myshop.product",
  "pk": 4,
  "fields": {
    "polymorphic_ctype": [
      "myshop",
      "smartcard"
    ],
    "created_at": "2015-12-02T17:12:41.622Z",
    "updated_at": "2016-04-02T21:46:22.053Z",
    "active": true,
    "product_name": "SDHC Card 32GB",
    "slug": "sdhc-card-32gb",
    "manufacturer": 1,
    "order": 15
  }
},
{
  "model": "myshop.product",
  "pk": 5,
  "fields": {
    "polymorphic_ctype": [
      "myshop",
      "smartcard"
    ],
    "created_at": "2015-12-02T17:12:41.623Z",
    "updated_at": "2015-12-02T17:12:41.624Z",
    "active": true,
    "product_name": "SDXC Card 64GB",
    "slug": "sdxc-card-64gb",
    "manufacturer": 1,
    "order": 11
  }
},
{
  "model": "myshop.product",
  "pk": 6,
  "fields": {
    "polymorphic_ctype": [
      "myshop",
      "smartcard"
    ],
    "created_at": "2015-12-02T17:12:41.625Z",
    "updated_at": "2016-04-02T21:46:06.920Z",
    "active": true,
    "product_name": "EXTREME PLUS microSDHC 16GB",
    "slug": "extreme-plus-micro-sdhc-16gb",
    "manufacturer": 1,
    "order": 19
  }
},
{
  "model": "myshop.product",
  "pk": 7,
  "fields": {
    "polymorphic_ctype": [
      "myshop",
      "smartcard"
    ],
    "created_at": "2015-12-02T17:12:41.626Z",
    "updated_at": "2015-12-02T17:12:41.626Z",
    "active": true,
    "product_name": "EXTREME PLUS microSDHC 32GB",
    "slug": "extreme-plus-micro-sdhc-32gb",
    "manufacturer": 1,
    "order": 12
  }
},
{
  "model": "myshop.product",
  "pk": 8,
  "fields": {
    "polymorphic_ctype": [
      "myshop",
      "smartcard"
    ],
    "created_at": "2015-12-02T17:12:41.627Z",
    "updated_at": "2015-12-02T17:12:41.627Z",
    "active": true,
    "product_name": "EXTREME PLUS microSDXC 64GB",
    "slug": "extreme-plus-micro-sdxc-64gb",
    "manufacturer": 1,
    "order": 14
  }
},
{
  "model": "myshop.product",
  "pk": 9,
  "fields": {
    "polymorphic_ctype": [
      "myshop",
      "smartcard"
    ],
    "created_at": "2015-12-02T17:12:41.628Z",
    "updated_at": "2016-03-01T11:29:04.172Z",
    "active": true,
    "product_name": "EXTREME PLUS SDHC 16GB",
    "slug": "extreme-plus-sdhc-16gb",
    "manufacturer": 1,
    "order": 13
  }
},
{
  "model": "myshop.product",
  "pk": 10,
  "fields": {
    "polymorphic_ctype": [
      "myshop",
      "smartcard"
    ],
    "created_at": "2015-12-02T17:12:41.630Z",
    "updated_at": "2015-12-03T08:32:26.881Z",
    "active": true,
    "product_name": "EXTREME PLUS SDHC 32GB",
    "slug": "extreme-plus-sdhc-32gb",
    "manufacturer": 1,
    "order": 16
  }
},
{
  "model": "myshop.product",
  "pk": 11,
  "fields": {
    "polymorphic_ctype": [
      "myshop",
      "smartcard"
    ],
    "created_at": "2015-12-02T17:12:41.631Z",
    "updated_at": "2015-12-03T08:32:05.221Z",
    "active": true,
    "product_name": "EXTREME PLUS SDXC 64GB",
    "slug": "extreme-plus-sdhc-64gb",
    "manufacturer": 1,
    "order": 17
  }
},
{
  "model": "myshop.product",
  "pk": 12,
  "fields": {
    "polymorphic_ctype": [
      "myshop",
      "smartcard"
    ],
    "created_at": "2015-12-02T17:12:41.632Z",
    "updated_at": "2015-12-02T17:12:41.633Z",
    "active": true,
    "product_name": "Extreme PRO microSDHC 32GB",
    "slug": "extreme-pro-micro-sdhc-32gb",
    "manufacturer": 1,
    "order": 18
  }
},
{
  "model": "myshop.product",
  "pk": 13,
  "fields": {
    "polymorphic_ctype": [
      "myshop",
      "smartcard"
    ],
    "created_at": "2015-12-02T17:12:41.634Z",
    "updated_at": "2015-12-03T08:34:00.626Z",
    "active": true,
    "product_name": "Extreme PRO microSDXC 64GB",
    "slug": "extreme-pro-micro-sdxc-16gb",
    "manufacturer": 1,
    "order": 20
  }
},
{
  "model": "myshop.product",
  "pk": 14,
  "fields": {
    "polymorphic_ctype": [
      "myshop",
      "smartcard"
    ],
    "created_at": "2015-12-02T17:12:41.635Z",
    "updated_at": "2015-12-02T17:12:41.635Z",
    "active": true,
    "product_name": "Extreme PRO SDHC 16GB",
    "slug": "extreme-pro-sdhc-16gb",
    "manufacturer": 1,
    "order": 21
  }
},
{
  "model": "myshop.product",
  "pk": 15,
  "fields": {
    "polymorphic_ctype": [
      "myshop",
      "smartcard"
    ],
    "created_at": "2015-12-02T17:12:41.636Z",
    "updated_at": "2015-12-03T12:14:37.834Z",
    "active": true,
    "product_name": "Extreme PRO SDHC 32GB",
    "slug": "extreme-pro-sdhc-32gb",
    "manufacturer": 1,
    "order": 22
  }
},
{
  "model": "myshop.product",
  "pk": 16,
  "fields": {
    "polymorphic_ctype": [
      "myshop",
      "smartcard"
    ],
    "created_at": "2015-12-02T17:12:41.637Z",
    "updated_at": "2015-12-03T12:16:49.655Z",
    "active": true,
    "product_name": "Extreme PRO SDXC 64GB",
    "slug": "extreme-pro-sdxc-64gb",
    "manufacturer": 1,
    "order": 23
  }
},
{
  "model": "myshop.product",
  "pk": 17,
  "fields": {
    "polymorphic_ctype": [
      "myshop",
      "smartcard"
    ],
    "created_at": "2015-12-02T17:12:41.639Z",
    "updated_at": "2015-12-03T12:18:24.434Z",
    "active": true,
    "product_name": "Extreme PRO SDXC 128GB",
    "slug": "extreme-pro-sdxc-128gb",
    "manufacturer": 1,
    "order": 24
  }
},
{
  "model": "myshop.product",
  "pk": 18,
  "fields": {
    "polymorphic_ctype": [
      "myshop",
      "smartcard"
    ],
    "created_at": "2015-12-02T17:12:41.640Z",
    "updated_at": "2015-12-03T12:19:21.887Z",
    "active": true,
    "product_name": "Extreme PRO SDXC 256GB",
    "slug": "extreme-pro-sdxc-256gb",
    "manufacturer": 1,
    "order": 25
  }
},
{
  "model": "myshop.product",
  "pk": 19,
  "fields": {
    "polymorphic_ctype": [
      "myshop",
      "smartcard"
    ],
    "created_at": "2015-12-02T17:12:41.641Z",
    "updated_at": "2015-12-03T12:20:02.110Z",
    "active": true,
    "product_name": "Extreme PRO SDXC 512GB",
    "slug": "extreme-pro-sdxc-512gb",
    "manufacturer": 1,
    "order": 26
  }
},
{
  "model": "myshop.product",
  "pk": 20,
  "fields": {
    "polymorphic_ctype": [
      "myshop",
      "smartcard"
    ],
    "created_at": "2015-12-02T17:12:41.642Z",
    "updated_at": "2015-12-02T17:12:41.642Z",
    "active": true,
    "product_name": "Extreme PRO SDHC II 16GB",
    "slug": "extreme-pro-sdhc-II-16gb",
    "manufacturer": 1,
    "order": 27
  }
},
{
  "model": "myshop.product",
  "pk": 21,
  "fields": {
    "polymorphic_ctype": [
      "myshop",
      "smartcard"
    ],
    "created_at": "2015-12-02T17:12:41.643Z",
    "updated_at": "2015-12-03T12:35:28.195Z",
    "active": true,
    "product_name": "Extreme PRO SDHC II 32GB",
    "slug": "extreme-pro-sdhc-II-32gb",
    "manufacturer": 1,
    "order": 28
  }
},
{
  "model": "myshop.product",
  "pk": 22,
  "fields": {
    "polymorphic_ctype": [
      "myshop",
      "smartcard"
    ],
    "created_at": "2015-12-02T17:12:41.645Z",
    "updated_at": "2015-12-03T12:35:58.335Z",
    "active": true,
    "product_name": "Extreme PRO SDXC II 64GB",
    "slug": "extreme-pro-sdxc-II-64gb",
    "manufacturer": 1,
    "order": 29
  }
},
{
  "model": "myshop.product",
  "pk": 23,
  "fields": {
    "polymorphic_ctype": [
      "myshop",
      "smartcard"
    ],
    "created_at": "2015-12-02T17:12:41.646Z",
    "updated_at": "2015-12-03T11:16:57.465Z",
    "active": true,
    "product_name": "Micro SDHC 32GB",
    "slug": "micro-sdhc-32gb",
    "manufacturer": 1,
    "order": 30
  }
},
{
  "model": "myshop.product",
  "pk": 24,
  "fields": {
    "polymorphic_ctype": [
      "myshop",
      "smartcard"
    ],
    "created_at": "2015-12-02T17:12:41.647Z",
    "updated_at": "2015-12-03T11:17:49.061Z",
    "active": true,
    "product_name": "Micro SDHC 64GB",
    "slug": "micro-sdhc-64gb",
    "manufacturer": 1,
    "order": 31
  }
},
{
  "model": "myshop.product",
  "pk": 25,
  "fields": {
    "polymorphic_ctype": [
      "myshop",
      "smartcard"
    ],
    "created_at": "2015-12-02T17:12:41.649Z",
    "updated_at": "2015-12-02T17:12:41.650Z",
    "active": true,
    "product_name": "Ultra SDHC 8GB 40Mb/s",
    "slug": "ultra-hs-sdhc-8gb-40mbps",
    "manufacturer": 1,
    "order": 32
  }
},
{
  "model": "myshop.product",
  "pk": 26,
  "fields": {
    "polymorphic_ctype": [
      "myshop",
      "smartcard"
    ],
    "created_at": "2015-12-02T17:12:41.652Z",
    "updated_at": "2015-12-02T17:12:41.653Z",
    "active": true,
    "product_name": "Ultra SDHC 16GB 40MB/s",
    "slug": "ultra-hs-sdhc-16gb-40mbps",
    "manufacturer": 1,
    "order": 33
  }
},
{
  "model": "myshop.product",
  "pk": 27,
  "fields": {
    "polymorphic_ctype": [
      "myshop",
      "smartcard"
    ],
    "created_at": "2015-12-02T17:12:41.654Z",
    "updated_at": "2015-12-02T17:12:41.655Z",
    "active": true,
    "product_name": "Ultra SDHC 32GB 40Mb/s",
    "slug": "ultra-hs-sdhc-32gb-40mbps",
    "manufacturer": 1,
    "order": 34
  }
},
{
  "model": "myshop.product",
  "pk": 28,
  "fields": {
    "polymorphic_ctype": [
      "myshop",
      "smartcard"
    ],
    "created_at": "2015-12-02T17:12:41.656Z",
    "updated_at": "2015-12-02T17:12:41.656Z",
    "active": true,
    "product_name": "Ultra SDXC 64GB 40Mb/s",
    "slug": "ultra-hs-sdxc-64gb-40mbps",
    "manufacturer": 1,
    "order": 35
  }
},
{
  "model": "myshop.product",
  "pk": 29,
  "fields": {
    "polymorphic_ctype": [
      "myshop",
      "smartcard"
    ],
    "created_at": "2015-12-02T17:12:41.658Z",
    "updated_at": "2015-12-02T17:12:41.658Z",
    "active": true,
    "product_name": "Ultra SDXC 128GB 40Mb/s",
    "slug": "ultra-hs-sdxc-128gb-40mbps",
    "manufacturer": 1,
    "order": 36
  }
},
{
  "model": "myshop.product",
  "pk": 31,
  "fields": {
    "polymorphic_ctype": [
      "myshop",
      "smartcard"
    ],
    "created_at": "2015-12-02T17:12:41.659Z",
    "updated_at": "2015-12-02T17:12:41.660Z",
    "active": true,
    "product_name": "Ultra SDHC 16GB 30Mb/s",
    "slug": "ultra-sdhc-16gb-30mbps",
    "manufacturer": 1,
    "order": 39
  }
},
{
  "model": "myshop.product",
  "pk": 32,
  "fields": {
    "polymorphic_ctype": [
      "myshop",
      "smartcard"
    ],
    "created_at": "2015-12-02T17:12:41.661Z",
    "updated_at": "2015-12-02T17:12:41.661Z",
    "active": true,
    "product_name": "Ultra SDHC 32GB 30Mb/s",
    "slug": "ultra-sdhc-32gb-30mbps",
    "manufacturer": 1,
    "order": 40
  }
},
{
  "model": "myshop.product",
  "pk": 33,
  "fields": {
    "polymorphic_ctype": [
      "myshop",
      "smartcard"
    ],
    "created_at": "2015-12-02T17:12:41.662Z",
    "updated_at": "2015-12-02T17:12:41.663Z",
    "active": true,
    "product_name": "Ultra SDXC 64GB 30Mb/s",
    "slug": "ultra-sdxc-64gb-30mbps",
    "manufacturer": 1,
    "order": 42
  }
},
{
  "model": "myshop.product",
  "pk": 34,
  "fields": {
    "polymorphic_ctype": [
      "myshop",
      "smartcard"
    ],
    "created_at": "2015-12-02T17:12:41.664Z",
    "updated_at": "2015-12-02T17:12:41.664Z",
    "active": true,
    "product_name": "Ultra PLUS micro SDHC 16GB",
    "slug": "ultra-sdhc-micro-16gb",
    "manufacturer": 1,
    "order": 43
  }
},
{
  "model": "myshop.product",
  "pk": 35,
  "fields": {
    "polymorphic_ctype": [
      "myshop",
      "smartcard"
    ],
    "created_at": "2015-12-02T17:12:41.665Z",
    "updated_at": "2015-12-02T17:12:41.665Z",
    "active": true,
    "product_name": "Ultra PLUS micro SDHC 32GB",
    "slug": "ultra-sdhc-micro-32gb",
    "manufacturer": 1,
    "order": 44
  }
},
{
  "model": "myshop.product",
  "pk": 36,
  "fields": {
    "polymorphic_ctype": [
      "myshop",
      "smartcard"
    ],
    "created_at": "2015-12-02T17:12:41.666Z",
    "updated_at": "2016-04-06T21:32:02.808Z",
    "active": true,
    "product_name": "Ultra PLUS micro SDXC 64GB",
    "slug": "ultra-sdhc-micro-64gb",
    "manufacturer": 1,
    "order": 41
  }
},
{
  "model": "myshop.product",
  "pk": 38,
  "fields": {
    "polymorphic_ctype": [
      "myshop",
      "smartcard"
    ],
    "created_at": "2015-12-02T17:12:41.668Z",
    "updated_at": "2015-12-02T17:12:41.668Z",
    "active": true,
    "product_name": "Ultra PLUS micro SDXC 128GB",
    "slug": "ultra-sdxc-micro-128gb",
    "manufacturer": 1,
    "order": 46
  }
},
{
  "model": "myshop.product",
  "pk": 40,
  "fields": {
    "polymorphic_ctype": [
      "myshop",
      "smartcard"
    ],
    "created_at": "2015-12-02T17:12:41.669Z",
    "updated_at": "2016-04-06T21:31:57.467Z",
    "active": true,
    "product_name": "Ultra PLUS SDHC 16GB",
    "slug": "ultra-plus-sdhc-16gb",
    "manufacturer": 1,
    "order": 37
  }
},
{
  "model": "myshop.product",
  "pk": 41,
  "fields": {
    "polymorphic_ctype": [
      "myshop",
      "smartcard"
    ],
    "created_at": "2015-12-02T17:12:41.671Z",
    "updated_at": "2015-12-02T17:12:41.671Z",
    "active": true,
    "product_name": "Ultra PLUS SDHC 32GB",
    "slug": "ultra-plus-sdhc-32gb",
    "manufacturer": 1,
    "order": 48
  }
},
{
  "model": "myshop.product",
  "pk": 43,
  "fields": {
    "polymorphic_ctype": [
      "myshop",
      "smartcard"
    ],
    "created_at": "2015-12-02T17:12:41.674Z",
    "updated_at": "2015-12-02T17:12:41.674Z",
    "active": true,
    "product_name": "Ultra PLUS SDXC 64GB",
    "slug": "ultra-plus-sdxc-64gb",
    "manufacturer": 1,
    "order": 50
  }
},
{
  "model": "myshop.product",
  "pk": 44,
  "fields": {
    "polymorphic_ctype": [
      "myshop",
      "smartcard"
    ],
    "created_at": "2015-12-02T17:12:41.676Z",
    "updated_at": "2016-03-01T11:28:13.970Z",
    "active": true,
    "product_name": "Ultra PLUS SDXC 128GB",
    "slug": "ultra-plus-sdxc-128gb",
    "manufacturer": 1,
    "order": 51
  }
},
{
  "model": "myshop.product",
  "pk": 45,
  "fields": {
    "polymorphic_ctype": [
      "myshop",
      "smartphonemodel"
    ],
    "created_at": "2015-12-02T21:04:26.252Z",
    "updated_at": "2016-01-02T14:17:37.976Z",
    "active": true,
    "product_name": "Kyocera Hydro Edge",
    "slug": "kyocera-hydro-edge",
    "manufacturer": 2,
    "order": 6
  }
},
{
  "model": "myshop.product",
  "pk": 46,
  "fields": {
    "polymorphic_ctype": [
      "myshop",
      "smartphonemodel"
    ],
    "created_at": "2015-12-02T22:09:43.400Z",
    "updated_at": "2016-01-02T14:14:02.015Z",
    "active": true,
    "product_name": "Nexus 4",
    "slug": "nexus-4",
    "manufacturer": 3,
    "order": 2
  }
},
{
  "model": "myshop.product",
  "pk": 47,
  "fields": {
    "polymorphic_ctype": [
      "myshop",
      "smartphonemodel"
    ],
    "created_at": "2015-12-03T16:03:53.228Z",
    "updated_at": "2016-01-02T14:15:37.659Z",
    "active": true,
    "product_name": "Galaxy S6 active",
    "slug": "galaxy-s6-active",
    "manufacturer": 4,
    "order": 3
  }
},
{
  "model": "myshop.product",
  "pk": 48,
  "fields": {
    "polymorphic_ctype": [
      "myshop",
      "smartphonemodel"
    ],
    "created_at": "2015-12-03T16:17:44.459Z",
    "updated_at": "2016-01-02T14:16:51.601Z",
    "active": true,
    "product_name": "Sony Xperia TL",
    "slug": "sony-xperia-tl",
    "manufacturer": 5,
    "order": 4
  }
},
{
  "model": "myshop.product",
  "pk": 49,
  "fields": {
    "polymorphic_ctype": [
      "myshop",
      "smartphonemodel"
    ],
    "created_at": "2015-12-03T16:21:28.116Z",
    "updated_at": "2016-01-02T14:18:32.415Z",
    "active": true,
    "product_name": "HTC Evo design 4G",
    "slug": "htc-evo-design-4g",
    "manufacturer": 6,
    "order": 7
  }
},
{
  "model": "myshop.product",
  "pk": 50,
  "fields": {
    "polymorphic_ctype": [
      "myshop",
      "smartphonemodel"
    ],
    "created_at": "2015-12-03T17:48:14.508Z",
    "updated_at": "2016-04-02T22:50:35.639Z",
    "active": true,
    "product_name": "Apple iPhone 5",
    "slug": "apple-iphone-5",
    "manufacturer": 7,
    "order": 1
  }
},
{
  "model": "myshop.product",
  "pk": 51,
  "fields": {
    "polymorphic_ctype": [
      "myshop",
      "smartphonemodel"
    ],
    "created_at": "2015-12-04T11:00:29.894Z",
    "updated_at": "2016-04-02T21:47:35.862Z",
    "active": true,
    "product_name": "Motorola Atrix",
    "slug": "motorola-atrix",
    "manufacturer": 8,
    "order": 5
  }
},
{
  "model": "myshop.product",
  "pk": 52,
  "fields": {
    "polymorphic_ctype": [
      "myshop",
      "commodity"
    ],
    "created_at": "2016-02-17T15:11:22.355Z",
    "updated_at": "2016-03-28T07:01:12.505Z",
    "active": true,
    "product_name": "Wedding Dress",
    "slug": "wedding-dress",
    "manufacturer": 9,
    "order": 52
  }
},
{
  "model": "myshop.product",
  "pk": 53,
  "fields": {
    "polymorphic_ctype": [
      "myshop",
      "commodity"
    ],
    "created_at": "2016-02-17T15:52:12.565Z",
    "updated_at": "2016-02-17T15:52:52.201Z",
    "active": true,
    "product_name": "Hand Ring",
    "slug": "hand-ring",
    "manufacturer": 10,
    "order": 53
  }
},
{
  "model": "myshop.producttranslation",
  "pk": 1,
  "fields": {
    "language_code": "en",
    "master": 2,
    "description": "<p>SanDisk SDHC and SDXC memory cards are great choices to capture and store your favorite pictures and videos on standard point and shoot cameras. SanDisk SDHC and SDXC memory cards are compatible with cameras, laptops, tablets, and other devices that support the SDHC and SDXC formats, and are capable of recording hours of HDvideo (720p).\u00a0</p>\n"
  }
},
{
  "model": "myshop.producttranslation",
  "pk": 2,
  "fields": {
    "language_code": "de",
    "master": 2,
    "description": "<p>SanDisk SDHC and SDXC memory cards are great choices to capture and store your favorite pictures and videos on standard point and shoot cameras. SanDisk SDHC and SDXC memory cards are compatible with cameras, laptops, tablets, and other devices that support the SDHC and SDXC formats, and are capable of recording hours of HD&nbsp;video (720p).&nbsp;</p>\r\n"
  }
},
{
  "model": "myshop.producttranslation",
  "pk": 3,
  "fields": {
    "language_code": "en",
    "master": 3,
    "description": "<p>SanDisk SDHC and SDXC memory cards are great choices to capture and store your favorite pictures and videos on standard point and shoot cameras. SanDisk SDHC and SDXC memory cards are compatible with cameras, laptops, tablets, and other devices that support the SDHC and SDXC formats, and are capable of recording hours of HDvideo (720p).\u00a0</p>\n"
  }
},
{
  "model": "myshop.producttranslation",
  "pk": 4,
  "fields": {
    "language_code": "de",
    "master": 3,
    "description": "<p>SanDisk SDHC and SDXC memory cards are great choices to capture and store your favorite pictures and videos on standard point and shoot cameras. SanDisk SDHC and SDXC memory cards are compatible with cameras, laptops, tablets, and other devices that support the SDHC and SDXC formats, and are capable of recording hours of HD&nbsp;video (720p).&nbsp;</p>"
  }
},
{
  "model": "myshop.producttranslation",
  "pk": 5,
  "fields": {
    "language_code": "en",
    "master": 4,
    "description": "<p>SanDisk SDHC and SDXC memory cards are great choices to capture and store your favorite pictures and videos on standard point and shoot cameras. SanDisk SDHC and SDXC memory cards are compatible with cameras, laptops, tablets, and other devices that support the SDHC and SDXC formats, and are capable of recording hours of HDvideo (720p).\u00a0</p>\n"
  }
},
{
  "model": "myshop.producttranslation",
  "pk": 6,
  "fields": {
    "language_code": "de",
    "master": 4,
    "description": "<p>SanDisk SDHC and SDXC memory cards are great choices to capture and store your favorite pictures and videos on standard point and shoot cameras. SanDisk SDHC and SDXC memory cards are compatible with cameras, laptops, tablets, and other devices that support the SDHC and SDXC formats, and are capable of recording hours of HD&nbsp;video (720p).&nbsp;</p>\r\n"
  }
},
{
  "model": "myshop.producttranslation",
  "pk": 7,
  "fields": {
    "language_code": "en",
    "master": 5,
    "description": "<p>SanDisk SDHC and SDXC memory cards are great choices to capture and store your favorite pictures and videos on standard point and shoot cameras. SanDisk SDHC and SDXC memory cards are compatible with cameras, laptops, tablets, and other devices that support the SDHC and SDXC formats, and are capable of recording hours of HDvideo (720p).\u00a0</p>\n"
  }
},
{
  "model": "myshop.producttranslation",
  "pk": 8,
  "fields": {
    "language_code": "de",
    "master": 5,
    "description": "<p>SanDisk SDHC and SDXC memory cards are great choices to capture and store your favorite pictures and videos on standard point and shoot cameras. SanDisk SDHC and SDXC memory cards are compatible with cameras, laptops, tablets, and other devices that support the SDHC and SDXC formats, and are capable of recording hours of HDvideo (720p).\u00a0</p>\n"
  }
},
{
  "model": "myshop.producttranslation",
  "pk": 9,
  "fields": {
    "language_code": "en",
    "master": 6,
    "description": "<p>Extreme sports require extreme readiness. SanDisk Extreme PLUS microSDHC and microSDXC UHS-I cards deliver the speed, capacity, durability, and quality you need to make sure your adventure is captured in stunning detail, even if you blink on the way down. Now rated UHS Speed Class 3 (U3)2, this fast, high-performing card teams up with your action camera to let you capture and share unforgettable extreme sports video. Available in capacities from 16GB to 64GB.</p>\n"
  }
},
{
  "model": "myshop.producttranslation",
  "pk": 10,
  "fields": {
    "language_code": "de",
    "master": 6,
    "description": "<p>Extreme sports require extreme readiness. SanDisk Extreme PLUS microSDHC and microSDXC UHS-I cards deliver the speed, capacity, durability, and quality you need to make sure your adventure is captured in stunning detail, even if you blink on the way down. Now rated UHS Speed Class 3 (U3)2, this fast, high-performing card teams up with your action camera to let you capture and share unforgettable extreme sports video. Available in capacities from 16GB to 64GB.</p>\n"
  }
},
{
  "model": "myshop.producttranslation",
  "pk": 11,
  "fields": {
    "language_code": "en",
    "master": 7,
    "description": "<p>Extreme sports require extreme readiness. SanDisk Extreme PLUS microSDHC and microSDXC UHS-I cards deliver the speed, capacity, durability, and quality you need to make sure your adventure is captured in stunning detail, even if you blink on the way down. Now rated UHS Speed Class 3 (U3)2, this fast, high-performing card teams up with your action camera to let you capture and share unforgettable extreme sports video. Available in capacities from 16GB to 64GB.</p>\n"
  }
},
{
  "model": "myshop.producttranslation",
  "pk": 12,
  "fields": {
    "language_code": "de",
    "master": 7,
    "description": "<p>Extreme sports require extreme readiness. SanDisk Extreme PLUS microSDHC and microSDXC UHS-I cards deliver the speed, capacity, durability, and quality you need to make sure your adventure is captured in stunning detail, even if you blink on the way down. Now rated UHS Speed Class 3 (U3)2, this fast, high-performing card teams up with your action camera to let you capture and share unforgettable extreme sports video. Available in capacities from 16GB to 64GB.</p>\n"
  }
},
{
  "model": "myshop.producttranslation",
  "pk": 13,
  "fields": {
    "language_code": "en",
    "master": 8,
    "description": "<p>Extreme sports require extreme readiness. SanDisk Extreme PLUS microSDHC and microSDXC UHS-I cards deliver the speed, capacity, durability, and quality you need to make sure your adventure is captured in stunning detail, even if you blink on the way down. Now rated UHS Speed Class 3 (U3)2, this fast, high-performing card teams up with your action camera to let you capture and share unforgettable extreme sports video. Available in capacities from 16GB to 64GB.</p>\n"
  }
},
{
  "model": "myshop.producttranslation",
  "pk": 14,
  "fields": {
    "language_code": "de",
    "master": 8,
    "description": "<p>Extreme sports require extreme readiness. SanDisk Extreme PLUS microSDHC and microSDXC UHS-I cards deliver the speed, capacity, durability, and quality you need to make sure your adventure is captured in stunning detail, even if you blink on the way down. Now rated UHS Speed Class 3 (U3)2, this fast, high-performing card teams up with your action camera to let you capture and share unforgettable extreme sports video. Available in capacities from 16GB to 64GB.</p>\n"
  }
},
{
  "model": "myshop.producttranslation",
  "pk": 15,
  "fields": {
    "language_code": "en",
    "master": 9,
    "description": "<p>SanDisk Extreme PLUS SDHC and SDXC UHS-I memory cards offer enough speed, capacity, and durability to meet the demands of advanced photographers and passionate shutterbugs alike. Ideal for use with advanced cameras and HD camcorders, this card offers data speeds up to ten times faster than an ordinary memory card1 ensuring you'll never miss the moment.</p>"
  }
},
{
  "model": "myshop.producttranslation",
  "pk": 16,
  "fields": {
    "language_code": "de",
    "master": 9,
    "description": "<p>SanDisk Extreme PLUS SDHC and SDXC UHS-I memory cards offer enough speed, capacity, and durability to meet the demands of advanced photographers and passionate shutterbugs alike. Ideal for use with advanced cameras and HD camcorders, this card offers data speeds up to ten times faster than an ordinary memory card1 ensuring you&#39;ll never miss the moment.</p>\r\n"
  }
},
{
  "model": "myshop.producttranslation",
  "pk": 17,
  "fields": {
    "language_code": "en",
    "master": 10,
    "description": "<p>SanDisk Extreme PLUS SDHC and SDXC UHS-I memory cards offer enough speed, capacity, and durability to meet the demands of advanced photographers and passionate shutterbugs alike. Ideal for use with advanced cameras and HD camcorders, this card offers data speeds up to ten times faster than an ordinary memory card1 ensuring you'll never miss the moment.</p>"
  }
},
{
  "model": "myshop.producttranslation",
  "pk": 18,
  "fields": {
    "language_code": "de",
    "master": 10,
    "description": "<p>SanDisk Extreme PLUS SDHC and SDXC UHS-I memory cards offer enough speed, capacity, and durability to meet the demands of advanced photographers and passionate shutterbugs alike. Ideal for use with advanced cameras and HD camcorders, this card offers data speeds up to ten times faster than an ordinary memory card1 ensuring you&#39;ll never miss the moment.</p>\r\n"
  }
},
{
  "model": "myshop.producttranslation",
  "pk": 19,
  "fields": {
    "language_code": "en",
    "master": 11,
    "description": "<p>SanDisk Extreme PLUS SDHC and SDXC UHS-I memory cards offer enough speed, capacity, and durability to meet the demands of advanced photographers and passionate shutterbugs alike. Ideal for use with advanced cameras and HD camcorders, this card offers data speeds up to ten times faster than an ordinary memory card1 ensuring you'll never miss the moment.</p>"
  }
},
{
  "model": "myshop.producttranslation",
  "pk": 20,
  "fields": {
    "language_code": "de",
    "master": 11,
    "description": "<p>SanDisk Extreme PLUS SDHC and SDXC UHS-I memory cards offer enough speed, capacity, and durability to meet the demands of advanced photographers and passionate shutterbugs alike. Ideal for use with advanced cameras and HD camcorders, this card offers data speeds up to ten times faster than an ordinary memory card1 ensuring you&#39;ll never miss the moment.</p>\r\n"
  }
},
{
  "model": "myshop.producttranslation",
  "pk": 21,
  "fields": {
    "language_code": "en",
    "master": 12,
    "description": "<p>SanDisk Extreme PRO microSDHC/microSDXC UHS-I memory cards now come with up to 64GB1 of storage for uncompromising smartphone, tablet and camera performance. Capture 4K Ultra HD and Full HD videos2 and enjoy transfer speeds of up to 95MB/s3 so you can shoot like a pro and still experience world-class responsiveness from your phone. Class 10 and UHS Speed Class 3 (U3)4 ratings mean your videos can meet today's highest resolution standards.</p>\n"
  }
},
{
  "model": "myshop.producttranslation",
  "pk": 22,
  "fields": {
    "language_code": "de",
    "master": 12,
    "description": "<p>SanDisk Extreme PRO microSDHC/microSDXC UHS-I memory cards now come with up to 64GB1 of storage for uncompromising smartphone, tablet and camera performance. Capture 4K Ultra HD and Full HD videos2 and enjoy transfer speeds of up to 95MB/s3 so you can shoot like a pro and still experience world-class responsiveness from your phone. Class 10 and UHS Speed Class 3 (U3)4 ratings mean your videos can meet today's highest resolution standards.</p>\n"
  }
},
{
  "model": "myshop.producttranslation",
  "pk": 23,
  "fields": {
    "language_code": "en",
    "master": 13,
    "description": "<p>SanDisk Extreme PRO microSDHC/microSDXC UHS-I memory cards now come with up to 64GB1 of storage for uncompromising smartphone, tablet and camera performance. Capture 4K Ultra HD and Full HD videos2 and enjoy transfer speeds of up to 95MB/s3 so you can shoot like a pro and still experience world-class responsiveness from your phone. Class 10 and UHS Speed Class 3 (U3)4 ratings mean your videos can meet today's highest resolution standards.</p>"
  }
},
{
  "model": "myshop.producttranslation",
  "pk": 24,
  "fields": {
    "language_code": "de",
    "master": 13,
    "description": "<p>SanDisk Extreme PRO microSDHC/microSDXC UHS-I memory cards now come with up to 64GB1 of storage for uncompromising smartphone, tablet and camera performance. Capture 4K Ultra HD and Full HD videos2 and enjoy transfer speeds of up to 95MB/s3 so you can shoot like a pro and still experience world-class responsiveness from your phone. Class 10 and UHS Speed Class 3 (U3)4 ratings mean your videos can meet today&#39;s highest resolution standards.</p>\r\n"
  }
},
{
  "model": "myshop.producttranslation",
  "pk": 25,
  "fields": {
    "language_code": "en",
    "master": 14,
    "description": "<p>With write speeds up to 90 MB/s1 and recording at the UHS Speed Class 3 (U3)2 . Our most powerful, highest capacity UHS-I SD memory card enables your DSLR, advanced digital or HD video camera3 to deliver high resolution, real-world color and stutter-free video. Transfer speeds up to 95 MB/s1 ensure that your data moves fast for a more efficient post-production workflow.</p>\n"
  }
},
{
  "model": "myshop.producttranslation",
  "pk": 26,
  "fields": {
    "language_code": "de",
    "master": 14,
    "description": "<p>With write speeds up to 90 MB/s1 and recording at the UHS Speed Class 3 (U3)2 . Our most powerful, highest capacity UHS-I SD memory card enables your DSLR, advanced digital or HD video camera3 to deliver high resolution, real-world color and stutter-free video. Transfer speeds up to 95 MB/s1 ensure that your data moves fast for a more efficient post-production workflow.</p>\n"
  }
},
{
  "model": "myshop.producttranslation",
  "pk": 27,
  "fields": {
    "language_code": "en",
    "master": 15,
    "description": "<p>With write speeds up to 90 MB/s1 and recording at the UHS Speed Class 3 (U3)2 . Our most powerful, highest capacity UHS-I SD memory card enables your DSLR, advanced digital or HD video camera3 to deliver high resolution, real-world color and stutter-free video. Transfer speeds up to 95 MB/s1 ensure that your data moves fast for a more efficient post-production workflow.</p>\n"
  }
},
{
  "model": "myshop.producttranslation",
  "pk": 28,
  "fields": {
    "language_code": "de",
    "master": 15,
    "description": "<p>With write speeds up to 90 MB/s1 and recording at the UHS Speed Class 3 (U3)2 . Our most powerful, highest capacity UHS-I SD memory card enables your DSLR, advanced digital or HD video camera3 to deliver high resolution, real-world color and stutter-free video. Transfer speeds up to 95 MB/s1 ensure that your data moves fast for a more efficient post-production workflow.</p>\r\n"
  }
},
{
  "model": "myshop.producttranslation",
  "pk": 29,
  "fields": {
    "language_code": "en",
    "master": 16,
    "description": "<p>With write speeds up to 90 MB/s1 and recording at the UHS Speed Class 3 (U3)2 . Our most powerful, highest capacity UHS-I SD memory card enables your DSLR, advanced digital or HD video camera3 to deliver high resolution, real-world color and stutter-free video. Transfer speeds up to 95 MB/s1 ensure that your data moves fast for a more efficient post-production workflow.</p>\n"
  }
},
{
  "model": "myshop.producttranslation",
  "pk": 30,
  "fields": {
    "language_code": "de",
    "master": 16,
    "description": "<p>With write speeds up to 90 MB/s1 and recording at the UHS Speed Class 3 (U3)2 . Our most powerful, highest capacity UHS-I SD memory card enables your DSLR, advanced digital or HD video camera3 to deliver high resolution, real-world color and stutter-free video. Transfer speeds up to 95 MB/s1 ensure that your data moves fast for a more efficient post-production workflow.</p>\r\n"
  }
},
{
  "model": "myshop.producttranslation",
  "pk": 31,
  "fields": {
    "language_code": "en",
    "master": 17,
    "description": "<p>With write speeds up to 90 MB/s1 and recording at the UHS Speed Class 3 (U3)2 . Our most powerful, highest capacity UHS-I SD memory card enables your DSLR, advanced digital or HD video camera3 to deliver high resolution, real-world color and stutter-free video. Transfer speeds up to 95 MB/s1 ensure that your data moves fast for a more efficient post-production workflow.</p>"
  }
},
{
  "model": "myshop.producttranslation",
  "pk": 32,
  "fields": {
    "language_code": "de",
    "master": 17,
    "description": "<p>With write speeds up to 90 MB/s1 and recording at the UHS Speed Class 3 (U3)2 . Our most powerful, highest capacity UHS-I SD memory card enables your DSLR, advanced digital or HD video camera3 to deliver high resolution, real-world color and stutter-free video. Transfer speeds up to 95 MB/s1 ensure that your data moves fast for a more efficient post-production workflow.</p>\r\n"
  }
},
{
  "model": "myshop.producttranslation",
  "pk": 33,
  "fields": {
    "language_code": "en",
    "master": 18,
    "description": "<p>With write speeds up to 90 MB/s1 and recording at the UHS Speed Class 3 (U3)2 . Our most powerful, highest capacity UHS-I SD memory card enables your DSLR, advanced digital or HD video camera3 to deliver high resolution, real-world color and stutter-free video. Transfer speeds up to 95 MB/s1 ensure that your data moves fast for a more efficient post-production workflow.</p>"
  }
},
{
  "model": "myshop.producttranslation",
  "pk": 34,
  "fields": {
    "language_code": "de",
    "master": 18,
    "description": "<p>With write speeds up to 90 MB/s1 and recording at the UHS Speed Class 3 (U3)2 . Our most powerful, highest capacity UHS-I SD memory card enables your DSLR, advanced digital or HD video camera3 to deliver high resolution, real-world color and stutter-free video. Transfer speeds up to 95 MB/s1 ensure that your data moves fast for a more efficient post-production workflow.</p>\r\n"
  }
},
{
  "model": "myshop.producttranslation",
  "pk": 35,
  "fields": {
    "language_code": "en",
    "master": 19,
    "description": "<p>With write speeds up to 90 MB/s1 and recording at the UHS Speed Class 3 (U3)2 . Our most powerful, highest capacity UHS-I SD memory card enables your DSLR, advanced digital or HD video camera3 to deliver high resolution, real-world color and stutter-free video. Transfer speeds up to 95 MB/s1 ensure that your data moves fast for a more efficient post-production workflow.</p>"
  }
},
{
  "model": "myshop.producttranslation",
  "pk": 36,
  "fields": {
    "language_code": "de",
    "master": 19,
    "description": "<p>With write speeds up to 90 MB/s1 and recording at the UHS Speed Class 3 (U3)2 . Our most powerful, highest capacity UHS-I SD memory card enables your DSLR, advanced digital or HD video camera3 to deliver high resolution, real-world color and stutter-free video. Transfer speeds up to 95 MB/s1 ensure that your data moves fast for a more efficient post-production workflow.</p>\r\n"
  }
},
{
  "model": "myshop.producttranslation",
  "pk": 37,
  "fields": {
    "language_code": "en",
    "master": 20,
    "description": "<p>Our fastest SDHC/SDXC memory cards, the SanDisk Extreme PRO SDHC/SDXC UHS-II Memory Cards offer uncompromising read and write speeds professional photographers and videographers require. This memory card delivers exceptional read speeds of up to 280MB/s1 for maximum efficiency and write speeds of up to 250MB/s1 to handle all your camera's advanced modes. Optimized for cameras that support the new UHS-II standard, the card has a UHS Speed Class 3 Rating, the highest available to support 4K, Full HD, and 3D video recording2. And with capacities from 16GB to 64GB3 you\u2019ll never have to worry about running out of space.</p>\n"
  }
},
{
  "model": "myshop.producttranslation",
  "pk": 38,
  "fields": {
    "language_code": "de",
    "master": 20,
    "description": "<p>Our fastest SDHC/SDXC memory cards, the SanDisk Extreme PRO SDHC/SDXC UHS-II Memory Cards offer uncompromising read and write speeds professional photographers and videographers require. This memory card delivers exceptional read speeds of up to 280MB/s1 for maximum efficiency and write speeds of up to 250MB/s1 to handle all your camera's advanced modes. Optimized for cameras that support the new UHS-II standard, the card has a UHS Speed Class 3 Rating, the highest available to support 4K, Full HD, and 3D video recording2. And with capacities from 16GB to 64GB3 you\u2019ll never have to worry about running out of space.</p>\n"
  }
},
{
  "model": "myshop.producttranslation",
  "pk": 39,
  "fields": {
    "language_code": "en",
    "master": 21,
    "description": "<p>Our fastest SDHC/SDXC memory cards, the SanDisk Extreme PRO SDHC/SDXC UHS-II Memory Cards offer uncompromising read and write speeds professional photographers and videographers require. This memory card delivers exceptional read speeds of up to 280MB/s1 for maximum efficiency and write speeds of up to 250MB/s1 to handle all your camera's advanced modes. Optimized for cameras that support the new UHS-II standard, the card has a UHS Speed Class 3 Rating, the highest available to support 4K, Full HD, and 3D video recording2. And with capacities from 16GB to 64GB3 you\u2019ll never have to worry about running out of space.</p>"
  }
},
{
  "model": "myshop.producttranslation",
  "pk": 40,
  "fields": {
    "language_code": "de",
    "master": 21,
    "description": "<p>Our fastest SDHC/SDXC memory cards, the SanDisk Extreme PRO SDHC/SDXC UHS-II Memory Cards offer uncompromising read and write speeds professional photographers and videographers require. This memory card delivers exceptional read speeds of up to 280MB/s1 for maximum efficiency and write speeds of up to 250MB/s1 to handle all your camera&#39;s advanced modes. Optimized for cameras that support the new UHS-II standard, the card has a UHS Speed Class 3 Rating, the highest available to support 4K, Full HD, and 3D video recording2. And with capacities from 16GB to 64GB3 you&rsquo;ll never have to worry about running out of space.</p>\r\n"
  }
},
{
  "model": "myshop.producttranslation",
  "pk": 41,
  "fields": {
    "language_code": "en",
    "master": 22,
    "description": "<p>Our fastest SDHC/SDXC memory cards, the SanDisk Extreme PRO SDHC/SDXC UHS-II Memory Cards offer uncompromising read and write speeds professional photographers and videographers require. This memory card delivers exceptional read speeds of up to 280MB/s1 for maximum efficiency and write speeds of up to 250MB/s1 to handle all your camera's advanced modes. Optimized for cameras that support the new UHS-II standard, the card has a UHS Speed Class 3 Rating, the highest available to support 4K, Full HD, and 3D video recording2. And with capacities from 16GB to 64GB3 you\u2019ll never have to worry about running out of space.</p>"
  }
},
{
  "model": "myshop.producttranslation",
  "pk": 42,
  "fields": {
    "language_code": "de",
    "master": 22,
    "description": "<p>Our fastest SDHC/SDXC memory cards, the SanDisk Extreme PRO SDHC/SDXC UHS-II Memory Cards offer uncompromising read and write speeds professional photographers and videographers require. This memory card delivers exceptional read speeds of up to 280MB/s1 for maximum efficiency and write speeds of up to 250MB/s1 to handle all your camera&#39;s advanced modes. Optimized for cameras that support the new UHS-II standard, the card has a UHS Speed Class 3 Rating, the highest available to support 4K, Full HD, and 3D video recording2. And with capacities from 16GB to 64GB3 you&rsquo;ll never have to worry about running out of space.</p>\r\n"
  }
},
{
  "model": "myshop.producttranslation",
  "pk": 43,
  "fields": {
    "language_code": "en",
    "master": 23,
    "description": "<p>Built to stand up to hours of Full HD1 video recording, the SanDisk High Endurance Video Monitoring microSDHC and microSDXC Memory Cards provide the capacity, performance and exceptional reliability today\u2019s home security and dash cams demand. They\u2019re also protected against extreme temperatures, shock, water and x-rays2, so you can be confident the evidence is there when you need it. SanDisk High Endurance Video Monitoring Cards are available in capacities of 32GB and 64GB.</p>"
  }
},
{
  "model": "myshop.producttranslation",
  "pk": 44,
  "fields": {
    "language_code": "de",
    "master": 23,
    "description": "<p>Built to stand up to hours of Full HD1 video recording, the SanDisk High Endurance Video Monitoring microSDHC and microSDXC Memory Cards provide the capacity, performance and exceptional reliability today&rsquo;s home security and dash cams demand. They&rsquo;re also protected against extreme temperatures, shock, water and x-rays2, so you can be confident the evidence is there when you need it. SanDisk High Endurance Video Monitoring Cards are available in capacities of 32GB and 64GB.</p>\r\n"
  }
},
{
  "model": "myshop.producttranslation",
  "pk": 45,
  "fields": {
    "language_code": "en",
    "master": 24,
    "description": "<p>Built to stand up to hours of Full HD1 video recording, the SanDisk High Endurance Video Monitoring microSDHC and microSDXC Memory Cards provide the capacity, performance and exceptional reliability today\u2019s home security and dash cams demand. They\u2019re also protected against extreme temperatures, shock, water and x-rays2, so you can be confident the evidence is there when you need it. SanDisk High Endurance Video Monitoring Cards are available in capacities of 32GB and 64GB.</p>"
  }
},
{
  "model": "myshop.producttranslation",
  "pk": 46,
  "fields": {
    "language_code": "de",
    "master": 24,
    "description": "<p>Built to stand up to hours of Full HD1 video recording, the SanDisk High Endurance Video Monitoring microSDHC and microSDXC Memory Cards provide the capacity, performance and exceptional reliability today&rsquo;s home security and dash cams demand. They&rsquo;re also protected against extreme temperatures, shock, water and x-rays2, so you can be confident the evidence is there when you need it. SanDisk High Endurance Video Monitoring Cards are available in capacities of 32GB and 64GB.</p>\r\n"
  }
},
{
  "model": "myshop.producttranslation",
  "pk": 47,
  "fields": {
    "language_code": "en",
    "master": 25,
    "description": "<p>Store lots of photos and Full HD videos\u2014and transfer them quickly to your computer\u2014using SanDisk Ultra SDXC and SDHC UHS-I Memory Cards. Great for compact-to-midrange point-and-shoot digital cameras and camcorders, these memory cards offer read speeds of up to 40 MB/s and are twice as fast as ordinary SDHC cards, allowing you to take pictures and transfer files quickly. SanDisk Ultra SDXC and SDHC UHS-I Memory Cards come with up to 128 GB of storage and are resistant to water, extreme temperatures, x-rays, and shocks. A label allows you to note what's on the card for easy identification.</p>\n"
  }
},
{
  "model": "myshop.producttranslation",
  "pk": 48,
  "fields": {
    "language_code": "de",
    "master": 25,
    "description": "<p>Store lots of photos and Full HD videos\u2014and transfer them quickly to your computer\u2014using SanDisk Ultra SDXC and SDHC UHS-I Memory Cards. Great for compact-to-midrange point-and-shoot digital cameras and camcorders, these memory cards offer read speeds of up to 40 MB/s and are twice as fast as ordinary SDHC cards, allowing you to take pictures and transfer files quickly. SanDisk Ultra SDXC and SDHC UHS-I Memory Cards come with up to 128 GB of storage and are resistant to water, extreme temperatures, x-rays, and shocks. A label allows you to note what's on the card for easy identification.</p>\n"
  }
},
{
  "model": "myshop.producttranslation",
  "pk": 49,
  "fields": {
    "language_code": "en",
    "master": 26,
    "description": "<p>Store lots of photos and Full HD videos\u2014and transfer them quickly to your computer\u2014using SanDisk Ultra SDXC and SDHC UHS-I Memory Cards. Great for compact-to-midrange point-and-shoot digital cameras and camcorders, these memory cards offer read speeds of up to 40 MB/s and are twice as fast as ordinary SDHC cards, allowing you to take pictures and transfer files quickly. SanDisk Ultra SDXC and SDHC UHS-I Memory Cards come with up to 128 GB of storage and are resistant to water, extreme temperatures, x-rays, and shocks. A label allows you to note what's on the card for easy identification.</p>\n"
  }
},
{
  "model": "myshop.producttranslation",
  "pk": 50,
  "fields": {
    "language_code": "de",
    "master": 26,
    "description": "<p>Store lots of photos and Full HD videos\u2014and transfer them quickly to your computer\u2014using SanDisk Ultra SDXC and SDHC UHS-I Memory Cards. Great for compact-to-midrange point-and-shoot digital cameras and camcorders, these memory cards offer read speeds of up to 40 MB/s and are twice as fast as ordinary SDHC cards, allowing you to take pictures and transfer files quickly. SanDisk Ultra SDXC and SDHC UHS-I Memory Cards come with up to 128 GB of storage and are resistant to water, extreme temperatures, x-rays, and shocks. A label allows you to note what's on the card for easy identification.</p>\n"
  }
},
{
  "model": "myshop.producttranslation",
  "pk": 51,
  "fields": {
    "language_code": "en",
    "master": 27,
    "description": "<p>Store lots of photos and Full HD videos\u2014and transfer them quickly to your computer\u2014using SanDisk Ultra SDXC and SDHC UHS-I Memory Cards. Great for compact-to-midrange point-and-shoot digital cameras and camcorders, these memory cards offer read speeds of up to 40 MB/s and are twice as fast as ordinary SDHC cards, allowing you to take pictures and transfer files quickly. SanDisk Ultra SDXC and SDHC UHS-I Memory Cards come with up to 128 GB of storage and are resistant to water, extreme temperatures, x-rays, and shocks. A label allows you to note what's on the card for easy identification.</p>\n"
  }
},
{
  "model": "myshop.producttranslation",
  "pk": 52,
  "fields": {
    "language_code": "de",
    "master": 27,
    "description": "<p>Store lots of photos and Full HD videos\u2014and transfer them quickly to your computer\u2014using SanDisk Ultra SDXC and SDHC UHS-I Memory Cards. Great for compact-to-midrange point-and-shoot digital cameras and camcorders, these memory cards offer read speeds of up to 40 MB/s and are twice as fast as ordinary SDHC cards, allowing you to take pictures and transfer files quickly. SanDisk Ultra SDXC and SDHC UHS-I Memory Cards come with up to 128 GB of storage and are resistant to water, extreme temperatures, x-rays, and shocks. A label allows you to note what's on the card for easy identification.</p>\n"
  }
},
{
  "model": "myshop.producttranslation",
  "pk": 53,
  "fields": {
    "language_code": "en",
    "master": 28,
    "description": "<p>Store lots of photos and Full HD videos\u2014and transfer them quickly to your computer\u2014using SanDisk Ultra SDXC and SDHC UHS-I Memory Cards. Great for compact-to-midrange point-and-shoot digital cameras and camcorders, these memory cards offer read speeds of up to 40 MB/s and are twice as fast as ordinary SDHC cards, allowing you to take pictures and transfer files quickly. SanDisk Ultra SDXC and SDHC UHS-I Memory Cards come with up to 128 GB of storage and are resistant to water, extreme temperatures, x-rays, and shocks. A label allows you to note what's on the card for easy identification.</p>\n"
  }
},
{
  "model": "myshop.producttranslation",
  "pk": 54,
  "fields": {
    "language_code": "de",
    "master": 28,
    "description": "<p>Store lots of photos and Full HD videos\u2014and transfer them quickly to your computer\u2014using SanDisk Ultra SDXC and SDHC UHS-I Memory Cards. Great for compact-to-midrange point-and-shoot digital cameras and camcorders, these memory cards offer read speeds of up to 40 MB/s and are twice as fast as ordinary SDHC cards, allowing you to take pictures and transfer files quickly. SanDisk Ultra SDXC and SDHC UHS-I Memory Cards come with up to 128 GB of storage and are resistant to water, extreme temperatures, x-rays, and shocks. A label allows you to note what's on the card for easy identification.</p>\n"
  }
},
{
  "model": "myshop.producttranslation",
  "pk": 55,
  "fields": {
    "language_code": "en",
    "master": 29,
    "description": "<p>Store lots of photos and Full HD videos\u2014and transfer them quickly to your computer\u2014using SanDisk Ultra SDXC and SDHC UHS-I Memory Cards. Great for compact-to-midrange point-and-shoot digital cameras and camcorders, these memory cards offer read speeds of up to 40 MB/s and are twice as fast as ordinary SDHC cards, allowing you to take pictures and transfer files quickly. SanDisk Ultra SDXC and SDHC UHS-I Memory Cards come with up to 128 GB of storage and are resistant to water, extreme temperatures, x-rays, and shocks. A label allows you to note what's on the card for easy identification.</p>\n"
  }
},
{
  "model": "myshop.producttranslation",
  "pk": 56,
  "fields": {
    "language_code": "de",
    "master": 29,
    "description": "<p>Store lots of photos and Full HD videos\u2014and transfer them quickly to your computer\u2014using SanDisk Ultra SDXC and SDHC UHS-I Memory Cards. Great for compact-to-midrange point-and-shoot digital cameras and camcorders, these memory cards offer read speeds of up to 40 MB/s and are twice as fast as ordinary SDHC cards, allowing you to take pictures and transfer files quickly. SanDisk Ultra SDXC and SDHC UHS-I Memory Cards come with up to 128 GB of storage and are resistant to water, extreme temperatures, x-rays, and shocks. A label allows you to note what's on the card for easy identification.</p>\n"
  }
},
{
  "model": "myshop.producttranslation",
  "pk": 57,
  "fields": {
    "language_code": "en",
    "master": 31,
    "description": "<p>Take better pictures and Full HD videos with your compact to mid-range point and shoot camera or camcorder. With SanDisk Ultra\u00ae UHS-I cards you\u2019ll benefit from faster downloads and better performance to capture and store up to 64GB of high quality pictures and Full HD video. Take advantage of ultra-fast read speeds of up to 30MB/s to save time moving photos and videos from the card to your computer.</p>\n"
  }
},
{
  "model": "myshop.producttranslation",
  "pk": 58,
  "fields": {
    "language_code": "de",
    "master": 31,
    "description": "<p>Take better pictures and Full HD videos with your compact to mid-range point and shoot camera or camcorder. With SanDisk Ultra\u00ae UHS-I cards you\u2019ll benefit from faster downloads and better performance to capture and store up to 64GB of high quality pictures and Full HD video. Take advantage of ultra-fast read speeds of up to 30MB/s to save time moving photos and videos from the card to your computer.</p>\n"
  }
},
{
  "model": "myshop.producttranslation",
  "pk": 59,
  "fields": {
    "language_code": "en",
    "master": 32,
    "description": "<p>Take better pictures and Full HD videos with your compact to mid-range point and shoot camera or camcorder. With SanDisk Ultra\u00ae UHS-I cards you\u2019ll benefit from faster downloads and better performance to capture and store up to 64GB of high quality pictures and Full HD video. Take advantage of ultra-fast read speeds of up to 30MB/s to save time moving photos and videos from the card to your computer.</p>\n"
  }
},
{
  "model": "myshop.producttranslation",
  "pk": 60,
  "fields": {
    "language_code": "de",
    "master": 32,
    "description": "<p>Take better pictures and Full HD videos with your compact to mid-range point and shoot camera or camcorder. With SanDisk Ultra\u00ae UHS-I cards you\u2019ll benefit from faster downloads and better performance to capture and store up to 64GB of high quality pictures and Full HD video. Take advantage of ultra-fast read speeds of up to 30MB/s to save time moving photos and videos from the card to your computer.</p>\n"
  }
},
{
  "model": "myshop.producttranslation",
  "pk": 61,
  "fields": {
    "language_code": "en",
    "master": 33,
    "description": "<p>Take better pictures and Full HD videos with your compact to mid-range point and shoot camera or camcorder. With SanDisk Ultra\u00ae UHS-I cards you\u2019ll benefit from faster downloads and better performance to capture and store up to 64GB of high quality pictures and Full HD video. Take advantage of ultra-fast read speeds of up to 30MB/s to save time moving photos and videos from the card to your computer.</p>\n"
  }
},
{
  "model": "myshop.producttranslation",
  "pk": 62,
  "fields": {
    "language_code": "de",
    "master": 33,
    "description": "<p>Take better pictures and Full HD videos with your compact to mid-range point and shoot camera or camcorder. With SanDisk Ultra\u00ae UHS-I cards you\u2019ll benefit from faster downloads and better performance to capture and store up to 64GB of high quality pictures and Full HD video. Take advantage of ultra-fast read speeds of up to 30MB/s to save time moving photos and videos from the card to your computer.</p>\n"
  }
},
{
  "model": "myshop.producttranslation",
  "pk": 63,
  "fields": {
    "language_code": "en",
    "master": 34,
    "description": "<p>Shoot and save more high-quality photos and Full HD video2 on your Android smartphone or tablet with SanDisk Ultra PLUS microSDHC\u2122 and microSDXC\u2122 UHS-I Cards. With storage capacities up to 128GB3, you can take more photos and videos without worrying about running out of space.</p>\n"
  }
},
{
  "model": "myshop.producttranslation",
  "pk": 64,
  "fields": {
    "language_code": "de",
    "master": 34,
    "description": "<p>Shoot and save more high-quality photos and Full HD video2 on your Android smartphone or tablet with SanDisk Ultra PLUS microSDHC\u2122 and microSDXC\u2122 UHS-I Cards. With storage capacities up to 128GB3, you can take more photos and videos without worrying about running out of space.</p>\n"
  }
},
{
  "model": "myshop.producttranslation",
  "pk": 65,
  "fields": {
    "language_code": "en",
    "master": 35,
    "description": "<p>Shoot and save more high-quality photos and Full HD video2 on your Android smartphone or tablet with SanDisk Ultra PLUS microSDHC\u2122 and microSDXC\u2122 UHS-I Cards. With storage capacities up to 128GB3, you can take more photos and videos without worrying about running out of space.</p>\n"
  }
},
{
  "model": "myshop.producttranslation",
  "pk": 66,
  "fields": {
    "language_code": "de",
    "master": 35,
    "description": "<p>Shoot and save more high-quality photos and Full HD video2 on your Android smartphone or tablet with SanDisk Ultra PLUS microSDHC\u2122 and microSDXC\u2122 UHS-I Cards. With storage capacities up to 128GB3, you can take more photos and videos without worrying about running out of space.</p>\n"
  }
},
{
  "model": "myshop.producttranslation",
  "pk": 67,
  "fields": {
    "language_code": "en",
    "master": 36,
    "description": "<p>Shoot and save more high-quality photos and Full HD video on your Android smartphone or tablet with SanDisk Ultra PLUS microSDHC\u2122 and microSDXC\u2122 UHS-I Cards. With storage capacities up to 128GB3, you can take more photos and videos without worrying about running out of space.</p>\n"
  }
},
{
  "model": "myshop.producttranslation",
  "pk": 68,
  "fields": {
    "language_code": "de",
    "master": 36,
    "description": "<p>Shoot and save more high-quality photos and Full HD video on your Android smartphone or tablet with SanDisk Ultra PLUS microSDHC\u2122 and microSDXC\u2122 UHS-I Cards. With storage capacities up to 128GB3, you can take more photos and videos without worrying about running out of space.</p>\n"
  }
},
{
  "model": "myshop.producttranslation",
  "pk": 69,
  "fields": {
    "language_code": "en",
    "master": 38,
    "description": "<p>Shoot and save more high-quality photos and Full HD video on your Android smartphone or tablet with SanDisk Ultra PLUS microSDHC\u2122 and microSDXC\u2122 UHS-I Cards. With storage capacities up to 128GB3, you can take more photos and videos without worrying about running out of space.</p>\n"
  }
},
{
  "model": "myshop.producttranslation",
  "pk": 70,
  "fields": {
    "language_code": "de",
    "master": 38,
    "description": "<p>Shoot and save more high-quality photos and Full HD video on your Android smartphone or tablet with SanDisk Ultra PLUS microSDHC\u2122 and microSDXC\u2122 UHS-I Cards. With storage capacities up to 128GB3, you can take more photos and videos without worrying about running out of space.</p>\n"
  }
},
{
  "model": "myshop.producttranslation",
  "pk": 71,
  "fields": {
    "language_code": "en",
    "master": 40,
    "description": "<p>Store lots of photos and Full HD videos\u2014and transfer them quickly to your computer\u2014using SanDisk Ultra PLUS SDXC and SDHC UHS-I Memory Cards. Great for compact-to-midrange point-and-shoot digital cameras and camcorders, these memory cards offer read speeds of up to 48 MB/s and are twice as fast as ordinary SDHC cards, allowing you to take pictures and transfer files quickly. SanDisk Ultra PLUS SDXC and SDHC UHS-I Memory Cards come with up to 128 GB of storage and are resistant to water, extreme temperatures, x-rays, and shocks. A label allows you to note what's on the card for easy identification.</p>\n"
  }
},
{
  "model": "myshop.producttranslation",
  "pk": 72,
  "fields": {
    "language_code": "de",
    "master": 40,
    "description": "<p>Store lots of photos and Full HD videos\u2014and transfer them quickly to your computer\u2014using SanDisk Ultra PLUS SDXC and SDHC UHS-I Memory Cards. Great for compact-to-midrange point-and-shoot digital cameras and camcorders, these memory cards offer read speeds of up to 48 MB/s and are twice as fast as ordinary SDHC cards, allowing you to take pictures and transfer files quickly. SanDisk Ultra PLUS SDXC and SDHC UHS-I Memory Cards come with up to 128 GB of storage and are resistant to water, extreme temperatures, x-rays, and shocks. A label allows you to note what's on the card for easy identification.</p>\n"
  }
},
{
  "model": "myshop.producttranslation",
  "pk": 73,
  "fields": {
    "language_code": "en",
    "master": 41,
    "description": "<p>Store lots of photos and Full HD videos\u2014and transfer them quickly to your computer\u2014using SanDisk Ultra PLUS SDXC and SDHC UHS-I Memory Cards. Great for compact-to-midrange point-and-shoot digital cameras and camcorders, these memory cards offer read speeds of up to 48 MB/s and are twice as fast as ordinary SDHC cards, allowing you to take pictures and transfer files quickly. SanDisk Ultra PLUS SDXC and SDHC UHS-I Memory Cards come with up to 128 GB of storage and are resistant to water, extreme temperatures, x-rays, and shocks. A label allows you to note what's on the card for easy identification.</p>\n"
  }
},
{
  "model": "myshop.producttranslation",
  "pk": 74,
  "fields": {
    "language_code": "de",
    "master": 41,
    "description": "<p>Store lots of photos and Full HD videos\u2014and transfer them quickly to your computer\u2014using SanDisk Ultra PLUS SDXC and SDHC UHS-I Memory Cards. Great for compact-to-midrange point-and-shoot digital cameras and camcorders, these memory cards offer read speeds of up to 48 MB/s and are twice as fast as ordinary SDHC cards, allowing you to take pictures and transfer files quickly. SanDisk Ultra PLUS SDXC and SDHC UHS-I Memory Cards come with up to 128 GB of storage and are resistant to water, extreme temperatures, x-rays, and shocks. A label allows you to note what's on the card for easy identification.</p>\n"
  }
},
{
  "model": "myshop.producttranslation",
  "pk": 77,
  "fields": {
    "language_code": "en",
    "master": 43,
    "description": "<p>Store lots of photos and Full HD videos\u2014and transfer them quickly to your computer\u2014using SanDisk Ultra PLUS SDXC and SDHC UHS-I Memory Cards. Great for compact-to-midrange point-and-shoot digital cameras and camcorders, these memory cards offer read speeds of up to 48 MB/s and are twice as fast as ordinary SDHC cards, allowing you to take pictures and transfer files quickly. SanDisk Ultra PLUS SDXC and SDHC UHS-I Memory Cards come with up to 128 GB of storage and are resistant to water, extreme temperatures, x-rays, and shocks. A label allows you to note what's on the card for easy identification.</p>\n"
  }
},
{
  "model": "myshop.producttranslation",
  "pk": 78,
  "fields": {
    "language_code": "de",
    "master": 43,
    "description": "<p>Store lots of photos and Full HD videos\u2014and transfer them quickly to your computer\u2014using SanDisk Ultra PLUS SDXC and SDHC UHS-I Memory Cards. Great for compact-to-midrange point-and-shoot digital cameras and camcorders, these memory cards offer read speeds of up to 48 MB/s and are twice as fast as ordinary SDHC cards, allowing you to take pictures and transfer files quickly. SanDisk Ultra PLUS SDXC and SDHC UHS-I Memory Cards come with up to 128 GB of storage and are resistant to water, extreme temperatures, x-rays, and shocks. A label allows you to note what's on the card for easy identification.</p>\n"
  }
},
{
  "model": "myshop.producttranslation",
  "pk": 79,
  "fields": {
    "language_code": "en",
    "master": 44,
    "description": "<p>Store lots of photos and Full HD videos\u2014and transfer them quickly to your computer\u2014using SanDisk Ultra PLUS SDXC and SDHC UHS-I Memory Cards. Great for compact-to-midrange point-and-shoot digital cameras and camcorders, these memory cards offer read speeds of up to 48 MB/s and are twice as fast as ordinary SDHC cards, allowing you to take pictures and transfer files quickly. SanDisk Ultra PLUS SDXC and SDHC UHS-I Memory Cards come with up to 128 GB of storage and are resistant to water, extreme temperatures, x-rays, and shocks. A label allows you to note what's on the card for easy identification.</p>\n"
  }
},
{
  "model": "myshop.producttranslation",
  "pk": 80,
  "fields": {
    "language_code": "de",
    "master": 44,
    "description": "<p>Store lots of photos and Full HD videos&mdash;and transfer them quickly to your computer&mdash;using SanDisk Ultra PLUS SDXC and SDHC UHS-I Memory Cards. Great for compact-to-midrange point-and-shoot digital cameras and camcorders, these memory cards offer read speeds of up to 48 MB/s and are twice as fast as ordinary SDHC cards, allowing you to take pictures and transfer files quickly. SanDisk Ultra PLUS SDXC and SDHC UHS-I Memory Cards come with up to 128 GB of storage and are resistant to water, extreme temperatures, x-rays, and shocks. A label allows you to note what&#39;s on the card for easy identification.</p>\r\n"
  }
},
{
  "model": "myshop.producttranslation",
  "pk": 81,
  "fields": {
    "language_code": "en",
    "master": 1,
    "description": "<p>SanDisk SDHC and SDXC memory cards are great choices to capture and store your favorite pictures and videos on standard point and shoot cameras. SanDisk SDHC and SDXC memory cards are compatible with cameras, laptops, tablets, and other devices that support the SDHC and SDXC formats, and are capable of recording hours of HDvideo (720p).\u00a0</p>\n"
  }
},
{
  "model": "myshop.producttranslation",
  "pk": 82,
  "fields": {
    "language_code": "de",
    "master": 1,
    "description": "<p>SanDisk SDHC and SDXC memory cards are great choices to capture and store your favorite pictures and videos on standard point and shoot cameras. SanDisk SDHC and SDXC memory cards are compatible with cameras, laptops, tablets, and other devices that support the SDHC and SDXC formats, and are capable of recording hours of HDvideo (720p).\u00a0</p>\n"
  }
},
{
  "model": "myshop.producttranslation",
  "pk": 83,
  "fields": {
    "language_code": "de",
    "master": 45,
    "description": "<p>The Kyocera Hydro Edge is the second-generation of Kyocera&#39;s popular Hydro Series of phones. It is certified IP57 waterproof and has Kyocera&#39;s proprietary Smart Sonic Receiver technology, all at an affordable price-point for pre- or post-paid customers on the Sprint and Boost Mobile networks.</p>\r\n"
  }
},
{
  "model": "myshop.producttranslation",
  "pk": 84,
  "fields": {
    "language_code": "de",
    "master": 46,
    "description": "<p>Nexus 4 is the new smartphone from Google. With cutting edge hardware, the latest version of Android, and access to your favorite entertainment on Google Play -- Nexus 4 puts the best of Google in the palm of your hand. Available in 8 GB or 16 GB.</p>\r\n"
  }
},
{
  "model": "myshop.producttranslation",
  "pk": 85,
  "fields": {
    "language_code": "de",
    "master": 47,
    "description": "<p>With its ruggedized design, you can confidently take the Galaxy S6 active on the road, to a jobsite or anywhere else work takes you. With Samsung KNOX&trade;, you can protect all your files from viruses and hackers with built-in, defense-grade security. And with an ultra-fast processor and multi-tasking technology, your teams can get a lot more done.</p>\r\n"
  }
},
{
  "model": "myshop.producttranslation",
  "pk": 86,
  "fields": {
    "language_code": "de",
    "master": 48,
    "description": "<p>Your greatest moments, from life to phone to big screen, in beautifully vivid detail. The Xperia&trade; TL&rsquo;s HD Reality Display lets you see everything sharper, faster, better. See your photos like never before with the &ldquo;Album&rdquo; app. Videos and pictures are crisp in every detail with no jagged edges or blurry faces. Your memories have never been more beautiful.</p>\r\n"
  }
},
{
  "model": "myshop.producttranslation",
  "pk": 87,
  "fields": {
    "language_code": "de",
    "master": 49,
    "description": "<p>The HTC EVO Design 4G&trade; stands out from the crowd, inside and out&mdash;and because it&#39;s a world phone, it&#39;s always ready to jet.</p>\r\n\r\n<p>A phone that thinks like you<br />\r\nHTC Sense&trade; lets you do more in fewer steps with a logical and friendly experience that brings everything you care about right to the surface.</p>\r\n\r\n<p>Leave your bulky point and shoot at home<br />\r\nThe HTC EVO Design 4G has a 5 MP camera with HD video recording&mdash;and the F2.2 lens gets great shots, even in low light. A 1.3 MP front-facing camera can help snap perfect profile pics.</p>\r\n\r\n<p>Be entertained&mdash; anytime, anywhere<br />\r\nHTC Watch&trade; lets you watch shows and movies on the go. The HTC EVO Design 4G is an entertainment machine, for everything from books to games to music.</p>\r\n\r\n<p>Put a spring in your step<br />\r\nThe HTC EVO Design 4G is fast. Its snappy 1.2 GHz processor combined with Sprint&#39;s 4G speeds will help you make things happen.</p>\r\n"
  }
},
{
  "model": "myshop.producttranslation",
  "pk": 88,
  "fields": {
    "language_code": "de",
    "master": 50,
    "description": "<p>iPhone 5s comes in two storage sizes: 16GB and 32GB. The term &ldquo;GB&rdquo; stands for gigabytes. The more gigabytes you have, the more content you can store on your iPhone, such as apps, games, photos, HD videos, music, and movies. For example, if you have a large music or photo library or lots of apps, it&rsquo;s a good idea to consider an iPhone with a larger storage capacity. If you rarely download apps or you don&rsquo;t take many photos or videos, an iPhone with a smaller capacity may be better for you. When deciding which size to choose, be sure to consider how your storage needs may change over time. Check the storage capacity of your current iPhone and see how much storage you&rsquo;re using.</p>"
  }
},
{
  "model": "myshop.producttranslation",
  "pk": 89,
  "fields": {
    "language_code": "en",
    "master": 50,
    "description": "<p>iPhone 5s comes in two storage sizes: 16GB and 32GB. The term &ldquo;GB&rdquo; stands for gigabytes. The more gigabytes you have, the more content you can store on your iPhone, such as apps, games, photos, HD videos, music, and movies. For example, if you have a large music or photo library or lots of apps, it&rsquo;s a good idea to consider an iPhone with a larger storage capacity. If you rarely download apps or you don&rsquo;t take many photos or videos, an iPhone with a smaller capacity may be better for you. When deciding which size to choose, be sure to consider how your storage needs may change over time. Check the storage capacity of your current iPhone and see how much storage you&rsquo;re using.</p>\r\n"
  }
},
{
  "model": "myshop.producttranslation",
  "pk": 90,
  "fields": {
    "language_code": "de",
    "master": 51,
    "description": "<p>MOTOROLA ATRIX 4G gives you dual-core processing power and the revolutionary webtop application. With webtop and a compatible Motorola docking station, sold separately, you can surf the Internet with a full Firefox browser, create and edit docs, or access multimedia on a large screen almost anywhere.</p>\r\n"
  }
},
{
  "model": "myshop.producttranslation",
  "pk": 91,
  "fields": {
    "language_code": "en",
    "master": 51,
    "description": "<p>MOTOROLA ATRIX 4G gives you dual-core processing power and the revolutionary webtop application. With webtop and a compatible Motorola docking station, sold separately, you can surf the Internet with a full Firefox browser, create and edit docs, or access multimedia on a large screen almost anywhere.</p>\r\n"
  }
},
{
  "model": "myshop.producttranslation",
  "pk": 92,
  "fields": {
    "language_code": "en",
    "master": 46,
    "description": "<p>Nexus 4 is the new smartphone from Google. With cutting edge hardware, the latest version of Android, and access to your favorite entertainment on Google Play -- Nexus 4 puts the best of Google in the palm of your hand. Available in 8 GB or 16 GB.</p>\r\n"
  }
},
{
  "model": "myshop.producttranslation",
  "pk": 93,
  "fields": {
    "language_code": "en",
    "master": 47,
    "description": "<p>With its ruggedized design, you can confidently take the Galaxy S6 active on the road, to a jobsite or anywhere else work takes you. With Samsung KNOX&trade;, you can protect all your files from viruses and hackers with built-in, defense-grade security. And with an ultra-fast processor and multi-tasking technology, your teams can get a lot more done.</p>\r\n"
  }
},
{
  "model": "myshop.producttranslation",
  "pk": 94,
  "fields": {
    "language_code": "en",
    "master": 48,
    "description": "<p>Your greatest moments, from life to phone to big screen, in beautifully vivid detail. The Xperia&trade; TL&rsquo;s HD Reality Display lets you see everything sharper, faster, better. See your photos like never before with the &ldquo;Album&rdquo; app. Videos and pictures are crisp in every detail with no jagged edges or blurry faces. Your memories have never been more beautiful.</p>\r\n"
  }
},
{
  "model": "myshop.producttranslation",
  "pk": 95,
  "fields": {
    "language_code": "en",
    "master": 45,
    "description": "<p>The Kyocera Hydro Edge is the second-generation of Kyocera&#39;s popular Hydro Series of phones. It is certified IP57 waterproof and has Kyocera&#39;s proprietary Smart Sonic Receiver technology, all at an affordable price-point for pre- or post-paid customers on the Sprint and Boost Mobile networks.</p>\r\n"
  }
},
{
  "model": "myshop.producttranslation",
  "pk": 96,
  "fields": {
    "language_code": "en",
    "master": 49,
    "description": "<p>The HTC EVO Design 4G&trade; stands out from the crowd, inside and out&mdash;and because it&#39;s a world phone, it&#39;s always ready to jet.</p>\r\n\r\n<p>A phone that thinks like you<br />\r\nHTC Sense&trade; lets you do more in fewer steps with a logical and friendly experience that brings everything you care about right to the surface.</p>\r\n\r\n<p>Leave your bulky point and shoot at home<br />\r\nThe HTC EVO Design 4G has a 5 MP camera with HD video recording&mdash;and the F2.2 lens gets great shots, even in low light. A 1.3 MP front-facing camera can help snap perfect profile pics.</p>\r\n\r\n<p>Be entertained&mdash; anytime, anywhere<br />\r\nHTC Watch&trade; lets you watch shows and movies on the go. The HTC EVO Design 4G is an entertainment machine, for everything from books to games to music.</p>\r\n\r\n<p>Put a spring in your step<br />\r\nThe HTC EVO Design 4G is fast. Its snappy 1.2 GHz processor combined with Sprint&#39;s 4G speeds will help you make things happen.</p>\r\n"
  }
},
{
  "model": "myshop.producttranslation",
  "pk": 97,
  "fields": {
    "language_code": "de",
    "master": 52,
    "description": "<p>Maecenas sed diam eget risus varius blandit sit amet non magna. Cras mattis consectetur purus sit amet fermentum.</p>\r\n"
  }
},
{
  "model": "myshop.producttranslation",
  "pk": 98,
  "fields": {
    "language_code": "en",
    "master": 52,
    "description": "<p>Vivamus sagittis lacus vel augue laoreet rutrum faucibus dolor auctor. Morbi leo risus, porta ac consectetur ac, vestibulum at eros.</p>"
  }
},
{
  "model": "myshop.producttranslation",
  "pk": 99,
  "fields": {
    "language_code": "de",
    "master": 53,
    "description": "<p>Cum sociis natoque penatibus et magnis dis parturient montes, nascetur ridiculus mus. Fusce dapibus, tellus ac cursus commodo, tortor mauris condimentum nibh, ut fermentum massa justo sit amet risus. Maecenas faucibus mollis interdum. Donec id elit non mi porta gravida at eget metus. Cum sociis natoque penatibus et magnis dis parturient montes, nascetur ridiculus mus. Morbi leo risus, porta ac consectetur ac, vestibulum at eros. Cras mattis consectetur purus sit amet fermentum. Morbi leo risus, porta ac consectetur ac, vestibulum at eros. Donec ullamcorper nulla non metus auctor fringilla. Donec ullamcorper nulla non metus auctor fringilla. Nullam quis risus eget urna mollis ornare vel eu leo.</p>\r\n"
  }
},
{
  "model": "myshop.producttranslation",
  "pk": 100,
  "fields": {
    "language_code": "en",
    "master": 53,
    "description": "<p>Donec id elit non mi porta gravida at eget metus. Duis mollis, est non commodo luctus, nisi erat porttitor ligula, eget lacinia odio sem nec elit. Donec ullamcorper nulla non metus auctor fringilla. Lorem ipsum dolor sit amet, consectetur adipiscing elit. Donec id elit non mi porta gravida at eget metus. Donec ullamcorper nulla non metus auctor fringilla. Vestibulum id ligula porta felis euismod semper. Cras mattis consectetur purus sit amet fermentum. Nulla vitae elit libero, a pharetra augue. Integer posuere erat a ante venenatis dapibus posuere velit aliquet. Donec id elit non mi porta gravida at eget metus.</p>\r\n"
  }
},
{
  "model": "myshop.smartcard",
  "pk": 1,
  "fields": {
    "unit_price": 3.99,
    "card_type": "SDHC",
    "speed": "4",
    "product_code": "1041",
    "storage": 4
  }
},
{
  "model": "myshop.smartcard",
  "pk": 2,
  "fields": {
    "unit_price": 5.99,
    "card_type": "SDHC",
    "speed": "4",
    "product_code": "1001",
    "storage": 8
  }
},
{
  "model": "myshop.smartcard",
  "pk": 3,
  "fields": {
    "unit_price": 7.99,
    "card_type": "SDHC",
    "speed": "4",
    "product_code": "1002",
    "storage": 16
  }
},
{
  "model": "myshop.smartcard",
  "pk": 5,
  "fields": {
    "unit_price": 13.99,
    "card_type": "SDXC",
    "speed": "4",
    "product_code": "1004",
    "storage": 64
  }
},
{
  "model": "myshop.smartcard",
  "pk": 7,
  "fields": {
    "unit_price": 11.49,
    "card_type": "micro SDHC",
    "speed": "80",
    "product_code": "1006",
    "storage": 32
  }
},
{
  "model": "myshop.smartcard",
  "pk": 9,
  "fields": {
    "unit_price": 8.49,
    "card_type": "SDHC",
    "speed": "80",
    "product_code": "1008",
    "storage": 16
  }
},
{
  "model": "myshop.smartcard",
  "pk": 8,
  "fields": {
    "unit_price": 14.49,
    "card_type": "micro SDXC",
    "speed": "80",
    "product_code": "1007",
    "storage": 64
  }
},
{
  "model": "myshop.smartcard",
  "pk": 4,
  "fields": {
    "unit_price": 9.99,
    "card_type": "SDHC",
    "speed": "4",
    "product_code": "1003",
    "storage": 32
  }
},
{
  "model": "myshop.smartcard",
  "pk": 10,
  "fields": {
    "unit_price": 10.49,
    "card_type": "SDHC",
    "speed": "80",
    "product_code": "1009",
    "storage": 32
  }
},
{
  "model": "myshop.smartcard",
  "pk": 11,
  "fields": {
    "unit_price": 13.79,
    "card_type": "SDXC",
    "speed": "80",
    "product_code": "1010",
    "storage": 64
  }
},
{
  "model": "myshop.smartcard",
  "pk": 12,
  "fields": {
    "unit_price": 12.99,
    "card_type": "micro SDXC",
    "speed": "95",
    "product_code": "1011",
    "storage": 32
  }
},
{
  "model": "myshop.smartcard",
  "pk": 6,
  "fields": {
    "unit_price": 8.49,
    "card_type": "micro SDHC",
    "speed": "80",
    "product_code": "1005",
    "storage": 16
  }
},
{
  "model": "myshop.smartcard",
  "pk": 13,
  "fields": {
    "unit_price": 16.99,
    "card_type": "SDXC",
    "speed": "95",
    "product_code": "1012",
    "storage": 64
  }
},
{
  "model": "myshop.smartcard",
  "pk": 14,
  "fields": {
    "unit_price": 9.99,
    "card_type": "SDHC",
    "speed": "95",
    "product_code": "1013",
    "storage": 16
  }
},
{
  "model": "myshop.smartcard",
  "pk": 15,
  "fields": {
    "unit_price": 13.99,
    "card_type": "SDHC",
    "speed": "95",
    "product_code": "1014",
    "storage": 32
  }
},
{
  "model": "myshop.smartcard",
  "pk": 16,
  "fields": {
    "unit_price": 17.99,
    "card_type": "micro SDXC",
    "speed": "95",
    "product_code": "1015",
    "storage": 64
  }
},
{
  "model": "myshop.smartcard",
  "pk": 17,
  "fields": {
    "unit_price": 24.99,
    "card_type": "SDXC",
    "speed": "95",
    "product_code": "1016",
    "storage": 128
  }
},
{
  "model": "myshop.smartcard",
  "pk": 18,
  "fields": {
    "unit_price": 36.99,
    "card_type": "SDXC",
    "speed": "95",
    "product_code": "1017",
    "storage": 256
  }
},
{
  "model": "myshop.smartcard",
  "pk": 19,
  "fields": {
    "unit_price": 63.99,
    "card_type": "SDXC",
    "speed": "95",
    "product_code": "1018",
    "storage": 512
  }
},
{
  "model": "myshop.smartcard",
  "pk": 20,
  "fields": {
    "unit_price": 11.59,
    "card_type": "SDHC II",
    "speed": "280",
    "product_code": "1019",
    "storage": 16
  }
},
{
  "model": "myshop.smartcard",
  "pk": 21,
  "fields": {
    "unit_price": 15.59,
    "card_type": "SDHC II",
    "speed": "280",
    "product_code": "1020",
    "storage": 16
  }
},
{
  "model": "myshop.smartcard",
  "pk": 22,
  "fields": {
    "unit_price": 21.59,
    "card_type": "SDHC II",
    "speed": "280",
    "product_code": "1021",
    "storage": 64
  }
},
{
  "model": "myshop.smartcard",
  "pk": 23,
  "fields": {
    "unit_price": 8.39,
    "card_type": "micro SDHC",
    "speed": "20",
    "product_code": "1022",
    "storage": 32
  }
},
{
  "model": "myshop.smartcard",
  "pk": 24,
  "fields": {
    "unit_price": 12.89,
    "card_type": "micro SDHC",
    "speed": "20",
    "product_code": "1023",
    "storage": 64
  }
},
{
  "model": "myshop.smartcard",
  "pk": 25,
  "fields": {
    "unit_price": 7.99,
    "card_type": "SDHC",
    "speed": "40",
    "product_code": "1024",
    "storage": 8
  }
},
{
  "model": "myshop.smartcard",
  "pk": 26,
  "fields": {
    "unit_price": 11.99,
    "card_type": "SDHC",
    "speed": "40",
    "product_code": "1025",
    "storage": 16
  }
},
{
  "model": "myshop.smartcard",
  "pk": 27,
  "fields": {
    "unit_price": 16.99,
    "card_type": "SDHC",
    "speed": "40",
    "product_code": "1026",
    "storage": 32
  }
},
{
  "model": "myshop.smartcard",
  "pk": 28,
  "fields": {
    "unit_price": 23.99,
    "card_type": "SDHC",
    "speed": "40",
    "product_code": "1027",
    "storage": 64
  }
},
{
  "model": "myshop.smartcard",
  "pk": 29,
  "fields": {
    "unit_price": 29.99,
    "card_type": "SDHC",
    "speed": "40",
    "product_code": "1028",
    "storage": 128
  }
},
{
  "model": "myshop.smartcard",
  "pk": 40,
  "fields": {
    "unit_price": 9.65,
    "card_type": "SDHC",
    "speed": "48",
    "product_code": "1036",
    "storage": 16
  }
},
{
  "model": "myshop.smartcard",
  "pk": 31,
  "fields": {
    "unit_price": 11.99,
    "card_type": "SDHC",
    "speed": "30",
    "product_code": "1029",
    "storage": 16
  }
},
{
  "model": "myshop.smartcard",
  "pk": 32,
  "fields": {
    "unit_price": 15.99,
    "card_type": "SDHC",
    "speed": "30",
    "product_code": "1030",
    "storage": 32
  }
},
{
  "model": "myshop.smartcard",
  "pk": 36,
  "fields": {
    "unit_price": 18.79,
    "card_type": "micro SDHC",
    "speed": "48",
    "product_code": "1034",
    "storage": 32
  }
},
{
  "model": "myshop.smartcard",
  "pk": 33,
  "fields": {
    "unit_price": 19.99,
    "card_type": "SDXC",
    "speed": "30",
    "product_code": "1031",
    "storage": 64
  }
},
{
  "model": "myshop.smartcard",
  "pk": 34,
  "fields": {
    "unit_price": 7.89,
    "card_type": "micro SDHC",
    "speed": "48",
    "product_code": "1032",
    "storage": 16
  }
},
{
  "model": "myshop.smartcard",
  "pk": 35,
  "fields": {
    "unit_price": 11.79,
    "card_type": "micro SDHC",
    "speed": "48",
    "product_code": "1033",
    "storage": 32
  }
},
{
  "model": "myshop.smartcard",
  "pk": 38,
  "fields": {
    "unit_price": 26.79,
    "card_type": "micro SDHC",
    "speed": "48",
    "product_code": "1035",
    "storage": 128
  }
},
{
  "model": "myshop.smartcard",
  "pk": 41,
  "fields": {
    "unit_price": 12.68,
    "card_type": "SDHC",
    "speed": "48",
    "product_code": "1037",
    "storage": 32
  }
},
{
  "model": "myshop.smartcard",
  "pk": 43,
  "fields": {
    "unit_price": 26.15,
    "card_type": "SDHC",
    "speed": "48",
    "product_code": "1039",
    "storage": 64
  }
},
{
  "model": "myshop.smartcard",
  "pk": 44,
  "fields": {
    "unit_price": 34.55,
    "card_type": "SDXC",
    "speed": "48",
    "product_code": "1040",
    "storage": 128
  }
},
{
  "model": "myshop.operatingsystem",
  "pk": 1,
  "fields": {
    "name": "Android 4.1"
  }
},
{
  "model": "myshop.operatingsystem",
  "pk": 2,
  "fields": {
    "name": "Android 5.0"
  }
},
{
  "model": "myshop.operatingsystem",
  "pk": 3,
  "fields": {
    "name": "Android 2.3"
  }
},
{
  "model": "myshop.operatingsystem",
  "pk": 4,
  "fields": {
    "name": "iOS 7"
  }
},
{
  "model": "myshop.smartphonemodel",
  "pk": 50,
  "fields": {
    "battery_type": 2,
    "battery_capacity": 1900,
    "ram_storage": 2048,
    "wifi_connectivity": 1,
    "bluetooth": 1,
    "gps": true,
    "operating_system": 4,
    "width": "58.6",
    "height": "123.8",
    "weight": "112.0",
    "screen_size": "4.00"
  }
},
{
  "model": "myshop.smartphonemodel",
  "pk": 46,
  "fields": {
    "battery_type": 1,
    "battery_capacity": 2100,
    "ram_storage": 2048,
    "wifi_connectivity": 1,
    "bluetooth": 1,
    "gps": true,
    "operating_system": 1,
    "width": "68.7",
    "height": "133.9",
    "weight": "139.1",
    "screen_size": "4.70"
  }
},
{
  "model": "myshop.smartphonemodel",
  "pk": 47,
  "fields": {
    "battery_type": 2,
    "battery_capacity": 3500,
    "ram_storage": 2048,
    "wifi_connectivity": 1,
    "bluetooth": 1,
    "gps": true,
    "operating_system": 2,
    "width": "73.4",
    "height": "146.8",
    "weight": "170.0",
    "screen_size": "5.10"
  }
},
{
  "model": "myshop.smartphonemodel",
  "pk": 48,
  "fields": {
    "battery_type": 1,
    "battery_capacity": 1450,
    "ram_storage": 1000,
    "wifi_connectivity": 1,
    "bluetooth": 1,
    "gps": true,
    "operating_system": 3,
    "width": "67.3",
    "height": "129.4",
    "weight": "139.0",
    "screen_size": "4.60"
  }
},
{
  "model": "myshop.smartphonemodel",
  "pk": 51,
  "fields": {
    "battery_type": 2,
    "battery_capacity": 1930,
    "ram_storage": 1024,
    "wifi_connectivity": 1,
    "bluetooth": 1,
    "gps": true,
    "operating_system": 3,
    "width": "63.5",
    "height": "117.7",
    "weight": "135.0",
    "screen_size": "4.00"
  }
},
{
  "model": "myshop.smartphonemodel",
  "pk": 45,
  "fields": {
    "battery_type": 2,
    "battery_capacity": 1600,
    "ram_storage": 1024,
    "wifi_connectivity": 1,
    "bluetooth": 1,
    "gps": true,
    "operating_system": 1,
    "width": "63.5",
    "height": "124.4",
    "weight": "127.5",
    "screen_size": "4.00"
  }
},
{
  "model": "myshop.smartphonemodel",
  "pk": 49,
  "fields": {
    "battery_type": 2,
    "battery_capacity": 1520,
    "ram_storage": 2048,
    "wifi_connectivity": 1,
    "bluetooth": 1,
    "gps": true,
    "operating_system": 3,
    "width": "62.0",
    "height": "122.0",
    "weight": "130.0",
    "screen_size": "4.00"
  }
},
{
  "model": "myshop.smartphone",
  "pk": 1,
  "fields": {
    "product": 45,
    "product_code": "1101",
    "unit_price": 139.0,
    "storage": 0
  }
},
{
  "model": "myshop.smartphone",
  "pk": 2,
  "fields": {
    "product": 46,
    "product_code": "1102",
    "unit_price": 399.0,
    "storage": 8192
  }
},
{
  "model": "myshop.smartphone",
  "pk": 3,
  "fields": {
    "product": 46,
    "product_code": "1103",
    "unit_price": 469.0,
    "storage": 16384
  }
},
{
  "model": "myshop.smartphone",
  "pk": 4,
  "fields": {
    "product": 47,
    "product_code": "1121",
    "unit_price": 589.0,
    "storage": 32
  }
},
{
  "model": "myshop.smartphone",
  "pk": 5,
  "fields": {
    "product": 48,
    "product_code": "1131",
    "unit_price": 125.0,
    "storage": 10
  }
},
{
  "model": "myshop.smartphone",
  "pk": 6,
  "fields": {
    "product": 49,
    "product_code": "1141",
    "unit_price": 129.0,
    "storage": 0
  }
},
{
  "model": "myshop.smartphone",
  "pk": 7,
  "fields": {
    "product": 50,
    "product_code": "12016",
    "unit_price": 239.0,
    "storage": 16
  }
},
{
  "model": "myshop.smartphone",
  "pk": 8,
  "fields": {
    "product": 50,
    "product_code": "12032",
    "unit_price": 299.0,
    "storage": 32
  }
},
{
  "model": "myshop.smartphone",
  "pk": 9,
  "fields": {
    "product": 51,
    "product_code": "1204",
    "unit_price": 199.0,
    "storage": 0
  }
},
{
  "model": "myshop.order",
  "pk": 18,
  "fields": {
    "status": "awaiting_payment",
    "currency": "EUR",
    "_subtotal": "13.79",
    "_total": "18.79",
    "created_at": "2016-04-07T13:35:23.314Z",
    "updated_at": "2016-04-07T13:35:23.328Z",
    "extra": "{\"shipping_modifier\":\"postal-shipping\",\"annotation\":\"the door is open\",\"payment_modifier\":\"pay-in-advance\",\"rows\":[[\"cartexcludedtaxmodifier\",{\"amount\":\"\\u20ac 2,20\",\"label\":\"19% VAT incl.\"}],[\"postal-shipping\",{\"amount\":\"\\u20ac 5,00\",\"label\":\"Shipping costs\"}]],\"payment_extra_data\":{}}",
    "stored_request": "{\"absolute_base_uri\":\"http://localhost:8000/\",\"language\":\"de\",\"user_agent\":\"Mozilla/5.0 (Macintosh; Intel Mac OS X 10_10_5) AppleWebKit/537.36 (KHTML, like Gecko) Chrome/51.0.2673.0 Safari/537.36\",\"remote_ip\":\"127.0.0.1\"}",
    "number": 201600001,
    "shipping_address_text": "John Doe\n31 Orwell Road\nL41RG Liverpool\nUnited Kingdom",
    "billing_address_text": "John Doe\n31 Orwell Road\nL41RG Liverpool\nUnited Kingdom",
    "customer": 1
  }
},
{
  "model": "myshop.commodity",
  "pk": 52,
  "fields": {
    "unit_price": 999.0,
    "product_code": "wedding-dress",
    "placeholder": 62
  }
},
{
  "model": "myshop.commodity",
  "pk": 53,
  "fields": {
    "unit_price": 179.0,
    "product_code": "hand-ring",
    "placeholder": 67
  }
}
]
